 op name, start time, total time(us), device type
 /Reshape_output_0(Reshape), 12:05:05.345493, 21, npu_aicore
 netoutput_cast_6(CastT), 12:05:05.345495, 5, npu_aicore
 graphop_data_cast_14(CastT), 12:05:05.345495, 2, npu_aicore
 transdata_for_nd_16(TransData), 12:05:05.345495, 4, npu_aicore
 /model/transformer/h.0/ln_1/LayerNormalization_output_0(LayerNorm), 12:05:05.345496, 5, npu_aicore
 transdata_for_nd_17(TransData), 12:05:05.345496, 4, npu_aicore
 /model/transformer/h.0/attn/c_attn/Reshape_output_0(Reshape), 12:05:05.345496, 2, npu_aicore
 /model/transformer/h.0/attn/c_attn/Gemm_output_0__matmul_converted_MatMul(MatMulV2), 12:05:05.345496, 18, npu_aicore
 /model/transformer/h.0/attn/Split_output_0(SplitD), 12:05:05.345497, 6, npu_aicore
 /model/transformer/h.0/attn/Transpose_1_output_0(Permute), 12:05:05.345497, 2, npu_aicore
 /model/transformer/h.0/attn/Transpose_2_output_0(Permute), 12:05:05.345497, 2, npu_aicore
 /model/transformer/h.0/attn/Transpose_output_0(Permute), 12:05:05.345497, 2, npu_aicore
 /model/transformer/h.0/attn/Mul_1_output_0(Mul), 12:05:05.345498, 2, npu_aicore
 /model/transformer/h.0/attn/Mul_output_0(Mul), 12:05:05.345498, 2, npu_aicore
 /model/transformer/h.0/attn/MatMul_output_0(BatchMatMulV2), 12:05:05.345498, 17, npu_aicore
 /model/transformer/h.0/attn/Add_output_0(Add), 12:05:05.345498, 3, npu_aicore
 /model/transformer/h.0/attn/Softmax_output_0(Softmax), 12:05:05.345499, 3, npu_aicore
 /model/transformer/h.0/attn/MatMul_1_output_0(BatchMatMulV2), 12:05:05.345499, 17, npu_aicore
 /model/transformer/h.0/attn/Transpose_3_output_0(Permute), 12:05:05.345499, 2, npu_aicore
 /model/transformer/h.0/attn/c_proj/Reshape_output_0(Reshape), 12:05:05.345499, 2, npu_aicore
 /model/transformer/h.0/attn/c_proj/Gemm_output_0__matmul_converted_MatMul(MatMulV2), 12:05:05.345500, 17, npu_aicore
 /model/transformer/h.0/Add_output_0(Add), 12:05:05.345500, 1, npu_aicore
 transdata_for_nd_18(TransData), 12:05:05.345500, 4, npu_aicore
 /model/transformer/h.0/ln_2/LayerNormalization_output_0(LayerNorm), 12:05:05.345500, 4, npu_aicore
 transdata_for_nd_19(TransData), 12:05:05.345501, 4, npu_aicore
 /model/transformer/h.0/mlp/c_fc/Reshape_output_0(Reshape), 12:05:05.345501, 2, npu_aicore
 /model/transformer/h.0/mlp/c_fc/Gemm_output_0__matmul_converted_MatMul(MatMulV2), 12:05:05.345501, 17, npu_aicore
 transdata_for_nd_20(TransData), 12:05:05.345502, 4, npu_aicore
 /model/transformer/h.0/mlp/act/Mul_output_0(Mul), 12:05:05.345502, 2, npu_aicore
 /model/transformer/h.0/mlp/act/Pow_output_0(Pow), 12:05:05.345502, 2, npu_aicore
 transdata_for_nd_21(TransData), 12:05:05.345502, 2, npu_aicore
 /model/transformer/h.0/mlp/act/Mul_1_output_0(Mul), 12:05:05.345502, 2, npu_aicore
 /model/transformer/h.0/mlp/act/Add_output_0(Add), 12:05:05.345503, 2, npu_aicore
 /model/transformer/h.0/mlp/act/Mul_2_output_0(Mul), 12:05:05.345503, 2, npu_aicore
 /model/transformer/h.0/mlp/act/Tanh_output_0(Activation), 12:05:05.345503, 1, npu_aicore
 /model/transformer/h.0/mlp/act/Add_1_output_0(Add), 12:05:05.345503, 2, npu_aicore
 /model/transformer/h.0/mlp/act/Mul_3_output_0(Mul), 12:05:05.345504, 2, npu_aicore
 /model/transformer/h.0/mlp/c_proj/Reshape_output_0(Reshape), 12:05:05.345504, 2, npu_aicore
 /model/transformer/h.0/mlp/c_proj/Gemm_output_0__matmul_converted_MatMul(MatMulV2), 12:05:05.345504, 17, npu_aicore
 hidden_block0(Add), 12:05:05.345505, 2, npu_aicore
 netoutput_cast_23(CastT), 12:05:05.345505, 2, npu_aicore
 graphop_data_cast_30(CastT), 12:05:05.345505, 2, npu_aicore
 transdata_for_nd_22(TransData), 12:05:05.345505, 4, npu_aicore
 /model/transformer/h.1/ln_1/LayerNormalization_output_0(LayerNorm), 12:05:05.345505, 4, npu_aicore
 transdata_for_nd_23(TransData), 12:05:05.345505, 4, npu_aicore
 /model/transformer/h.1/attn/c_attn/Reshape_output_0(Reshape), 12:05:05.345506, 2, npu_aicore
 /model/transformer/h.1/attn/c_attn/Gemm_output_0__matmul_converted_MatMul(MatMulV2), 12:05:05.345506, 17, npu_aicore
 /model/transformer/h.1/attn/Split_output_0(SplitD), 12:05:05.345506, 6, npu_aicore
 /model/transformer/h.1/attn/Transpose_1_output_0(Permute), 12:05:05.345506, 2, npu_aicore
 /model/transformer/h.1/attn/Transpose_2_output_0(Permute), 12:05:05.345507, 2, npu_aicore
 /model/transformer/h.1/attn/Transpose_output_0(Permute), 12:05:05.345507, 2, npu_aicore
 /model/transformer/h.1/attn/Mul_1_output_0(Mul), 12:05:05.345507, 2, npu_aicore
 /model/transformer/h.1/attn/Mul_output_0(Mul), 12:05:05.345507, 2, npu_aicore
 /model/transformer/h.1/attn/MatMul_output_0(BatchMatMulV2), 12:05:05.345507, 17, npu_aicore
 /model/transformer/h.1/attn/Add_output_0(Add), 12:05:05.345508, 2, npu_aicore
 /model/transformer/h.1/attn/Softmax_output_0(Softmax), 12:05:05.345508, 3, npu_aicore
 /model/transformer/h.1/attn/MatMul_1_output_0(BatchMatMulV2), 12:05:05.345508, 17, npu_aicore
 /model/transformer/h.1/attn/Transpose_3_output_0(Permute), 12:05:05.345509, 2, npu_aicore
 /model/transformer/h.1/attn/c_proj/Reshape_output_0(Reshape), 12:05:05.345509, 2, npu_aicore
 /model/transformer/h.1/attn/c_proj/Gemm_output_0__matmul_converted_MatMul(MatMulV2), 12:05:05.345509, 17, npu_aicore
 /model/transformer/h.1/Add_output_0(Add), 12:05:05.345509, 2, npu_aicore
 transdata_for_nd_24(TransData), 12:05:05.345510, 4, npu_aicore
 /model/transformer/h.1/ln_2/LayerNormalization_output_0(LayerNorm), 12:05:05.345510, 4, npu_aicore
 transdata_for_nd_25(TransData), 12:05:05.345510, 4, npu_aicore
 /model/transformer/h.1/mlp/c_fc/Reshape_output_0(Reshape), 12:05:05.345510, 2, npu_aicore
 /model/transformer/h.1/mlp/c_fc/Gemm_output_0__matmul_converted_MatMul(MatMulV2), 12:05:05.345511, 17, npu_aicore
 transdata_for_nd_26(TransData), 12:05:05.345511, 4, npu_aicore
 /model/transformer/h.1/mlp/act/Mul_output_0(Mul), 12:05:05.345511, 2, npu_aicore
 /model/transformer/h.1/mlp/act/Pow_output_0(Pow), 12:05:05.345511, 2, npu_aicore
 transdata_for_nd_27(TransData), 12:05:05.345512, 2, npu_aicore
 /model/transformer/h.1/mlp/act/Mul_1_output_0(Mul), 12:05:05.345512, 2, npu_aicore
 /model/transformer/h.1/mlp/act/Add_output_0(Add), 12:05:05.345512, 2, npu_aicore
 /model/transformer/h.1/mlp/act/Mul_2_output_0(Mul), 12:05:05.345512, 2, npu_aicore
 /model/transformer/h.1/mlp/act/Tanh_output_0(Activation), 12:05:05.345513, 2, npu_aicore
 /model/transformer/h.1/mlp/act/Add_1_output_0(Add), 12:05:05.345513, 2, npu_aicore
 /model/transformer/h.1/mlp/act/Mul_3_output_0(Mul), 12:05:05.345513, 2, npu_aicore
 /model/transformer/h.1/mlp/c_proj/Reshape_output_0(Reshape), 12:05:05.345513, 2, npu_aicore
 /model/transformer/h.1/mlp/c_proj/Gemm_output_0__matmul_converted_MatMul(MatMulV2), 12:05:05.345514, 17, npu_aicore
 /model/transformer/h.1/Add_1_output_0(Add), 12:05:05.345514, 2, npu_aicore
 transdata_for_nd_28(TransData), 12:05:05.345514, 4, npu_aicore
 /model/transformer/ln_f/LayerNormalization_output_0(LayerNorm), 12:05:05.345515, 4, npu_aicore
 transdata_for_nd_29(TransData), 12:05:05.345515, 4, npu_aicore
 hidden_block1(Reshape), 12:05:05.345515, 2, npu_aicore
 logits__matmul_converted_MatMul_InReshape(Reshape), 12:05:05.345515, 6, npu_aicore
 logits__matmul_converted_MatMul(MatMulV2), 12:05:05.345516, 420, npu_aicore
 logits(Reshape), 12:05:05.345516, 48, npu_aicore
 /Reshape_output_0(Reshape), 12:05:05.345516, 20, npu_aicore
 netoutput_cast_6(CastT), 12:05:05.345516, 4, npu_aicore
 graphop_data_cast_14(CastT), 12:05:05.345517, 3, npu_aicore
 transdata_for_nd_16(TransData), 12:05:05.345517, 4, npu_aicore
 /model/transformer/h.0/ln_1/LayerNormalization_output_0(LayerNorm), 12:05:05.345517, 4, npu_aicore
 transdata_for_nd_17(TransData), 12:05:05.345517, 4, npu_aicore
 /model/transformer/h.0/attn/c_attn/Reshape_output_0(Reshape), 12:05:05.345517, 2, npu_aicore
 /model/transformer/h.0/attn/c_attn/Gemm_output_0__matmul_converted_MatMul(MatMulV2), 12:05:05.345518, 18, npu_aicore
 /model/transformer/h.0/attn/Split_output_0(SplitD), 12:05:05.345518, 6, npu_aicore
 /model/transformer/h.0/attn/Transpose_1_output_0(Permute), 12:05:05.345518, 2, npu_aicore
 /model/transformer/h.0/attn/Transpose_2_output_0(Permute), 12:05:05.345518, 2, npu_aicore
 /model/transformer/h.0/attn/Transpose_output_0(Permute), 12:05:05.345519, 2, npu_aicore
 /model/transformer/h.0/attn/Mul_1_output_0(Mul), 12:05:05.345519, 2, npu_aicore
 /model/transformer/h.0/attn/Mul_output_0(Mul), 12:05:05.345519, 2, npu_aicore
 /model/transformer/h.0/attn/MatMul_output_0(BatchMatMulV2), 12:05:05.345520, 17, npu_aicore
 /model/transformer/h.0/attn/Add_output_0(Add), 12:05:05.345520, 2, npu_aicore
 /model/transformer/h.0/attn/Softmax_output_0(Softmax), 12:05:05.345520, 3, npu_aicore
 /model/transformer/h.0/attn/MatMul_1_output_0(BatchMatMulV2), 12:05:05.345520, 17, npu_aicore
 /model/transformer/h.0/attn/Transpose_3_output_0(Permute), 12:05:05.345520, 2, npu_aicore
 /model/transformer/h.0/attn/c_proj/Reshape_output_0(Reshape), 12:05:05.345521, 2, npu_aicore
 /model/transformer/h.0/attn/c_proj/Gemm_output_0__matmul_converted_MatMul(MatMulV2), 12:05:05.345521, 17, npu_aicore
 /model/transformer/h.0/Add_output_0(Add), 12:05:05.345521, 2, npu_aicore
 transdata_for_nd_18(TransData), 12:05:05.345522, 4, npu_aicore
 /model/transformer/h.0/ln_2/LayerNormalization_output_0(LayerNorm), 12:05:05.345522, 4, npu_aicore
 transdata_for_nd_19(TransData), 12:05:05.345522, 4, npu_aicore
 /model/transformer/h.0/mlp/c_fc/Reshape_output_0(Reshape), 12:05:05.345522, 2, npu_aicore
 /model/transformer/h.0/mlp/c_fc/Gemm_output_0__matmul_converted_MatMul(MatMulV2), 12:05:05.345523, 17, npu_aicore
 transdata_for_nd_20(TransData), 12:05:05.345523, 4, npu_aicore
 /model/transformer/h.0/mlp/act/Mul_output_0(Mul), 12:05:05.345523, 2, npu_aicore
 /model/transformer/h.0/mlp/act/Pow_output_0(Pow), 12:05:05.345523, 2, npu_aicore
 transdata_for_nd_21(TransData), 12:05:05.345524, 2, npu_aicore
 /model/transformer/h.0/mlp/act/Mul_1_output_0(Mul), 12:05:05.345524, 2, npu_aicore
 /model/transformer/h.0/mlp/act/Add_output_0(Add), 12:05:05.345524, 2, npu_aicore
 /model/transformer/h.0/mlp/act/Mul_2_output_0(Mul), 12:05:05.345524, 2, npu_aicore
 /model/transformer/h.0/mlp/act/Tanh_output_0(Activation), 12:05:05.345525, 2, npu_aicore
 /model/transformer/h.0/mlp/act/Add_1_output_0(Add), 12:05:05.345525, 2, npu_aicore
 /model/transformer/h.0/mlp/act/Mul_3_output_0(Mul), 12:05:05.345525, 2, npu_aicore
 /model/transformer/h.0/mlp/c_proj/Reshape_output_0(Reshape), 12:05:05.345526, 2, npu_aicore
 /model/transformer/h.0/mlp/c_proj/Gemm_output_0__matmul_converted_MatMul(MatMulV2), 12:05:05.345526, 17, npu_aicore
 hidden_block0(Add), 12:05:05.345526, 2, npu_aicore
 netoutput_cast_23(CastT), 12:05:05.345526, 2, npu_aicore
 graphop_data_cast_30(CastT), 12:05:05.345526, 2, npu_aicore
 transdata_for_nd_22(TransData), 12:05:05.345527, 4, npu_aicore
 /model/transformer/h.1/ln_1/LayerNormalization_output_0(LayerNorm), 12:05:05.345527, 4, npu_aicore
 transdata_for_nd_23(TransData), 12:05:05.345527, 4, npu_aicore
 /model/transformer/h.1/attn/c_attn/Reshape_output_0(Reshape), 12:05:05.345527, 2, npu_aicore
 /model/transformer/h.1/attn/c_attn/Gemm_output_0__matmul_converted_MatMul(MatMulV2), 12:05:05.345527, 17, npu_aicore
 /model/transformer/h.1/attn/Split_output_0(SplitD), 12:05:05.345528, 6, npu_aicore
 /model/transformer/h.1/attn/Transpose_1_output_0(Permute), 12:05:05.345528, 2, npu_aicore
 /model/transformer/h.1/attn/Transpose_2_output_0(Permute), 12:05:05.345528, 2, npu_aicore
 /model/transformer/h.1/attn/Transpose_output_0(Permute), 12:05:05.345528, 2, npu_aicore
 /model/transformer/h.1/attn/Mul_1_output_0(Mul), 12:05:05.345529, 2, npu_aicore
 /model/transformer/h.1/attn/Mul_output_0(Mul), 12:05:05.345529, 2, npu_aicore
 /model/transformer/h.1/attn/MatMul_output_0(BatchMatMulV2), 12:05:05.345529, 18, npu_aicore
 /model/transformer/h.1/attn/Add_output_0(Add), 12:05:05.345529, 2, npu_aicore
 /model/transformer/h.1/attn/Softmax_output_0(Softmax), 12:05:05.345530, 3, npu_aicore
 /model/transformer/h.1/attn/MatMul_1_output_0(BatchMatMulV2), 12:05:05.345530, 18, npu_aicore
 /model/transformer/h.1/attn/Transpose_3_output_0(Permute), 12:05:05.345530, 2, npu_aicore
 /model/transformer/h.1/attn/c_proj/Reshape_output_0(Reshape), 12:05:05.345530, 2, npu_aicore
 /model/transformer/h.1/attn/c_proj/Gemm_output_0__matmul_converted_MatMul(MatMulV2), 12:05:05.345531, 17, npu_aicore
 /model/transformer/h.1/Add_output_0(Add), 12:05:05.345531, 2, npu_aicore
 transdata_for_nd_24(TransData), 12:05:05.345531, 4, npu_aicore
 /model/transformer/h.1/ln_2/LayerNormalization_output_0(LayerNorm), 12:05:05.345532, 4, npu_aicore
 transdata_for_nd_25(TransData), 12:05:05.345532, 4, npu_aicore
 /model/transformer/h.1/mlp/c_fc/Reshape_output_0(Reshape), 12:05:05.345532, 2, npu_aicore
 /model/transformer/h.1/mlp/c_fc/Gemm_output_0__matmul_converted_MatMul(MatMulV2), 12:05:05.345532, 17, npu_aicore
 transdata_for_nd_26(TransData), 12:05:05.345532, 4, npu_aicore
 /model/transformer/h.1/mlp/act/Mul_output_0(Mul), 12:05:05.345533, 2, npu_aicore
 /model/transformer/h.1/mlp/act/Pow_output_0(Pow), 12:05:05.345533, 2, npu_aicore
 transdata_for_nd_27(TransData), 12:05:05.345533, 2, npu_aicore
 /model/transformer/h.1/mlp/act/Mul_1_output_0(Mul), 12:05:05.345534, 2, npu_aicore
 /model/transformer/h.1/mlp/act/Add_output_0(Add), 12:05:05.345534, 1, npu_aicore
 /model/transformer/h.1/mlp/act/Mul_2_output_0(Mul), 12:05:05.345534, 1, npu_aicore
 /model/transformer/h.1/mlp/act/Tanh_output_0(Activation), 12:05:05.345534, 1, npu_aicore
 /model/transformer/h.1/mlp/act/Add_1_output_0(Add), 12:05:05.345535, 2, npu_aicore
 /model/transformer/h.1/mlp/act/Mul_3_output_0(Mul), 12:05:05.345535, 2, npu_aicore
 /model/transformer/h.1/mlp/c_proj/Reshape_output_0(Reshape), 12:05:05.345535, 2, npu_aicore
 /model/transformer/h.1/mlp/c_proj/Gemm_output_0__matmul_converted_MatMul(MatMulV2), 12:05:05.345535, 17, npu_aicore
 /model/transformer/h.1/Add_1_output_0(Add), 12:05:05.345536, 2, npu_aicore
 transdata_for_nd_28(TransData), 12:05:05.345536, 4, npu_aicore
 /model/transformer/ln_f/LayerNormalization_output_0(LayerNorm), 12:05:05.345536, 4, npu_aicore
 transdata_for_nd_29(TransData), 12:05:05.345536, 4, npu_aicore
 hidden_block1(Reshape), 12:05:05.345537, 2, npu_aicore
 logits__matmul_converted_MatMul_InReshape(Reshape), 12:05:05.345537, 5, npu_aicore
 logits__matmul_converted_MatMul(MatMulV2), 12:05:05.345537, 420, npu_aicore
 logits(Reshape), 12:05:05.345538, 59, npu_aicore
 /Reshape_output_0(Reshape), 12:05:05.345538, 20, npu_aicore
 netoutput_cast_6(CastT), 12:05:05.345538, 4, npu_aicore
 graphop_data_cast_14(CastT), 12:05:05.345538, 2, npu_aicore
 transdata_for_nd_16(TransData), 12:05:05.345539, 4, npu_aicore
 /model/transformer/h.0/ln_1/LayerNormalization_output_0(LayerNorm), 12:05:05.345539, 4, npu_aicore
 transdata_for_nd_17(TransData), 12:05:05.345539, 4, npu_aicore
 /model/transformer/h.0/attn/c_attn/Reshape_output_0(Reshape), 12:05:05.345539, 2, npu_aicore
 /model/transformer/h.0/attn/c_attn/Gemm_output_0__matmul_converted_MatMul(MatMulV2), 12:05:05.345540, 18, npu_aicore
 /model/transformer/h.0/attn/Split_output_0(SplitD), 12:05:05.345540, 6, npu_aicore
 /model/transformer/h.0/attn/Transpose_1_output_0(Permute), 12:05:05.345540, 2, npu_aicore
 /model/transformer/h.0/attn/Transpose_2_output_0(Permute), 12:05:05.345540, 2, npu_aicore
 /model/transformer/h.0/attn/Transpose_output_0(Permute), 12:05:05.345541, 2, npu_aicore
 /model/transformer/h.0/attn/Mul_1_output_0(Mul), 12:05:05.345541, 2, npu_aicore
 /model/transformer/h.0/attn/Mul_output_0(Mul), 12:05:05.345541, 2, npu_aicore
 /model/transformer/h.0/attn/MatMul_output_0(BatchMatMulV2), 12:05:05.345541, 20, npu_aicore
 /model/transformer/h.0/attn/Add_output_0(Add), 12:05:05.345542, 3, npu_aicore
 /model/transformer/h.0/attn/Softmax_output_0(Softmax), 12:05:05.345542, 3, npu_aicore
 /model/transformer/h.0/attn/MatMul_1_output_0(BatchMatMulV2), 12:05:05.345542, 17, npu_aicore
 /model/transformer/h.0/attn/Transpose_3_output_0(Permute), 12:05:05.345542, 2, npu_aicore
 /model/transformer/h.0/attn/c_proj/Reshape_output_0(Reshape), 12:05:05.345542, 2, npu_aicore
 /model/transformer/h.0/attn/c_proj/Gemm_output_0__matmul_converted_MatMul(MatMulV2), 12:05:05.345543, 17, npu_aicore
 /model/transformer/h.0/Add_output_0(Add), 12:05:05.345543, 2, npu_aicore
 transdata_for_nd_18(TransData), 12:05:05.345543, 4, npu_aicore
 /model/transformer/h.0/ln_2/LayerNormalization_output_0(LayerNorm), 12:05:05.345543, 4, npu_aicore
 transdata_for_nd_19(TransData), 12:05:05.345544, 4, npu_aicore
 /model/transformer/h.0/mlp/c_fc/Reshape_output_0(Reshape), 12:05:05.345544, 2, npu_aicore
 /model/transformer/h.0/mlp/c_fc/Gemm_output_0__matmul_converted_MatMul(MatMulV2), 12:05:05.345544, 17, npu_aicore
 transdata_for_nd_20(TransData), 12:05:05.345544, 4, npu_aicore
 /model/transformer/h.0/mlp/act/Mul_output_0(Mul), 12:05:05.345545, 2, npu_aicore
 /model/transformer/h.0/mlp/act/Pow_output_0(Pow), 12:05:05.345545, 2, npu_aicore
 transdata_for_nd_21(TransData), 12:05:05.345545, 2, npu_aicore
 /model/transformer/h.0/mlp/act/Mul_1_output_0(Mul), 12:05:05.345545, 2, npu_aicore
 /model/transformer/h.0/mlp/act/Add_output_0(Add), 12:05:05.345546, 1, npu_aicore
 /model/transformer/h.0/mlp/act/Mul_2_output_0(Mul), 12:05:05.345546, 2, npu_aicore
 /model/transformer/h.0/mlp/act/Tanh_output_0(Activation), 12:05:05.345546, 1, npu_aicore
 /model/transformer/h.0/mlp/act/Add_1_output_0(Add), 12:05:05.345546, 2, npu_aicore
 /model/transformer/h.0/mlp/act/Mul_3_output_0(Mul), 12:05:05.345547, 2, npu_aicore
 /model/transformer/h.0/mlp/c_proj/Reshape_output_0(Reshape), 12:05:05.345547, 2, npu_aicore
 /model/transformer/h.0/mlp/c_proj/Gemm_output_0__matmul_converted_MatMul(MatMulV2), 12:05:05.345547, 17, npu_aicore
 hidden_block0(Add), 12:05:05.345547, 2, npu_aicore
 netoutput_cast_23(CastT), 12:05:05.345547, 2, npu_aicore
 graphop_data_cast_30(CastT), 12:05:05.345548, 3, npu_aicore
 transdata_for_nd_22(TransData), 12:05:05.345548, 4, npu_aicore
 /model/transformer/h.1/ln_1/LayerNormalization_output_0(LayerNorm), 12:05:05.345548, 4, npu_aicore
 transdata_for_nd_23(TransData), 12:05:05.345548, 4, npu_aicore
 /model/transformer/h.1/attn/c_attn/Reshape_output_0(Reshape), 12:05:05.345549, 2, npu_aicore
 /model/transformer/h.1/attn/c_attn/Gemm_output_0__matmul_converted_MatMul(MatMulV2), 12:05:05.345549, 16, npu_aicore
 /model/transformer/h.1/attn/Split_output_0(SplitD), 12:05:05.345549, 6, npu_aicore
 /model/transformer/h.1/attn/Transpose_1_output_0(Permute), 12:05:05.345550, 2, npu_aicore
 /model/transformer/h.1/attn/Transpose_2_output_0(Permute), 12:05:05.345550, 2, npu_aicore
 /model/transformer/h.1/attn/Transpose_output_0(Permute), 12:05:05.345550, 2, npu_aicore
 /model/transformer/h.1/attn/Mul_1_output_0(Mul), 12:05:05.345550, 2, npu_aicore
 /model/transformer/h.1/attn/Mul_output_0(Mul), 12:05:05.345550, 2, npu_aicore
 /model/transformer/h.1/attn/MatMul_output_0(BatchMatMulV2), 12:05:05.345551, 17, npu_aicore
 /model/transformer/h.1/attn/Add_output_0(Add), 12:05:05.345551, 2, npu_aicore
 /model/transformer/h.1/attn/Softmax_output_0(Softmax), 12:05:05.345551, 3, npu_aicore
 /model/transformer/h.1/attn/MatMul_1_output_0(BatchMatMulV2), 12:05:05.345551, 17, npu_aicore
 /model/transformer/h.1/attn/Transpose_3_output_0(Permute), 12:05:05.345552, 2, npu_aicore
 /model/transformer/h.1/attn/c_proj/Reshape_output_0(Reshape), 12:05:05.345552, 2, npu_aicore
 /model/transformer/h.1/attn/c_proj/Gemm_output_0__matmul_converted_MatMul(MatMulV2), 12:05:05.345552, 17, npu_aicore
 /model/transformer/h.1/Add_output_0(Add), 12:05:05.345552, 2, npu_aicore
 transdata_for_nd_24(TransData), 12:05:05.345553, 5, npu_aicore
 /model/transformer/h.1/ln_2/LayerNormalization_output_0(LayerNorm), 12:05:05.345553, 5, npu_aicore
 transdata_for_nd_25(TransData), 12:05:05.345553, 4, npu_aicore
 /model/transformer/h.1/mlp/c_fc/Reshape_output_0(Reshape), 12:05:05.345554, 2, npu_aicore
 /model/transformer/h.1/mlp/c_fc/Gemm_output_0__matmul_converted_MatMul(MatMulV2), 12:05:05.345554, 17, npu_aicore
 transdata_for_nd_26(TransData), 12:05:05.345554, 4, npu_aicore
 /model/transformer/h.1/mlp/act/Mul_output_0(Mul), 12:05:05.345554, 2, npu_aicore
 /model/transformer/h.1/mlp/act/Pow_output_0(Pow), 12:05:05.345554, 2, npu_aicore
 transdata_for_nd_27(TransData), 12:05:05.345555, 2, npu_aicore
 /model/transformer/h.1/mlp/act/Mul_1_output_0(Mul), 12:05:05.345555, 2, npu_aicore
 /model/transformer/h.1/mlp/act/Add_output_0(Add), 12:05:05.345555, 2, npu_aicore
 /model/transformer/h.1/mlp/act/Mul_2_output_0(Mul), 12:05:05.345555, 2, npu_aicore
 /model/transformer/h.1/mlp/act/Tanh_output_0(Activation), 12:05:05.345555, 2, npu_aicore
 /model/transformer/h.1/mlp/act/Add_1_output_0(Add), 12:05:05.345556, 1, npu_aicore
 /model/transformer/h.1/mlp/act/Mul_3_output_0(Mul), 12:05:05.345556, 2, npu_aicore
 /model/transformer/h.1/mlp/c_proj/Reshape_output_0(Reshape), 12:05:05.345556, 2, npu_aicore
 /model/transformer/h.1/mlp/c_proj/Gemm_output_0__matmul_converted_MatMul(MatMulV2), 12:05:05.345557, 17, npu_aicore
 /model/transformer/h.1/Add_1_output_0(Add), 12:05:05.345557, 2, npu_aicore
 transdata_for_nd_28(TransData), 12:05:05.345557, 4, npu_aicore
 /model/transformer/ln_f/LayerNormalization_output_0(LayerNorm), 12:05:05.345557, 4, npu_aicore
 transdata_for_nd_29(TransData), 12:05:05.345557, 4, npu_aicore
 hidden_block1(Reshape), 12:05:05.345557, 2, npu_aicore
 logits__matmul_converted_MatMul_InReshape(Reshape), 12:05:05.345558, 6, npu_aicore
 logits__matmul_converted_MatMul(MatMulV2), 12:05:05.345558, 420, npu_aicore
 logits(Reshape), 12:05:05.345558, 49, npu_aicore
 /Reshape_output_0(Reshape), 12:05:05.345558, 20, npu_aicore
 netoutput_cast_6(CastT), 12:05:05.345558, 4, npu_aicore
 graphop_data_cast_14(CastT), 12:05:05.345559, 2, npu_aicore
 transdata_for_nd_16(TransData), 12:05:05.345559, 4, npu_aicore
 /model/transformer/h.0/ln_1/LayerNormalization_output_0(LayerNorm), 12:05:05.345559, 4, npu_aicore
 transdata_for_nd_17(TransData), 12:05:05.345560, 4, npu_aicore
 /model/transformer/h.0/attn/c_attn/Reshape_output_0(Reshape), 12:05:05.345560, 2, npu_aicore
 /model/transformer/h.0/attn/c_attn/Gemm_output_0__matmul_converted_MatMul(MatMulV2), 12:05:05.345560, 20, npu_aicore
 /model/transformer/h.0/attn/Split_output_0(SplitD), 12:05:05.345560, 7, npu_aicore
 /model/transformer/h.0/attn/Transpose_1_output_0(Permute), 12:05:05.345561, 2, npu_aicore
 /model/transformer/h.0/attn/Transpose_2_output_0(Permute), 12:05:05.345561, 2, npu_aicore
 /model/transformer/h.0/attn/Transpose_output_0(Permute), 12:05:05.345561, 2, npu_aicore
 /model/transformer/h.0/attn/Mul_1_output_0(Mul), 12:05:05.345562, 2, npu_aicore
 /model/transformer/h.0/attn/Mul_output_0(Mul), 12:05:05.345562, 2, npu_aicore
 /model/transformer/h.0/attn/MatMul_output_0(BatchMatMulV2), 12:05:05.345562, 17, npu_aicore
 /model/transformer/h.0/attn/Add_output_0(Add), 12:05:05.345562, 2, npu_aicore
 /model/transformer/h.0/attn/Softmax_output_0(Softmax), 12:05:05.345562, 3, npu_aicore
 /model/transformer/h.0/attn/MatMul_1_output_0(BatchMatMulV2), 12:05:05.345563, 17, npu_aicore
 /model/transformer/h.0/attn/Transpose_3_output_0(Permute), 12:05:05.345563, 2, npu_aicore
 /model/transformer/h.0/attn/c_proj/Reshape_output_0(Reshape), 12:05:05.345563, 2, npu_aicore
 /model/transformer/h.0/attn/c_proj/Gemm_output_0__matmul_converted_MatMul(MatMulV2), 12:05:05.345563, 17, npu_aicore
 /model/transformer/h.0/Add_output_0(Add), 12:05:05.345564, 2, npu_aicore
 transdata_for_nd_18(TransData), 12:05:05.345564, 4, npu_aicore
 /model/transformer/h.0/ln_2/LayerNormalization_output_0(LayerNorm), 12:05:05.345564, 4, npu_aicore
 transdata_for_nd_19(TransData), 12:05:05.345565, 4, npu_aicore
 /model/transformer/h.0/mlp/c_fc/Reshape_output_0(Reshape), 12:05:05.345565, 2, npu_aicore
 /model/transformer/h.0/mlp/c_fc/Gemm_output_0__matmul_converted_MatMul(MatMulV2), 12:05:05.345565, 17, npu_aicore
 transdata_for_nd_20(TransData), 12:05:05.345565, 4, npu_aicore
 /model/transformer/h.0/mlp/act/Mul_output_0(Mul), 12:05:05.345565, 2, npu_aicore
 /model/transformer/h.0/mlp/act/Pow_output_0(Pow), 12:05:05.345565, 2, npu_aicore
 transdata_for_nd_21(TransData), 12:05:05.345566, 2, npu_aicore
 /model/transformer/h.0/mlp/act/Mul_1_output_0(Mul), 12:05:05.345566, 2, npu_aicore
 /model/transformer/h.0/mlp/act/Add_output_0(Add), 12:05:05.345566, 2, npu_aicore
 /model/transformer/h.0/mlp/act/Mul_2_output_0(Mul), 12:05:05.345567, 2, npu_aicore
 /model/transformer/h.0/mlp/act/Tanh_output_0(Activation), 12:05:05.345567, 1, npu_aicore
 /model/transformer/h.0/mlp/act/Add_1_output_0(Add), 12:05:05.345567, 2, npu_aicore
 /model/transformer/h.0/mlp/act/Mul_3_output_0(Mul), 12:05:05.345567, 2, npu_aicore
 /model/transformer/h.0/mlp/c_proj/Reshape_output_0(Reshape), 12:05:05.345568, 2, npu_aicore
 /model/transformer/h.0/mlp/c_proj/Gemm_output_0__matmul_converted_MatMul(MatMulV2), 12:05:05.345568, 17, npu_aicore
 hidden_block0(Add), 12:05:05.345568, 2, npu_aicore
 netoutput_cast_23(CastT), 12:05:05.345568, 2, npu_aicore
 graphop_data_cast_30(CastT), 12:05:05.345568, 2, npu_aicore
 transdata_for_nd_22(TransData), 12:05:05.345569, 4, npu_aicore
 /model/transformer/h.1/ln_1/LayerNormalization_output_0(LayerNorm), 12:05:05.345569, 4, npu_aicore
 transdata_for_nd_23(TransData), 12:05:05.345569, 4, npu_aicore
 /model/transformer/h.1/attn/c_attn/Reshape_output_0(Reshape), 12:05:05.345569, 2, npu_aicore
 /model/transformer/h.1/attn/c_attn/Gemm_output_0__matmul_converted_MatMul(MatMulV2), 12:05:05.345570, 16, npu_aicore
 /model/transformer/h.1/attn/Split_output_0(SplitD), 12:05:05.345570, 6, npu_aicore
 /model/transformer/h.1/attn/Transpose_1_output_0(Permute), 12:05:05.345570, 2, npu_aicore
 /model/transformer/h.1/attn/Transpose_2_output_0(Permute), 12:05:05.345570, 2, npu_aicore
 /model/transformer/h.1/attn/Transpose_output_0(Permute), 12:05:05.345571, 2, npu_aicore
 /model/transformer/h.1/attn/Mul_1_output_0(Mul), 12:05:05.345571, 2, npu_aicore
 /model/transformer/h.1/attn/Mul_output_0(Mul), 12:05:05.345571, 2, npu_aicore
 /model/transformer/h.1/attn/MatMul_output_0(BatchMatMulV2), 12:05:05.345571, 17, npu_aicore
 /model/transformer/h.1/attn/Add_output_0(Add), 12:05:05.345572, 2, npu_aicore
 /model/transformer/h.1/attn/Softmax_output_0(Softmax), 12:05:05.345572, 3, npu_aicore
 /model/transformer/h.1/attn/MatMul_1_output_0(BatchMatMulV2), 12:05:05.345572, 17, npu_aicore
 /model/transformer/h.1/attn/Transpose_3_output_0(Permute), 12:05:05.345572, 2, npu_aicore
 /model/transformer/h.1/attn/c_proj/Reshape_output_0(Reshape), 12:05:05.345573, 2, npu_aicore
 /model/transformer/h.1/attn/c_proj/Gemm_output_0__matmul_converted_MatMul(MatMulV2), 12:05:05.345573, 17, npu_aicore
 /model/transformer/h.1/Add_output_0(Add), 12:05:05.345573, 2, npu_aicore
 transdata_for_nd_24(TransData), 12:05:05.345573, 5, npu_aicore
 /model/transformer/h.1/ln_2/LayerNormalization_output_0(LayerNorm), 12:05:05.345574, 4, npu_aicore
 transdata_for_nd_25(TransData), 12:05:05.345574, 4, npu_aicore
 /model/transformer/h.1/mlp/c_fc/Reshape_output_0(Reshape), 12:05:05.345574, 2, npu_aicore
 /model/transformer/h.1/mlp/c_fc/Gemm_output_0__matmul_converted_MatMul(MatMulV2), 12:05:05.345574, 17, npu_aicore
 transdata_for_nd_26(TransData), 12:05:05.345575, 4, npu_aicore
 /model/transformer/h.1/mlp/act/Mul_output_0(Mul), 12:05:05.345575, 2, npu_aicore
 /model/transformer/h.1/mlp/act/Pow_output_0(Pow), 12:05:05.345575, 2, npu_aicore
 transdata_for_nd_27(TransData), 12:05:05.345576, 2, npu_aicore
 /model/transformer/h.1/mlp/act/Mul_1_output_0(Mul), 12:05:05.345576, 2, npu_aicore
 /model/transformer/h.1/mlp/act/Add_output_0(Add), 12:05:05.345576, 2, npu_aicore
 /model/transformer/h.1/mlp/act/Mul_2_output_0(Mul), 12:05:05.345576, 2, npu_aicore
 /model/transformer/h.1/mlp/act/Tanh_output_0(Activation), 12:05:05.345577, 1, npu_aicore
 /model/transformer/h.1/mlp/act/Add_1_output_0(Add), 12:05:05.345577, 2, npu_aicore
 /model/transformer/h.1/mlp/act/Mul_3_output_0(Mul), 12:05:05.345577, 2, npu_aicore
 /model/transformer/h.1/mlp/c_proj/Reshape_output_0(Reshape), 12:05:05.345578, 2, npu_aicore
 /model/transformer/h.1/mlp/c_proj/Gemm_output_0__matmul_converted_MatMul(MatMulV2), 12:05:05.345578, 16, npu_aicore
 /model/transformer/h.1/Add_1_output_0(Add), 12:05:05.345578, 1, npu_aicore
 transdata_for_nd_28(TransData), 12:05:05.345578, 4, npu_aicore
 /model/transformer/ln_f/LayerNormalization_output_0(LayerNorm), 12:05:05.345579, 4, npu_aicore
 transdata_for_nd_29(TransData), 12:05:05.345579, 4, npu_aicore
 hidden_block1(Reshape), 12:05:05.345579, 2, npu_aicore
 logits__matmul_converted_MatMul_InReshape(Reshape), 12:05:05.345580, 5, npu_aicore
 logits__matmul_converted_MatMul(MatMulV2), 12:05:05.345580, 420, npu_aicore
 logits(Reshape), 12:05:05.345580, 48, npu_aicore
 /Reshape_output_0(Reshape), 12:05:05.345580, 20, npu_aicore
 netoutput_cast_6(CastT), 12:05:05.345581, 4, npu_aicore
 graphop_data_cast_14(CastT), 12:05:05.345581, 2, npu_aicore
 transdata_for_nd_16(TransData), 12:05:05.345581, 4, npu_aicore
 /model/transformer/h.0/ln_1/LayerNormalization_output_0(LayerNorm), 12:05:05.345581, 4, npu_aicore
 transdata_for_nd_17(TransData), 12:05:05.345581, 4, npu_aicore
 /model/transformer/h.0/attn/c_attn/Reshape_output_0(Reshape), 12:05:05.345582, 2, npu_aicore
 /model/transformer/h.0/attn/c_attn/Gemm_output_0__matmul_converted_MatMul(MatMulV2), 12:05:05.345582, 17, npu_aicore
 /model/transformer/h.0/attn/Split_output_0(SplitD), 12:05:05.345582, 6, npu_aicore
 /model/transformer/h.0/attn/Transpose_1_output_0(Permute), 12:05:05.345582, 2, npu_aicore
 /model/transformer/h.0/attn/Transpose_2_output_0(Permute), 12:05:05.345582, 2, npu_aicore
 /model/transformer/h.0/attn/Transpose_output_0(Permute), 12:05:05.345583, 2, npu_aicore
 /model/transformer/h.0/attn/Mul_1_output_0(Mul), 12:05:05.345583, 2, npu_aicore
 /model/transformer/h.0/attn/Mul_output_0(Mul), 12:05:05.345583, 2, npu_aicore
 /model/transformer/h.0/attn/MatMul_output_0(BatchMatMulV2), 12:05:05.345584, 17, npu_aicore
 /model/transformer/h.0/attn/Add_output_0(Add), 12:05:05.345584, 2, npu_aicore
 /model/transformer/h.0/attn/Softmax_output_0(Softmax), 12:05:05.345584, 3, npu_aicore
 /model/transformer/h.0/attn/MatMul_1_output_0(BatchMatMulV2), 12:05:05.345585, 17, npu_aicore
 /model/transformer/h.0/attn/Transpose_3_output_0(Permute), 12:05:05.345585, 2, npu_aicore
 /model/transformer/h.0/attn/c_proj/Reshape_output_0(Reshape), 12:05:05.345585, 2, npu_aicore
 /model/transformer/h.0/attn/c_proj/Gemm_output_0__matmul_converted_MatMul(MatMulV2), 12:05:05.345585, 17, npu_aicore
 /model/transformer/h.0/Add_output_0(Add), 12:05:05.345585, 2, npu_aicore
 transdata_for_nd_18(TransData), 12:05:05.345586, 4, npu_aicore
 /model/transformer/h.0/ln_2/LayerNormalization_output_0(LayerNorm), 12:05:05.345586, 4, npu_aicore
 transdata_for_nd_19(TransData), 12:05:05.345586, 4, npu_aicore
 /model/transformer/h.0/mlp/c_fc/Reshape_output_0(Reshape), 12:05:05.345586, 2, npu_aicore
 /model/transformer/h.0/mlp/c_fc/Gemm_output_0__matmul_converted_MatMul(MatMulV2), 12:05:05.345587, 17, npu_aicore
 transdata_for_nd_20(TransData), 12:05:05.345587, 4, npu_aicore
 /model/transformer/h.0/mlp/act/Mul_output_0(Mul), 12:05:05.345587, 2, npu_aicore
 /model/transformer/h.0/mlp/act/Pow_output_0(Pow), 12:05:05.345587, 2, npu_aicore
 transdata_for_nd_21(TransData), 12:05:05.345588, 2, npu_aicore
 /model/transformer/h.0/mlp/act/Mul_1_output_0(Mul), 12:05:05.345588, 2, npu_aicore
 /model/transformer/h.0/mlp/act/Add_output_0(Add), 12:05:05.345588, 2, npu_aicore
 /model/transformer/h.0/mlp/act/Mul_2_output_0(Mul), 12:05:05.345588, 2, npu_aicore
 /model/transformer/h.0/mlp/act/Tanh_output_0(Activation), 12:05:05.345589, 1, npu_aicore
 /model/transformer/h.0/mlp/act/Add_1_output_0(Add), 12:05:05.345589, 1, npu_aicore
 /model/transformer/h.0/mlp/act/Mul_3_output_0(Mul), 12:05:05.345589, 2, npu_aicore
 /model/transformer/h.0/mlp/c_proj/Reshape_output_0(Reshape), 12:05:05.345590, 2, npu_aicore
 /model/transformer/h.0/mlp/c_proj/Gemm_output_0__matmul_converted_MatMul(MatMulV2), 12:05:05.345590, 17, npu_aicore
 hidden_block0(Add), 12:05:05.345590, 1, npu_aicore
 netoutput_cast_23(CastT), 12:05:05.345590, 2, npu_aicore
 graphop_data_cast_30(CastT), 12:05:05.345590, 2, npu_aicore
 transdata_for_nd_22(TransData), 12:05:05.345590, 4, npu_aicore
 /model/transformer/h.1/ln_1/LayerNormalization_output_0(LayerNorm), 12:05:05.345591, 4, npu_aicore
 transdata_for_nd_23(TransData), 12:05:05.345591, 4, npu_aicore
 /model/transformer/h.1/attn/c_attn/Reshape_output_0(Reshape), 12:05:05.345591, 2, npu_aicore
 /model/transformer/h.1/attn/c_attn/Gemm_output_0__matmul_converted_MatMul(MatMulV2), 12:05:05.345591, 17, npu_aicore
 /model/transformer/h.1/attn/Split_output_0(SplitD), 12:05:05.345592, 5, npu_aicore
 /model/transformer/h.1/attn/Transpose_1_output_0(Permute), 12:05:05.345592, 2, npu_aicore
 /model/transformer/h.1/attn/Transpose_2_output_0(Permute), 12:05:05.345592, 2, npu_aicore
 /model/transformer/h.1/attn/Transpose_output_0(Permute), 12:05:05.345592, 2, npu_aicore
 /model/transformer/h.1/attn/Mul_1_output_0(Mul), 12:05:05.345593, 2, npu_aicore
 /model/transformer/h.1/attn/Mul_output_0(Mul), 12:05:05.345593, 2, npu_aicore
 /model/transformer/h.1/attn/MatMul_output_0(BatchMatMulV2), 12:05:05.345593, 17, npu_aicore
 /model/transformer/h.1/attn/Add_output_0(Add), 12:05:05.345593, 2, npu_aicore
 /model/transformer/h.1/attn/Softmax_output_0(Softmax), 12:05:05.345594, 3, npu_aicore
 /model/transformer/h.1/attn/MatMul_1_output_0(BatchMatMulV2), 12:05:05.345594, 17, npu_aicore
 /model/transformer/h.1/attn/Transpose_3_output_0(Permute), 12:05:05.345594, 2, npu_aicore
 /model/transformer/h.1/attn/c_proj/Reshape_output_0(Reshape), 12:05:05.345595, 2, npu_aicore
 /model/transformer/h.1/attn/c_proj/Gemm_output_0__matmul_converted_MatMul(MatMulV2), 12:05:05.345595, 17, npu_aicore
 /model/transformer/h.1/Add_output_0(Add), 12:05:05.345595, 1, npu_aicore
 transdata_for_nd_24(TransData), 12:05:05.345595, 4, npu_aicore
 /model/transformer/h.1/ln_2/LayerNormalization_output_0(LayerNorm), 12:05:05.345596, 4, npu_aicore
 transdata_for_nd_25(TransData), 12:05:05.345596, 4, npu_aicore
 /model/transformer/h.1/mlp/c_fc/Reshape_output_0(Reshape), 12:05:05.345596, 2, npu_aicore
 /model/transformer/h.1/mlp/c_fc/Gemm_output_0__matmul_converted_MatMul(MatMulV2), 12:05:05.345596, 17, npu_aicore
 transdata_for_nd_26(TransData), 12:05:05.345597, 4, npu_aicore
 /model/transformer/h.1/mlp/act/Mul_output_0(Mul), 12:05:05.345597, 2, npu_aicore
 /model/transformer/h.1/mlp/act/Pow_output_0(Pow), 12:05:05.345597, 2, npu_aicore
 transdata_for_nd_27(TransData), 12:05:05.345597, 2, npu_aicore
 /model/transformer/h.1/mlp/act/Mul_1_output_0(Mul), 12:05:05.345598, 2, npu_aicore
 /model/transformer/h.1/mlp/act/Add_output_0(Add), 12:05:05.345598, 2, npu_aicore
 /model/transformer/h.1/mlp/act/Mul_2_output_0(Mul), 12:05:05.345598, 2, npu_aicore
 /model/transformer/h.1/mlp/act/Tanh_output_0(Activation), 12:05:05.345598, 1, npu_aicore
 /model/transformer/h.1/mlp/act/Add_1_output_0(Add), 12:05:05.345599, 2, npu_aicore
 /model/transformer/h.1/mlp/act/Mul_3_output_0(Mul), 12:05:05.345599, 2, npu_aicore
 /model/transformer/h.1/mlp/c_proj/Reshape_output_0(Reshape), 12:05:05.345599, 2, npu_aicore
 /model/transformer/h.1/mlp/c_proj/Gemm_output_0__matmul_converted_MatMul(MatMulV2), 12:05:05.345600, 16, npu_aicore
 /model/transformer/h.1/Add_1_output_0(Add), 12:05:05.345600, 1, npu_aicore
 transdata_for_nd_28(TransData), 12:05:05.345600, 4, npu_aicore
 /model/transformer/ln_f/LayerNormalization_output_0(LayerNorm), 12:05:05.345600, 4, npu_aicore
 transdata_for_nd_29(TransData), 12:05:05.345601, 4, npu_aicore
 hidden_block1(Reshape), 12:05:05.345601, 2, npu_aicore
 logits__matmul_converted_MatMul_InReshape(Reshape), 12:05:05.345601, 5, npu_aicore
 logits__matmul_converted_MatMul(MatMulV2), 12:05:05.345602, 420, npu_aicore
 logits(Reshape), 12:05:05.345602, 48, npu_aicore
 /Reshape_output_0(Reshape), 12:05:05.345602, 20, npu_aicore
 netoutput_cast_6(CastT), 12:05:05.345602, 4, npu_aicore
 graphop_data_cast_14(CastT), 12:05:05.345602, 2, npu_aicore
 transdata_for_nd_16(TransData), 12:05:05.345602, 4, npu_aicore
 /model/transformer/h.0/ln_1/LayerNormalization_output_0(LayerNorm), 12:05:05.345603, 4, npu_aicore
 transdata_for_nd_17(TransData), 12:05:05.345603, 4, npu_aicore
 /model/transformer/h.0/attn/c_attn/Reshape_output_0(Reshape), 12:05:05.345603, 2, npu_aicore
 /model/transformer/h.0/attn/c_attn/Gemm_output_0__matmul_converted_MatMul(MatMulV2), 12:05:05.345604, 19, npu_aicore
 /model/transformer/h.0/attn/Split_output_0(SplitD), 12:05:05.345604, 6, npu_aicore
 /model/transformer/h.0/attn/Transpose_1_output_0(Permute), 12:05:05.345604, 2, npu_aicore
 /model/transformer/h.0/attn/Transpose_2_output_0(Permute), 12:05:05.345604, 2, npu_aicore
 /model/transformer/h.0/attn/Transpose_output_0(Permute), 12:05:05.345605, 2, npu_aicore
 /model/transformer/h.0/attn/Mul_1_output_0(Mul), 12:05:05.345605, 2, npu_aicore
 /model/transformer/h.0/attn/Mul_output_0(Mul), 12:05:05.345605, 2, npu_aicore
 /model/transformer/h.0/attn/MatMul_output_0(BatchMatMulV2), 12:05:05.345605, 17, npu_aicore
 /model/transformer/h.0/attn/Add_output_0(Add), 12:05:05.345606, 2, npu_aicore
 /model/transformer/h.0/attn/Softmax_output_0(Softmax), 12:05:05.345606, 3, npu_aicore
 /model/transformer/h.0/attn/MatMul_1_output_0(BatchMatMulV2), 12:05:05.345606, 17, npu_aicore
 /model/transformer/h.0/attn/Transpose_3_output_0(Permute), 12:05:05.345606, 2, npu_aicore
 /model/transformer/h.0/attn/c_proj/Reshape_output_0(Reshape), 12:05:05.345606, 2, npu_aicore
 /model/transformer/h.0/attn/c_proj/Gemm_output_0__matmul_converted_MatMul(MatMulV2), 12:05:05.345607, 17, npu_aicore
 /model/transformer/h.0/Add_output_0(Add), 12:05:05.345607, 2, npu_aicore
 transdata_for_nd_18(TransData), 12:05:05.345607, 4, npu_aicore
 /model/transformer/h.0/ln_2/LayerNormalization_output_0(LayerNorm), 12:05:05.345607, 4, npu_aicore
 transdata_for_nd_19(TransData), 12:05:05.345608, 4, npu_aicore
 /model/transformer/h.0/mlp/c_fc/Reshape_output_0(Reshape), 12:05:05.345608, 2, npu_aicore
 /model/transformer/h.0/mlp/c_fc/Gemm_output_0__matmul_converted_MatMul(MatMulV2), 12:05:05.345608, 16, npu_aicore
 transdata_for_nd_20(TransData), 12:05:05.345609, 5, npu_aicore
 /model/transformer/h.0/mlp/act/Mul_output_0(Mul), 12:05:05.345609, 2, npu_aicore
 /model/transformer/h.0/mlp/act/Pow_output_0(Pow), 12:05:05.345609, 2, npu_aicore
 transdata_for_nd_21(TransData), 12:05:05.345609, 3, npu_aicore
 /model/transformer/h.0/mlp/act/Mul_1_output_0(Mul), 12:05:05.345609, 2, npu_aicore
 /model/transformer/h.0/mlp/act/Add_output_0(Add), 12:05:05.345610, 2, npu_aicore
 /model/transformer/h.0/mlp/act/Mul_2_output_0(Mul), 12:05:05.345610, 2, npu_aicore
 /model/transformer/h.0/mlp/act/Tanh_output_0(Activation), 12:05:05.345610, 1, npu_aicore
 /model/transformer/h.0/mlp/act/Add_1_output_0(Add), 12:05:05.345610, 2, npu_aicore
 /model/transformer/h.0/mlp/act/Mul_3_output_0(Mul), 12:05:05.345610, 2, npu_aicore
 /model/transformer/h.0/mlp/c_proj/Reshape_output_0(Reshape), 12:05:05.345611, 2, npu_aicore
 /model/transformer/h.0/mlp/c_proj/Gemm_output_0__matmul_converted_MatMul(MatMulV2), 12:05:05.345611, 17, npu_aicore
 hidden_block0(Add), 12:05:05.345611, 1, npu_aicore
 netoutput_cast_23(CastT), 12:05:05.345612, 2, npu_aicore
 graphop_data_cast_30(CastT), 12:05:05.345612, 2, npu_aicore
 transdata_for_nd_22(TransData), 12:05:05.345612, 4, npu_aicore
 /model/transformer/h.1/ln_1/LayerNormalization_output_0(LayerNorm), 12:05:05.345612, 4, npu_aicore
 transdata_for_nd_23(TransData), 12:05:05.345613, 4, npu_aicore
 /model/transformer/h.1/attn/c_attn/Reshape_output_0(Reshape), 12:05:05.345613, 2, npu_aicore
 /model/transformer/h.1/attn/c_attn/Gemm_output_0__matmul_converted_MatMul(MatMulV2), 12:05:05.345613, 16, npu_aicore
 /model/transformer/h.1/attn/Split_output_0(SplitD), 12:05:05.345613, 5, npu_aicore
 /model/transformer/h.1/attn/Transpose_1_output_0(Permute), 12:05:05.345613, 2, npu_aicore
 /model/transformer/h.1/attn/Transpose_2_output_0(Permute), 12:05:05.345614, 2, npu_aicore
 /model/transformer/h.1/attn/Transpose_output_0(Permute), 12:05:05.345614, 2, npu_aicore
 /model/transformer/h.1/attn/Mul_1_output_0(Mul), 12:05:05.345615, 2, npu_aicore
 /model/transformer/h.1/attn/Mul_output_0(Mul), 12:05:05.345615, 1, npu_aicore
 /model/transformer/h.1/attn/MatMul_output_0(BatchMatMulV2), 12:05:05.345615, 17, npu_aicore
 /model/transformer/h.1/attn/Add_output_0(Add), 12:05:05.345615, 2, npu_aicore
 /model/transformer/h.1/attn/Softmax_output_0(Softmax), 12:05:05.345616, 3, npu_aicore
 /model/transformer/h.1/attn/MatMul_1_output_0(BatchMatMulV2), 12:05:05.345616, 17, npu_aicore
 /model/transformer/h.1/attn/Transpose_3_output_0(Permute), 12:05:05.345616, 2, npu_aicore
 /model/transformer/h.1/attn/c_proj/Reshape_output_0(Reshape), 12:05:05.345616, 2, npu_aicore
 /model/transformer/h.1/attn/c_proj/Gemm_output_0__matmul_converted_MatMul(MatMulV2), 12:05:05.345617, 17, npu_aicore
 /model/transformer/h.1/Add_output_0(Add), 12:05:05.345617, 2, npu_aicore
 transdata_for_nd_24(TransData), 12:05:05.345617, 4, npu_aicore
 /model/transformer/h.1/ln_2/LayerNormalization_output_0(LayerNorm), 12:05:05.345617, 4, npu_aicore
 transdata_for_nd_25(TransData), 12:05:05.345617, 4, npu_aicore
 /model/transformer/h.1/mlp/c_fc/Reshape_output_0(Reshape), 12:05:05.345618, 2, npu_aicore
 /model/transformer/h.1/mlp/c_fc/Gemm_output_0__matmul_converted_MatMul(MatMulV2), 12:05:05.345618, 31, npu_aicore
 transdata_for_nd_26(TransData), 12:05:05.345618, 5, npu_aicore
 /model/transformer/h.1/mlp/act/Mul_output_0(Mul), 12:05:05.345618, 2, npu_aicore
 /model/transformer/h.1/mlp/act/Pow_output_0(Pow), 12:05:05.345619, 2, npu_aicore
 transdata_for_nd_27(TransData), 12:05:05.345619, 3, npu_aicore
 /model/transformer/h.1/mlp/act/Mul_1_output_0(Mul), 12:05:05.345619, 2, npu_aicore
 /model/transformer/h.1/mlp/act/Add_output_0(Add), 12:05:05.345619, 2, npu_aicore
 /model/transformer/h.1/mlp/act/Mul_2_output_0(Mul), 12:05:05.345620, 2, npu_aicore
 /model/transformer/h.1/mlp/act/Tanh_output_0(Activation), 12:05:05.345620, 1, npu_aicore
 /model/transformer/h.1/mlp/act/Add_1_output_0(Add), 12:05:05.345620, 2, npu_aicore
 /model/transformer/h.1/mlp/act/Mul_3_output_0(Mul), 12:05:05.345620, 2, npu_aicore
 /model/transformer/h.1/mlp/c_proj/Reshape_output_0(Reshape), 12:05:05.345621, 2, npu_aicore
 /model/transformer/h.1/mlp/c_proj/Gemm_output_0__matmul_converted_MatMul(MatMulV2), 12:05:05.345621, 18, npu_aicore
 /model/transformer/h.1/Add_1_output_0(Add), 12:05:05.345621, 2, npu_aicore
 transdata_for_nd_28(TransData), 12:05:05.345621, 4, npu_aicore
 /model/transformer/ln_f/LayerNormalization_output_0(LayerNorm), 12:05:05.345621, 4, npu_aicore
 transdata_for_nd_29(TransData), 12:05:05.345622, 4, npu_aicore
 hidden_block1(Reshape), 12:05:05.345622, 2, npu_aicore
 logits__matmul_converted_MatMul_InReshape(Reshape), 12:05:05.345622, 5, npu_aicore
 logits__matmul_converted_MatMul(MatMulV2), 12:05:05.345622, 421, npu_aicore
 logits(Reshape), 12:05:05.345622, 52, npu_aicore
 /Reshape_output_0(Reshape), 12:05:05.355711, 20, npu_aicore
 netoutput_cast_6(CastT), 12:05:05.355712, 5, npu_aicore
 graphop_data_cast_14(CastT), 12:05:05.355712, 3, npu_aicore
 transdata_for_nd_16(TransData), 12:05:05.355712, 4, npu_aicore
 /model/transformer/h.0/ln_1/LayerNormalization_output_0(LayerNorm), 12:05:05.355713, 4, npu_aicore
 transdata_for_nd_17(TransData), 12:05:05.355713, 4, npu_aicore
 /model/transformer/h.0/attn/c_attn/Reshape_output_0(Reshape), 12:05:05.355713, 2, npu_aicore
 /model/transformer/h.0/attn/c_attn/Gemm_output_0__matmul_converted_MatMul(MatMulV2), 12:05:05.355713, 18, npu_aicore
 /model/transformer/h.0/attn/Split_output_0(SplitD), 12:05:05.355714, 6, npu_aicore
 /model/transformer/h.0/attn/Transpose_1_output_0(Permute), 12:05:05.355714, 2, npu_aicore
 /model/transformer/h.0/attn/Transpose_2_output_0(Permute), 12:05:05.355714, 2, npu_aicore
 /model/transformer/h.0/attn/Transpose_output_0(Permute), 12:05:05.355714, 2, npu_aicore
 /model/transformer/h.0/attn/Mul_1_output_0(Mul), 12:05:05.355715, 2, npu_aicore
 /model/transformer/h.0/attn/Mul_output_0(Mul), 12:05:05.355715, 2, npu_aicore
 /model/transformer/h.0/attn/MatMul_output_0(BatchMatMulV2), 12:05:05.355715, 18, npu_aicore
 /model/transformer/h.0/attn/Add_output_0(Add), 12:05:05.355715, 2, npu_aicore
 /model/transformer/h.0/attn/Softmax_output_0(Softmax), 12:05:05.355715, 3, npu_aicore
 /model/transformer/h.0/attn/MatMul_1_output_0(BatchMatMulV2), 12:05:05.355716, 17, npu_aicore
 /model/transformer/h.0/attn/Transpose_3_output_0(Permute), 12:05:05.355716, 2, npu_aicore
 /model/transformer/h.0/attn/c_proj/Reshape_output_0(Reshape), 12:05:05.355716, 2, npu_aicore
 /model/transformer/h.0/attn/c_proj/Gemm_output_0__matmul_converted_MatMul(MatMulV2), 12:05:05.355716, 18, npu_aicore
 /model/transformer/h.0/Add_output_0(Add), 12:05:05.355717, 2, npu_aicore
 transdata_for_nd_18(TransData), 12:05:05.355717, 4, npu_aicore
 /model/transformer/h.0/ln_2/LayerNormalization_output_0(LayerNorm), 12:05:05.355717, 5, npu_aicore
 transdata_for_nd_19(TransData), 12:05:05.355717, 4, npu_aicore
 /model/transformer/h.0/mlp/c_fc/Reshape_output_0(Reshape), 12:05:05.355718, 2, npu_aicore
 /model/transformer/h.0/mlp/c_fc/Gemm_output_0__matmul_converted_MatMul(MatMulV2), 12:05:05.355718, 17, npu_aicore
 transdata_for_nd_20(TransData), 12:05:05.355718, 4, npu_aicore
 /model/transformer/h.0/mlp/act/Mul_output_0(Mul), 12:05:05.355718, 2, npu_aicore
 /model/transformer/h.0/mlp/act/Pow_output_0(Pow), 12:05:05.355719, 2, npu_aicore
 transdata_for_nd_21(TransData), 12:05:05.355719, 2, npu_aicore
 /model/transformer/h.0/mlp/act/Mul_1_output_0(Mul), 12:05:05.355719, 2, npu_aicore
 /model/transformer/h.0/mlp/act/Add_output_0(Add), 12:05:05.355719, 2, npu_aicore
 /model/transformer/h.0/mlp/act/Mul_2_output_0(Mul), 12:05:05.355720, 2, npu_aicore
 /model/transformer/h.0/mlp/act/Tanh_output_0(Activation), 12:05:05.355720, 1, npu_aicore
 /model/transformer/h.0/mlp/act/Add_1_output_0(Add), 12:05:05.355720, 2, npu_aicore
 /model/transformer/h.0/mlp/act/Mul_3_output_0(Mul), 12:05:05.355720, 2, npu_aicore
 /model/transformer/h.0/mlp/c_proj/Reshape_output_0(Reshape), 12:05:05.355720, 2, npu_aicore
 /model/transformer/h.0/mlp/c_proj/Gemm_output_0__matmul_converted_MatMul(MatMulV2), 12:05:05.355721, 17, npu_aicore
 hidden_block0(Add), 12:05:05.355721, 2, npu_aicore
 netoutput_cast_23(CastT), 12:05:05.355721, 2, npu_aicore
 graphop_data_cast_30(CastT), 12:05:05.355722, 2, npu_aicore
 transdata_for_nd_22(TransData), 12:05:05.355722, 4, npu_aicore
 /model/transformer/h.1/ln_1/LayerNormalization_output_0(LayerNorm), 12:05:05.355722, 4, npu_aicore
 transdata_for_nd_23(TransData), 12:05:05.355722, 4, npu_aicore
 /model/transformer/h.1/attn/c_attn/Reshape_output_0(Reshape), 12:05:05.355722, 2, npu_aicore
 /model/transformer/h.1/attn/c_attn/Gemm_output_0__matmul_converted_MatMul(MatMulV2), 12:05:05.355723, 18, npu_aicore
 /model/transformer/h.1/attn/Split_output_0(SplitD), 12:05:05.355723, 6, npu_aicore
 /model/transformer/h.1/attn/Transpose_1_output_0(Permute), 12:05:05.355723, 2, npu_aicore
 /model/transformer/h.1/attn/Transpose_2_output_0(Permute), 12:05:05.355724, 2, npu_aicore
 /model/transformer/h.1/attn/Transpose_output_0(Permute), 12:05:05.355724, 2, npu_aicore
 /model/transformer/h.1/attn/Mul_1_output_0(Mul), 12:05:05.355724, 2, npu_aicore
 /model/transformer/h.1/attn/Mul_output_0(Mul), 12:05:05.355725, 2, npu_aicore
 /model/transformer/h.1/attn/MatMul_output_0(BatchMatMulV2), 12:05:05.355725, 18, npu_aicore
 /model/transformer/h.1/attn/Add_output_0(Add), 12:05:05.355725, 3, npu_aicore
 /model/transformer/h.1/attn/Softmax_output_0(Softmax), 12:05:05.355725, 3, npu_aicore
 /model/transformer/h.1/attn/MatMul_1_output_0(BatchMatMulV2), 12:05:05.355726, 18, npu_aicore
 /model/transformer/h.1/attn/Transpose_3_output_0(Permute), 12:05:05.355726, 2, npu_aicore
 /model/transformer/h.1/attn/c_proj/Reshape_output_0(Reshape), 12:05:05.355726, 2, npu_aicore
 /model/transformer/h.1/attn/c_proj/Gemm_output_0__matmul_converted_MatMul(MatMulV2), 12:05:05.355726, 17, npu_aicore
 /model/transformer/h.1/Add_output_0(Add), 12:05:05.355727, 2, npu_aicore
 transdata_for_nd_24(TransData), 12:05:05.355727, 4, npu_aicore
 /model/transformer/h.1/ln_2/LayerNormalization_output_0(LayerNorm), 12:05:05.355727, 4, npu_aicore
 transdata_for_nd_25(TransData), 12:05:05.355727, 4, npu_aicore
 /model/transformer/h.1/mlp/c_fc/Reshape_output_0(Reshape), 12:05:05.355728, 2, npu_aicore
 /model/transformer/h.1/mlp/c_fc/Gemm_output_0__matmul_converted_MatMul(MatMulV2), 12:05:05.355728, 18, npu_aicore
 transdata_for_nd_26(TransData), 12:05:05.355728, 5, npu_aicore
 /model/transformer/h.1/mlp/act/Mul_output_0(Mul), 12:05:05.355728, 2, npu_aicore
 /model/transformer/h.1/mlp/act/Pow_output_0(Pow), 12:05:05.355729, 2, npu_aicore
 transdata_for_nd_27(TransData), 12:05:05.355729, 2, npu_aicore
 /model/transformer/h.1/mlp/act/Mul_1_output_0(Mul), 12:05:05.355729, 2, npu_aicore
 /model/transformer/h.1/mlp/act/Add_output_0(Add), 12:05:05.355729, 2, npu_aicore
 /model/transformer/h.1/mlp/act/Mul_2_output_0(Mul), 12:05:05.355730, 2, npu_aicore
 /model/transformer/h.1/mlp/act/Tanh_output_0(Activation), 12:05:05.355730, 1, npu_aicore
 /model/transformer/h.1/mlp/act/Add_1_output_0(Add), 12:05:05.355730, 2, npu_aicore
 /model/transformer/h.1/mlp/act/Mul_3_output_0(Mul), 12:05:05.355731, 2, npu_aicore
 /model/transformer/h.1/mlp/c_proj/Reshape_output_0(Reshape), 12:05:05.355731, 2, npu_aicore
 /model/transformer/h.1/mlp/c_proj/Gemm_output_0__matmul_converted_MatMul(MatMulV2), 12:05:05.355731, 17, npu_aicore
 /model/transformer/h.1/Add_1_output_0(Add), 12:05:05.355731, 2, npu_aicore
 transdata_for_nd_28(TransData), 12:05:05.355732, 4, npu_aicore
 /model/transformer/ln_f/LayerNormalization_output_0(LayerNorm), 12:05:05.355732, 4, npu_aicore
 transdata_for_nd_29(TransData), 12:05:05.355732, 4, npu_aicore
 hidden_block1(Reshape), 12:05:05.355732, 2, npu_aicore
 logits__matmul_converted_MatMul_InReshape(Reshape), 12:05:05.355733, 5, npu_aicore
 logits__matmul_converted_MatMul(MatMulV2), 12:05:05.355733, 430, npu_aicore
 logits(Reshape), 12:05:05.355734, 49, npu_aicore
 /Reshape_output_0(Reshape), 12:05:05.355734, 20, npu_aicore
 netoutput_cast_6(CastT), 12:05:05.355734, 4, npu_aicore
 graphop_data_cast_14(CastT), 12:05:05.355734, 2, npu_aicore
 transdata_for_nd_16(TransData), 12:05:05.355734, 4, npu_aicore
 /model/transformer/h.0/ln_1/LayerNormalization_output_0(LayerNorm), 12:05:05.355735, 4, npu_aicore
 transdata_for_nd_17(TransData), 12:05:05.355735, 4, npu_aicore
 /model/transformer/h.0/attn/c_attn/Reshape_output_0(Reshape), 12:05:05.355735, 2, npu_aicore
 /model/transformer/h.0/attn/c_attn/Gemm_output_0__matmul_converted_MatMul(MatMulV2), 12:05:05.355735, 18, npu_aicore
 /model/transformer/h.0/attn/Split_output_0(SplitD), 12:05:05.355735, 6, npu_aicore
 /model/transformer/h.0/attn/Transpose_1_output_0(Permute), 12:05:05.355736, 2, npu_aicore
 /model/transformer/h.0/attn/Transpose_2_output_0(Permute), 12:05:05.355736, 2, npu_aicore
 /model/transformer/h.0/attn/Transpose_output_0(Permute), 12:05:05.355736, 2, npu_aicore
 /model/transformer/h.0/attn/Mul_1_output_0(Mul), 12:05:05.355737, 2, npu_aicore
 /model/transformer/h.0/attn/Mul_output_0(Mul), 12:05:05.355737, 2, npu_aicore
 /model/transformer/h.0/attn/MatMul_output_0(BatchMatMulV2), 12:05:05.355737, 17, npu_aicore
 /model/transformer/h.0/attn/Add_output_0(Add), 12:05:05.355737, 2, npu_aicore
 /model/transformer/h.0/attn/Softmax_output_0(Softmax), 12:05:05.355738, 3, npu_aicore
 /model/transformer/h.0/attn/MatMul_1_output_0(BatchMatMulV2), 12:05:05.355738, 17, npu_aicore
 /model/transformer/h.0/attn/Transpose_3_output_0(Permute), 12:05:05.355738, 2, npu_aicore
 /model/transformer/h.0/attn/c_proj/Reshape_output_0(Reshape), 12:05:05.355739, 2, npu_aicore
 /model/transformer/h.0/attn/c_proj/Gemm_output_0__matmul_converted_MatMul(MatMulV2), 12:05:05.355739, 17, npu_aicore
 /model/transformer/h.0/Add_output_0(Add), 12:05:05.355739, 1, npu_aicore
 transdata_for_nd_18(TransData), 12:05:05.355739, 4, npu_aicore
 /model/transformer/h.0/ln_2/LayerNormalization_output_0(LayerNorm), 12:05:05.355740, 4, npu_aicore
 transdata_for_nd_19(TransData), 12:05:05.355740, 4, npu_aicore
 /model/transformer/h.0/mlp/c_fc/Reshape_output_0(Reshape), 12:05:05.355740, 2, npu_aicore
 /model/transformer/h.0/mlp/c_fc/Gemm_output_0__matmul_converted_MatMul(MatMulV2), 12:05:05.355740, 16, npu_aicore
 transdata_for_nd_20(TransData), 12:05:05.355741, 4, npu_aicore
 /model/transformer/h.0/mlp/act/Mul_output_0(Mul), 12:05:05.355741, 2, npu_aicore
 /model/transformer/h.0/mlp/act/Pow_output_0(Pow), 12:05:05.355741, 2, npu_aicore
 transdata_for_nd_21(TransData), 12:05:05.355741, 2, npu_aicore
 /model/transformer/h.0/mlp/act/Mul_1_output_0(Mul), 12:05:05.355742, 2, npu_aicore
 /model/transformer/h.0/mlp/act/Add_output_0(Add), 12:05:05.355742, 2, npu_aicore
 /model/transformer/h.0/mlp/act/Mul_2_output_0(Mul), 12:05:05.355742, 2, npu_aicore
 /model/transformer/h.0/mlp/act/Tanh_output_0(Activation), 12:05:05.355742, 2, npu_aicore
 /model/transformer/h.0/mlp/act/Add_1_output_0(Add), 12:05:05.355743, 2, npu_aicore
 /model/transformer/h.0/mlp/act/Mul_3_output_0(Mul), 12:05:05.355743, 2, npu_aicore
 /model/transformer/h.0/mlp/c_proj/Reshape_output_0(Reshape), 12:05:05.355743, 2, npu_aicore
 /model/transformer/h.0/mlp/c_proj/Gemm_output_0__matmul_converted_MatMul(MatMulV2), 12:05:05.355743, 17, npu_aicore
 hidden_block0(Add), 12:05:05.355743, 2, npu_aicore
 netoutput_cast_23(CastT), 12:05:05.355744, 2, npu_aicore
 graphop_data_cast_30(CastT), 12:05:05.355744, 2, npu_aicore
 transdata_for_nd_22(TransData), 12:05:05.355744, 4, npu_aicore
 /model/transformer/h.1/ln_1/LayerNormalization_output_0(LayerNorm), 12:05:05.355744, 4, npu_aicore
 transdata_for_nd_23(TransData), 12:05:05.355745, 4, npu_aicore
 /model/transformer/h.1/attn/c_attn/Reshape_output_0(Reshape), 12:05:05.355745, 2, npu_aicore
 /model/transformer/h.1/attn/c_attn/Gemm_output_0__matmul_converted_MatMul(MatMulV2), 12:05:05.355745, 17, npu_aicore
 /model/transformer/h.1/attn/Split_output_0(SplitD), 12:05:05.355745, 6, npu_aicore
 /model/transformer/h.1/attn/Transpose_1_output_0(Permute), 12:05:05.355745, 2, npu_aicore
 /model/transformer/h.1/attn/Transpose_2_output_0(Permute), 12:05:05.355746, 2, npu_aicore
 /model/transformer/h.1/attn/Transpose_output_0(Permute), 12:05:05.355746, 2, npu_aicore
 /model/transformer/h.1/attn/Mul_1_output_0(Mul), 12:05:05.355746, 2, npu_aicore
 /model/transformer/h.1/attn/Mul_output_0(Mul), 12:05:05.355747, 2, npu_aicore
 /model/transformer/h.1/attn/MatMul_output_0(BatchMatMulV2), 12:05:05.355747, 17, npu_aicore
 /model/transformer/h.1/attn/Add_output_0(Add), 12:05:05.355747, 2, npu_aicore
 /model/transformer/h.1/attn/Softmax_output_0(Softmax), 12:05:05.355747, 2, npu_aicore
 /model/transformer/h.1/attn/MatMul_1_output_0(BatchMatMulV2), 12:05:05.355747, 17, npu_aicore
 /model/transformer/h.1/attn/Transpose_3_output_0(Permute), 12:05:05.355748, 2, npu_aicore
 /model/transformer/h.1/attn/c_proj/Reshape_output_0(Reshape), 12:05:05.355748, 2, npu_aicore
 /model/transformer/h.1/attn/c_proj/Gemm_output_0__matmul_converted_MatMul(MatMulV2), 12:05:05.355748, 17, npu_aicore
 /model/transformer/h.1/Add_output_0(Add), 12:05:05.355749, 2, npu_aicore
 transdata_for_nd_24(TransData), 12:05:05.355749, 4, npu_aicore
 /model/transformer/h.1/ln_2/LayerNormalization_output_0(LayerNorm), 12:05:05.355749, 4, npu_aicore
 transdata_for_nd_25(TransData), 12:05:05.355749, 4, npu_aicore
 /model/transformer/h.1/mlp/c_fc/Reshape_output_0(Reshape), 12:05:05.355750, 2, npu_aicore
 /model/transformer/h.1/mlp/c_fc/Gemm_output_0__matmul_converted_MatMul(MatMulV2), 12:05:05.355750, 17, npu_aicore
 transdata_for_nd_26(TransData), 12:05:05.355750, 4, npu_aicore
 /model/transformer/h.1/mlp/act/Mul_output_0(Mul), 12:05:05.355750, 2, npu_aicore
 /model/transformer/h.1/mlp/act/Pow_output_0(Pow), 12:05:05.355751, 2, npu_aicore
 transdata_for_nd_27(TransData), 12:05:05.355751, 2, npu_aicore
 /model/transformer/h.1/mlp/act/Mul_1_output_0(Mul), 12:05:05.355751, 2, npu_aicore
 /model/transformer/h.1/mlp/act/Add_output_0(Add), 12:05:05.355752, 2, npu_aicore
 /model/transformer/h.1/mlp/act/Mul_2_output_0(Mul), 12:05:05.355752, 2, npu_aicore
 /model/transformer/h.1/mlp/act/Tanh_output_0(Activation), 12:05:05.355752, 1, npu_aicore
 /model/transformer/h.1/mlp/act/Add_1_output_0(Add), 12:05:05.355752, 2, npu_aicore
 /model/transformer/h.1/mlp/act/Mul_3_output_0(Mul), 12:05:05.355752, 1, npu_aicore
 /model/transformer/h.1/mlp/c_proj/Reshape_output_0(Reshape), 12:05:05.355753, 2, npu_aicore
 /model/transformer/h.1/mlp/c_proj/Gemm_output_0__matmul_converted_MatMul(MatMulV2), 12:05:05.355753, 16, npu_aicore
 /model/transformer/h.1/Add_1_output_0(Add), 12:05:05.355753, 2, npu_aicore
 transdata_for_nd_28(TransData), 12:05:05.355754, 4, npu_aicore
 /model/transformer/ln_f/LayerNormalization_output_0(LayerNorm), 12:05:05.355754, 5, npu_aicore
 transdata_for_nd_29(TransData), 12:05:05.355754, 4, npu_aicore
 hidden_block1(Reshape), 12:05:05.355755, 2, npu_aicore
 logits__matmul_converted_MatMul_InReshape(Reshape), 12:05:05.355755, 5, npu_aicore
 logits__matmul_converted_MatMul(MatMulV2), 12:05:05.355755, 420, npu_aicore
 logits(Reshape), 12:05:05.355755, 49, npu_aicore
 /Reshape_output_0(Reshape), 12:05:05.355755, 5, npu_aicore
 netoutput_cast_6(CastT), 12:05:05.355756, 3, npu_aicore
 graphop_data_cast_14(CastT), 12:05:05.355756, 2, npu_aicore
 transdata_for_nd_16(TransData), 12:05:05.355756, 4, npu_aicore
 /model/transformer/h.0/ln_1/LayerNormalization_output_0(LayerNorm), 12:05:05.355756, 4, npu_aicore
 transdata_for_nd_17(TransData), 12:05:05.355757, 4, npu_aicore
 /model/transformer/h.0/attn/c_attn/Reshape_output_0(Reshape), 12:05:05.355757, 2, npu_aicore
 /model/transformer/h.0/attn/c_attn/Gemm_output_0__matmul_converted_MatMul(MatMulV2), 12:05:05.355757, 18, npu_aicore
 /model/transformer/h.0/attn/Split_output_0(SplitD), 12:05:05.355757, 6, npu_aicore
 /model/transformer/h.0/attn/Transpose_1_output_0(Permute), 12:05:05.355757, 2, npu_aicore
 /model/transformer/h.0/attn/Transpose_2_output_0(Permute), 12:05:05.355758, 2, npu_aicore
 /model/transformer/h.0/attn/Transpose_output_0(Permute), 12:05:05.355758, 2, npu_aicore
 /model/transformer/h.0/attn/Mul_1_output_0(Mul), 12:05:05.355758, 2, npu_aicore
 /model/transformer/h.0/attn/Mul_output_0(Mul), 12:05:05.355759, 2, npu_aicore
 /model/transformer/h.0/attn/MatMul_output_0(BatchMatMulV2), 12:05:05.355759, 17, npu_aicore
 /model/transformer/h.0/attn/Add_output_0(Add), 12:05:05.355759, 2, npu_aicore
 /model/transformer/h.0/attn/Softmax_output_0(Softmax), 12:05:05.355759, 3, npu_aicore
 /model/transformer/h.0/attn/MatMul_1_output_0(BatchMatMulV2), 12:05:05.355759, 17, npu_aicore
 /model/transformer/h.0/attn/Transpose_3_output_0(Permute), 12:05:05.355760, 2, npu_aicore
 /model/transformer/h.0/attn/c_proj/Reshape_output_0(Reshape), 12:05:05.355760, 2, npu_aicore
 /model/transformer/h.0/attn/c_proj/Gemm_output_0__matmul_converted_MatMul(MatMulV2), 12:05:05.355760, 17, npu_aicore
 /model/transformer/h.0/Add_output_0(Add), 12:05:05.355760, 2, npu_aicore
 transdata_for_nd_18(TransData), 12:05:05.355760, 4, npu_aicore
 /model/transformer/h.0/ln_2/LayerNormalization_output_0(LayerNorm), 12:05:05.355761, 4, npu_aicore
 transdata_for_nd_19(TransData), 12:05:05.355761, 5, npu_aicore
 /model/transformer/h.0/mlp/c_fc/Reshape_output_0(Reshape), 12:05:05.355762, 2, npu_aicore
 /model/transformer/h.0/mlp/c_fc/Gemm_output_0__matmul_converted_MatMul(MatMulV2), 12:05:05.355762, 17, npu_aicore
 transdata_for_nd_20(TransData), 12:05:05.355762, 5, npu_aicore
 /model/transformer/h.0/mlp/act/Mul_output_0(Mul), 12:05:05.355762, 2, npu_aicore
 /model/transformer/h.0/mlp/act/Pow_output_0(Pow), 12:05:05.355762, 2, npu_aicore
 transdata_for_nd_21(TransData), 12:05:05.355762, 2, npu_aicore
 /model/transformer/h.0/mlp/act/Mul_1_output_0(Mul), 12:05:05.355763, 2, npu_aicore
 /model/transformer/h.0/mlp/act/Add_output_0(Add), 12:05:05.355763, 2, npu_aicore
 /model/transformer/h.0/mlp/act/Mul_2_output_0(Mul), 12:05:05.355763, 2, npu_aicore
 /model/transformer/h.0/mlp/act/Tanh_output_0(Activation), 12:05:05.355763, 1, npu_aicore
 /model/transformer/h.0/mlp/act/Add_1_output_0(Add), 12:05:05.355764, 2, npu_aicore
 /model/transformer/h.0/mlp/act/Mul_3_output_0(Mul), 12:05:05.355764, 2, npu_aicore
 /model/transformer/h.0/mlp/c_proj/Reshape_output_0(Reshape), 12:05:05.355764, 2, npu_aicore
 /model/transformer/h.0/mlp/c_proj/Gemm_output_0__matmul_converted_MatMul(MatMulV2), 12:05:05.355765, 17, npu_aicore
 hidden_block0(Add), 12:05:05.355765, 2, npu_aicore
 netoutput_cast_23(CastT), 12:05:05.355765, 2, npu_aicore
 graphop_data_cast_30(CastT), 12:05:05.355765, 2, npu_aicore
 transdata_for_nd_22(TransData), 12:05:05.355766, 4, npu_aicore
 /model/transformer/h.1/ln_1/LayerNormalization_output_0(LayerNorm), 12:05:05.355766, 4, npu_aicore
 transdata_for_nd_23(TransData), 12:05:05.355766, 4, npu_aicore
 /model/transformer/h.1/attn/c_attn/Reshape_output_0(Reshape), 12:05:05.355766, 2, npu_aicore
 /model/transformer/h.1/attn/c_attn/Gemm_output_0__matmul_converted_MatMul(MatMulV2), 12:05:05.355766, 17, npu_aicore
 /model/transformer/h.1/attn/Split_output_0(SplitD), 12:05:05.355767, 6, npu_aicore
 /model/transformer/h.1/attn/Transpose_1_output_0(Permute), 12:05:05.355767, 2, npu_aicore
 /model/transformer/h.1/attn/Transpose_2_output_0(Permute), 12:05:05.355767, 2, npu_aicore
 /model/transformer/h.1/attn/Transpose_output_0(Permute), 12:05:05.355767, 2, npu_aicore
 /model/transformer/h.1/attn/Mul_1_output_0(Mul), 12:05:05.355768, 2, npu_aicore
 /model/transformer/h.1/attn/Mul_output_0(Mul), 12:05:05.355768, 2, npu_aicore
 /model/transformer/h.1/attn/MatMul_output_0(BatchMatMulV2), 12:05:05.355768, 17, npu_aicore
 /model/transformer/h.1/attn/Add_output_0(Add), 12:05:05.355769, 2, npu_aicore
 /model/transformer/h.1/attn/Softmax_output_0(Softmax), 12:05:05.355769, 3, npu_aicore
 /model/transformer/h.1/attn/MatMul_1_output_0(BatchMatMulV2), 12:05:05.355769, 17, npu_aicore
 /model/transformer/h.1/attn/Transpose_3_output_0(Permute), 12:05:05.355769, 2, npu_aicore
 /model/transformer/h.1/attn/c_proj/Reshape_output_0(Reshape), 12:05:05.355770, 2, npu_aicore
 /model/transformer/h.1/attn/c_proj/Gemm_output_0__matmul_converted_MatMul(MatMulV2), 12:05:05.355770, 17, npu_aicore
 /model/transformer/h.1/Add_output_0(Add), 12:05:05.355770, 2, npu_aicore
 transdata_for_nd_24(TransData), 12:05:05.355770, 4, npu_aicore
 /model/transformer/h.1/ln_2/LayerNormalization_output_0(LayerNorm), 12:05:05.355771, 5, npu_aicore
 transdata_for_nd_25(TransData), 12:05:05.355771, 4, npu_aicore
 /model/transformer/h.1/mlp/c_fc/Reshape_output_0(Reshape), 12:05:05.355771, 2, npu_aicore
 /model/transformer/h.1/mlp/c_fc/Gemm_output_0__matmul_converted_MatMul(MatMulV2), 12:05:05.355771, 17, npu_aicore
 transdata_for_nd_26(TransData), 12:05:05.355772, 4, npu_aicore
 /model/transformer/h.1/mlp/act/Mul_output_0(Mul), 12:05:05.355772, 2, npu_aicore
 /model/transformer/h.1/mlp/act/Pow_output_0(Pow), 12:05:05.355772, 2, npu_aicore
 transdata_for_nd_27(TransData), 12:05:05.355772, 2, npu_aicore
 /model/transformer/h.1/mlp/act/Mul_1_output_0(Mul), 12:05:05.355773, 2, npu_aicore
 /model/transformer/h.1/mlp/act/Add_output_0(Add), 12:05:05.355773, 2, npu_aicore
 /model/transformer/h.1/mlp/act/Mul_2_output_0(Mul), 12:05:05.355773, 1, npu_aicore
 /model/transformer/h.1/mlp/act/Tanh_output_0(Activation), 12:05:05.355773, 1, npu_aicore
 /model/transformer/h.1/mlp/act/Add_1_output_0(Add), 12:05:05.355774, 2, npu_aicore
 /model/transformer/h.1/mlp/act/Mul_3_output_0(Mul), 12:05:05.355774, 2, npu_aicore
 /model/transformer/h.1/mlp/c_proj/Reshape_output_0(Reshape), 12:05:05.355774, 2, npu_aicore
 /model/transformer/h.1/mlp/c_proj/Gemm_output_0__matmul_converted_MatMul(MatMulV2), 12:05:05.355774, 16, npu_aicore
 /model/transformer/h.1/Add_1_output_0(Add), 12:05:05.355774, 2, npu_aicore
 transdata_for_nd_28(TransData), 12:05:05.355775, 4, npu_aicore
 /model/transformer/ln_f/LayerNormalization_output_0(LayerNorm), 12:05:05.355775, 4, npu_aicore
 transdata_for_nd_29(TransData), 12:05:05.355775, 4, npu_aicore
 hidden_block1(Reshape), 12:05:05.355775, 2, npu_aicore
 logits__matmul_converted_MatMul_InReshape(Reshape), 12:05:05.355775, 5, npu_aicore
 logits__matmul_converted_MatMul(MatMulV2), 12:05:05.355776, 419, npu_aicore
 logits(Reshape), 12:05:05.355776, 49, npu_aicore
 /Reshape_output_0(Reshape), 12:05:05.355776, 5, npu_aicore
 netoutput_cast_6(CastT), 12:05:05.355777, 3, npu_aicore
 graphop_data_cast_14(CastT), 12:05:05.355777, 2, npu_aicore
 transdata_for_nd_16(TransData), 12:05:05.355777, 4, npu_aicore
 /model/transformer/h.0/ln_1/LayerNormalization_output_0(LayerNorm), 12:05:05.355777, 4, npu_aicore
 transdata_for_nd_17(TransData), 12:05:05.355777, 4, npu_aicore
 /model/transformer/h.0/attn/c_attn/Reshape_output_0(Reshape), 12:05:05.355778, 2, npu_aicore
 /model/transformer/h.0/attn/c_attn/Gemm_output_0__matmul_converted_MatMul(MatMulV2), 12:05:05.355778, 17, npu_aicore
 /model/transformer/h.0/attn/Split_output_0(SplitD), 12:05:05.355778, 6, npu_aicore
 /model/transformer/h.0/attn/Transpose_1_output_0(Permute), 12:05:05.355779, 2, npu_aicore
 /model/transformer/h.0/attn/Transpose_2_output_0(Permute), 12:05:05.355779, 2, npu_aicore
 /model/transformer/h.0/attn/Transpose_output_0(Permute), 12:05:05.355779, 2, npu_aicore
 /model/transformer/h.0/attn/Mul_1_output_0(Mul), 12:05:05.355779, 2, npu_aicore
 /model/transformer/h.0/attn/Mul_output_0(Mul), 12:05:05.355780, 2, npu_aicore
 /model/transformer/h.0/attn/MatMul_output_0(BatchMatMulV2), 12:05:05.355780, 17, npu_aicore
 /model/transformer/h.0/attn/Add_output_0(Add), 12:05:05.355780, 2, npu_aicore
 /model/transformer/h.0/attn/Softmax_output_0(Softmax), 12:05:05.355780, 3, npu_aicore
 /model/transformer/h.0/attn/MatMul_1_output_0(BatchMatMulV2), 12:05:05.355781, 17, npu_aicore
 /model/transformer/h.0/attn/Transpose_3_output_0(Permute), 12:05:05.355781, 2, npu_aicore
 /model/transformer/h.0/attn/c_proj/Reshape_output_0(Reshape), 12:05:05.355782, 2, npu_aicore
 /model/transformer/h.0/attn/c_proj/Gemm_output_0__matmul_converted_MatMul(MatMulV2), 12:05:05.355782, 17, npu_aicore
 /model/transformer/h.0/Add_output_0(Add), 12:05:05.355782, 2, npu_aicore
 transdata_for_nd_18(TransData), 12:05:05.355782, 4, npu_aicore
 /model/transformer/h.0/ln_2/LayerNormalization_output_0(LayerNorm), 12:05:05.355782, 4, npu_aicore
 transdata_for_nd_19(TransData), 12:05:05.355782, 4, npu_aicore
 /model/transformer/h.0/mlp/c_fc/Reshape_output_0(Reshape), 12:05:05.355783, 2, npu_aicore
 /model/transformer/h.0/mlp/c_fc/Gemm_output_0__matmul_converted_MatMul(MatMulV2), 12:05:05.355783, 17, npu_aicore
 transdata_for_nd_20(TransData), 12:05:05.355783, 5, npu_aicore
 /model/transformer/h.0/mlp/act/Mul_output_0(Mul), 12:05:05.355783, 2, npu_aicore
 /model/transformer/h.0/mlp/act/Pow_output_0(Pow), 12:05:05.355784, 2, npu_aicore
 transdata_for_nd_21(TransData), 12:05:05.355784, 2, npu_aicore
 /model/transformer/h.0/mlp/act/Mul_1_output_0(Mul), 12:05:05.355784, 2, npu_aicore
 /model/transformer/h.0/mlp/act/Add_output_0(Add), 12:05:05.355785, 2, npu_aicore
 /model/transformer/h.0/mlp/act/Mul_2_output_0(Mul), 12:05:05.355785, 2, npu_aicore
 /model/transformer/h.0/mlp/act/Tanh_output_0(Activation), 12:05:05.355785, 1, npu_aicore
 /model/transformer/h.0/mlp/act/Add_1_output_0(Add), 12:05:05.355785, 2, npu_aicore
 /model/transformer/h.0/mlp/act/Mul_3_output_0(Mul), 12:05:05.355785, 2, npu_aicore
 /model/transformer/h.0/mlp/c_proj/Reshape_output_0(Reshape), 12:05:05.355786, 2, npu_aicore
 /model/transformer/h.0/mlp/c_proj/Gemm_output_0__matmul_converted_MatMul(MatMulV2), 12:05:05.355786, 17, npu_aicore
 hidden_block0(Add), 12:05:05.355786, 2, npu_aicore
 netoutput_cast_23(CastT), 12:05:05.355786, 2, npu_aicore
 graphop_data_cast_30(CastT), 12:05:05.355787, 2, npu_aicore
 transdata_for_nd_22(TransData), 12:05:05.355787, 4, npu_aicore
 /model/transformer/h.1/ln_1/LayerNormalization_output_0(LayerNorm), 12:05:05.355787, 4, npu_aicore
 transdata_for_nd_23(TransData), 12:05:05.355787, 4, npu_aicore
 /model/transformer/h.1/attn/c_attn/Reshape_output_0(Reshape), 12:05:05.355787, 2, npu_aicore
 /model/transformer/h.1/attn/c_attn/Gemm_output_0__matmul_converted_MatMul(MatMulV2), 12:05:05.355788, 17, npu_aicore
 /model/transformer/h.1/attn/Split_output_0(SplitD), 12:05:05.355788, 6, npu_aicore
 /model/transformer/h.1/attn/Transpose_1_output_0(Permute), 12:05:05.355788, 2, npu_aicore
 /model/transformer/h.1/attn/Transpose_2_output_0(Permute), 12:05:05.355789, 2, npu_aicore
 /model/transformer/h.1/attn/Transpose_output_0(Permute), 12:05:05.355789, 2, npu_aicore
 /model/transformer/h.1/attn/Mul_1_output_0(Mul), 12:05:05.355789, 2, npu_aicore
 /model/transformer/h.1/attn/Mul_output_0(Mul), 12:05:05.355789, 1, npu_aicore
 /model/transformer/h.1/attn/MatMul_output_0(BatchMatMulV2), 12:05:05.355790, 17, npu_aicore
 /model/transformer/h.1/attn/Add_output_0(Add), 12:05:05.355790, 2, npu_aicore
 /model/transformer/h.1/attn/Softmax_output_0(Softmax), 12:05:05.355790, 3, npu_aicore
 /model/transformer/h.1/attn/MatMul_1_output_0(BatchMatMulV2), 12:05:05.355790, 17, npu_aicore
 /model/transformer/h.1/attn/Transpose_3_output_0(Permute), 12:05:05.355791, 2, npu_aicore
 /model/transformer/h.1/attn/c_proj/Reshape_output_0(Reshape), 12:05:05.355791, 2, npu_aicore
 /model/transformer/h.1/attn/c_proj/Gemm_output_0__matmul_converted_MatMul(MatMulV2), 12:05:05.355791, 17, npu_aicore
 /model/transformer/h.1/Add_output_0(Add), 12:05:05.355791, 2, npu_aicore
 transdata_for_nd_24(TransData), 12:05:05.355792, 5, npu_aicore
 /model/transformer/h.1/ln_2/LayerNormalization_output_0(LayerNorm), 12:05:05.355792, 5, npu_aicore
 transdata_for_nd_25(TransData), 12:05:05.355792, 5, npu_aicore
 /model/transformer/h.1/mlp/c_fc/Reshape_output_0(Reshape), 12:05:05.355793, 2, npu_aicore
 /model/transformer/h.1/mlp/c_fc/Gemm_output_0__matmul_converted_MatMul(MatMulV2), 12:05:05.355793, 17, npu_aicore
 transdata_for_nd_26(TransData), 12:05:05.355793, 4, npu_aicore
 /model/transformer/h.1/mlp/act/Mul_output_0(Mul), 12:05:05.355793, 2, npu_aicore
 /model/transformer/h.1/mlp/act/Pow_output_0(Pow), 12:05:05.355794, 2, npu_aicore
 transdata_for_nd_27(TransData), 12:05:05.355794, 2, npu_aicore
 /model/transformer/h.1/mlp/act/Mul_1_output_0(Mul), 12:05:05.355794, 2, npu_aicore
 /model/transformer/h.1/mlp/act/Add_output_0(Add), 12:05:05.355795, 2, npu_aicore
 /model/transformer/h.1/mlp/act/Mul_2_output_0(Mul), 12:05:05.355795, 1, npu_aicore
 /model/transformer/h.1/mlp/act/Tanh_output_0(Activation), 12:05:05.355795, 1, npu_aicore
 /model/transformer/h.1/mlp/act/Add_1_output_0(Add), 12:05:05.355795, 2, npu_aicore
 /model/transformer/h.1/mlp/act/Mul_3_output_0(Mul), 12:05:05.355796, 2, npu_aicore
 /model/transformer/h.1/mlp/c_proj/Reshape_output_0(Reshape), 12:05:05.355796, 2, npu_aicore
 /model/transformer/h.1/mlp/c_proj/Gemm_output_0__matmul_converted_MatMul(MatMulV2), 12:05:05.355796, 16, npu_aicore
 /model/transformer/h.1/Add_1_output_0(Add), 12:05:05.355797, 2, npu_aicore
 transdata_for_nd_28(TransData), 12:05:05.355797, 4, npu_aicore
 /model/transformer/ln_f/LayerNormalization_output_0(LayerNorm), 12:05:05.355797, 5, npu_aicore
 transdata_for_nd_29(TransData), 12:05:05.355797, 4, npu_aicore
 hidden_block1(Reshape), 12:05:05.355797, 2, npu_aicore
 logits__matmul_converted_MatMul_InReshape(Reshape), 12:05:05.355798, 5, npu_aicore
 logits__matmul_converted_MatMul(MatMulV2), 12:05:05.355798, 418, npu_aicore
 logits(Reshape), 12:05:05.355798, 48, npu_aicore
 /Reshape_output_0(Reshape), 12:05:05.355798, 20, npu_aicore
 netoutput_cast_6(CastT), 12:05:05.355799, 4, npu_aicore
 graphop_data_cast_14(CastT), 12:05:05.355799, 2, npu_aicore
 transdata_for_nd_16(TransData), 12:05:05.355799, 4, npu_aicore
 /model/transformer/h.0/ln_1/LayerNormalization_output_0(LayerNorm), 12:05:05.355799, 4, npu_aicore
 transdata_for_nd_17(TransData), 12:05:05.355800, 4, npu_aicore
 /model/transformer/h.0/attn/c_attn/Reshape_output_0(Reshape), 12:05:05.355800, 2, npu_aicore
 /model/transformer/h.0/attn/c_attn/Gemm_output_0__matmul_converted_MatMul(MatMulV2), 12:05:05.355800, 17, npu_aicore
 /model/transformer/h.0/attn/Split_output_0(SplitD), 12:05:05.355800, 6, npu_aicore
 /model/transformer/h.0/attn/Transpose_1_output_0(Permute), 12:05:05.355801, 2, npu_aicore
 /model/transformer/h.0/attn/Transpose_2_output_0(Permute), 12:05:05.355801, 2, npu_aicore
 /model/transformer/h.0/attn/Transpose_output_0(Permute), 12:05:05.355801, 2, npu_aicore
 /model/transformer/h.0/attn/Mul_1_output_0(Mul), 12:05:05.355802, 2, npu_aicore
 /model/transformer/h.0/attn/Mul_output_0(Mul), 12:05:05.355802, 2, npu_aicore
 /model/transformer/h.0/attn/MatMul_output_0(BatchMatMulV2), 12:05:05.355802, 17, npu_aicore
 /model/transformer/h.0/attn/Add_output_0(Add), 12:05:05.355802, 2, npu_aicore
 /model/transformer/h.0/attn/Softmax_output_0(Softmax), 12:05:05.355802, 3, npu_aicore
 /model/transformer/h.0/attn/MatMul_1_output_0(BatchMatMulV2), 12:05:05.355803, 17, npu_aicore
 /model/transformer/h.0/attn/Transpose_3_output_0(Permute), 12:05:05.355803, 2, npu_aicore
 /model/transformer/h.0/attn/c_proj/Reshape_output_0(Reshape), 12:05:05.355803, 2, npu_aicore
 /model/transformer/h.0/attn/c_proj/Gemm_output_0__matmul_converted_MatMul(MatMulV2), 12:05:05.355804, 17, npu_aicore
 /model/transformer/h.0/Add_output_0(Add), 12:05:05.355804, 1, npu_aicore
 transdata_for_nd_18(TransData), 12:05:05.355804, 4, npu_aicore
 /model/transformer/h.0/ln_2/LayerNormalization_output_0(LayerNorm), 12:05:05.355804, 4, npu_aicore
 transdata_for_nd_19(TransData), 12:05:05.355805, 4, npu_aicore
 /model/transformer/h.0/mlp/c_fc/Reshape_output_0(Reshape), 12:05:05.355805, 2, npu_aicore
 /model/transformer/h.0/mlp/c_fc/Gemm_output_0__matmul_converted_MatMul(MatMulV2), 12:05:05.355805, 17, npu_aicore
 transdata_for_nd_20(TransData), 12:05:05.355805, 4, npu_aicore
 /model/transformer/h.0/mlp/act/Mul_output_0(Mul), 12:05:05.355806, 2, npu_aicore
 /model/transformer/h.0/mlp/act/Pow_output_0(Pow), 12:05:05.355806, 2, npu_aicore
 transdata_for_nd_21(TransData), 12:05:05.355806, 2, npu_aicore
 /model/transformer/h.0/mlp/act/Mul_1_output_0(Mul), 12:05:05.355807, 2, npu_aicore
 /model/transformer/h.0/mlp/act/Add_output_0(Add), 12:05:05.355807, 1, npu_aicore
 /model/transformer/h.0/mlp/act/Mul_2_output_0(Mul), 12:05:05.355807, 2, npu_aicore
 /model/transformer/h.0/mlp/act/Tanh_output_0(Activation), 12:05:05.355807, 1, npu_aicore
 /model/transformer/h.0/mlp/act/Add_1_output_0(Add), 12:05:05.355808, 2, npu_aicore
 /model/transformer/h.0/mlp/act/Mul_3_output_0(Mul), 12:05:05.355808, 2, npu_aicore
 /model/transformer/h.0/mlp/c_proj/Reshape_output_0(Reshape), 12:05:05.355808, 2, npu_aicore
 /model/transformer/h.0/mlp/c_proj/Gemm_output_0__matmul_converted_MatMul(MatMulV2), 12:05:05.355808, 17, npu_aicore
 hidden_block0(Add), 12:05:05.355808, 2, npu_aicore
 netoutput_cast_23(CastT), 12:05:05.355809, 2, npu_aicore
 graphop_data_cast_30(CastT), 12:05:05.355809, 2, npu_aicore
 transdata_for_nd_22(TransData), 12:05:05.355809, 4, npu_aicore
 /model/transformer/h.1/ln_1/LayerNormalization_output_0(LayerNorm), 12:05:05.355809, 4, npu_aicore
 transdata_for_nd_23(TransData), 12:05:05.355810, 4, npu_aicore
 /model/transformer/h.1/attn/c_attn/Reshape_output_0(Reshape), 12:05:05.355810, 2, npu_aicore
 /model/transformer/h.1/attn/c_attn/Gemm_output_0__matmul_converted_MatMul(MatMulV2), 12:05:05.355810, 17, npu_aicore
 /model/transformer/h.1/attn/Split_output_0(SplitD), 12:05:05.355810, 6, npu_aicore
 /model/transformer/h.1/attn/Transpose_1_output_0(Permute), 12:05:05.355811, 2, npu_aicore
 /model/transformer/h.1/attn/Transpose_2_output_0(Permute), 12:05:05.355811, 2, npu_aicore
 /model/transformer/h.1/attn/Transpose_output_0(Permute), 12:05:05.355811, 2, npu_aicore
 /model/transformer/h.1/attn/Mul_1_output_0(Mul), 12:05:05.355812, 2, npu_aicore
 /model/transformer/h.1/attn/Mul_output_0(Mul), 12:05:05.355812, 2, npu_aicore
 /model/transformer/h.1/attn/MatMul_output_0(BatchMatMulV2), 12:05:05.355812, 17, npu_aicore
 /model/transformer/h.1/attn/Add_output_0(Add), 12:05:05.355812, 2, npu_aicore
 /model/transformer/h.1/attn/Softmax_output_0(Softmax), 12:05:05.355813, 3, npu_aicore
 /model/transformer/h.1/attn/MatMul_1_output_0(BatchMatMulV2), 12:05:05.355813, 17, npu_aicore
 /model/transformer/h.1/attn/Transpose_3_output_0(Permute), 12:05:05.355813, 2, npu_aicore
 /model/transformer/h.1/attn/c_proj/Reshape_output_0(Reshape), 12:05:05.355813, 2, npu_aicore
 /model/transformer/h.1/attn/c_proj/Gemm_output_0__matmul_converted_MatMul(MatMulV2), 12:05:05.355814, 17, npu_aicore
 /model/transformer/h.1/Add_output_0(Add), 12:05:05.355814, 2, npu_aicore
 transdata_for_nd_24(TransData), 12:05:05.355814, 4, npu_aicore
 /model/transformer/h.1/ln_2/LayerNormalization_output_0(LayerNorm), 12:05:05.355815, 4, npu_aicore
 transdata_for_nd_25(TransData), 12:05:05.355815, 4, npu_aicore
 /model/transformer/h.1/mlp/c_fc/Reshape_output_0(Reshape), 12:05:05.355815, 2, npu_aicore
 /model/transformer/h.1/mlp/c_fc/Gemm_output_0__matmul_converted_MatMul(MatMulV2), 12:05:05.355815, 17, npu_aicore
 transdata_for_nd_26(TransData), 12:05:05.355816, 5, npu_aicore
 /model/transformer/h.1/mlp/act/Mul_output_0(Mul), 12:05:05.355816, 2, npu_aicore
 /model/transformer/h.1/mlp/act/Pow_output_0(Pow), 12:05:05.355816, 2, npu_aicore
 transdata_for_nd_27(TransData), 12:05:05.355817, 2, npu_aicore
 /model/transformer/h.1/mlp/act/Mul_1_output_0(Mul), 12:05:05.355817, 2, npu_aicore
 /model/transformer/h.1/mlp/act/Add_output_0(Add), 12:05:05.355817, 2, npu_aicore
 /model/transformer/h.1/mlp/act/Mul_2_output_0(Mul), 12:05:05.355818, 1, npu_aicore
 /model/transformer/h.1/mlp/act/Tanh_output_0(Activation), 12:05:05.355818, 1, npu_aicore
 /model/transformer/h.1/mlp/act/Add_1_output_0(Add), 12:05:05.355818, 2, npu_aicore
 /model/transformer/h.1/mlp/act/Mul_3_output_0(Mul), 12:05:05.355818, 2, npu_aicore
 /model/transformer/h.1/mlp/c_proj/Reshape_output_0(Reshape), 12:05:05.355819, 2, npu_aicore
 /model/transformer/h.1/mlp/c_proj/Gemm_output_0__matmul_converted_MatMul(MatMulV2), 12:05:05.355819, 17, npu_aicore
 /model/transformer/h.1/Add_1_output_0(Add), 12:05:05.355819, 1, npu_aicore
 transdata_for_nd_28(TransData), 12:05:05.355820, 4, npu_aicore
 /model/transformer/ln_f/LayerNormalization_output_0(LayerNorm), 12:05:05.355820, 4, npu_aicore
 transdata_for_nd_29(TransData), 12:05:05.355820, 4, npu_aicore
 hidden_block1(Reshape), 12:05:05.355820, 2, npu_aicore
 logits__matmul_converted_MatMul_InReshape(Reshape), 12:05:05.355821, 5, npu_aicore
 logits__matmul_converted_MatMul(MatMulV2), 12:05:05.355821, 420, npu_aicore
 logits(Reshape), 12:05:05.355821, 48, npu_aicore
 /Reshape_output_0(Reshape), 12:05:05.355821, 20, npu_aicore
 netoutput_cast_6(CastT), 12:05:05.355822, 4, npu_aicore
 graphop_data_cast_14(CastT), 12:05:05.355822, 2, npu_aicore
 transdata_for_nd_16(TransData), 12:05:05.355822, 4, npu_aicore
 /model/transformer/h.0/ln_1/LayerNormalization_output_0(LayerNorm), 12:05:05.355822, 4, npu_aicore
 transdata_for_nd_17(TransData), 12:05:05.355823, 4, npu_aicore
 /model/transformer/h.0/attn/c_attn/Reshape_output_0(Reshape), 12:05:05.355823, 2, npu_aicore
 /model/transformer/h.0/attn/c_attn/Gemm_output_0__matmul_converted_MatMul(MatMulV2), 12:05:05.355823, 18, npu_aicore
 /model/transformer/h.0/attn/Split_output_0(SplitD), 12:05:05.355824, 6, npu_aicore
 /model/transformer/h.0/attn/Transpose_1_output_0(Permute), 12:05:05.355824, 2, npu_aicore
 /model/transformer/h.0/attn/Transpose_2_output_0(Permute), 12:05:05.355824, 2, npu_aicore
 /model/transformer/h.0/attn/Transpose_output_0(Permute), 12:05:05.355825, 2, npu_aicore
 /model/transformer/h.0/attn/Mul_1_output_0(Mul), 12:05:05.355825, 2, npu_aicore
 /model/transformer/h.0/attn/Mul_output_0(Mul), 12:05:05.355825, 2, npu_aicore
 /model/transformer/h.0/attn/MatMul_output_0(BatchMatMulV2), 12:05:05.355825, 17, npu_aicore
 /model/transformer/h.0/attn/Add_output_0(Add), 12:05:05.355825, 2, npu_aicore
 /model/transformer/h.0/attn/Softmax_output_0(Softmax), 12:05:05.355825, 3, npu_aicore
 /model/transformer/h.0/attn/MatMul_1_output_0(BatchMatMulV2), 12:05:05.355826, 17, npu_aicore
 /model/transformer/h.0/attn/Transpose_3_output_0(Permute), 12:05:05.355826, 2, npu_aicore
 /model/transformer/h.0/attn/c_proj/Reshape_output_0(Reshape), 12:05:05.355826, 2, npu_aicore
 /model/transformer/h.0/attn/c_proj/Gemm_output_0__matmul_converted_MatMul(MatMulV2), 12:05:05.355826, 17, npu_aicore
 /model/transformer/h.0/Add_output_0(Add), 12:05:05.355827, 2, npu_aicore
 transdata_for_nd_18(TransData), 12:05:05.355827, 4, npu_aicore
 /model/transformer/h.0/ln_2/LayerNormalization_output_0(LayerNorm), 12:05:05.355827, 4, npu_aicore
 transdata_for_nd_19(TransData), 12:05:05.355828, 4, npu_aicore
 /model/transformer/h.0/mlp/c_fc/Reshape_output_0(Reshape), 12:05:05.355828, 2, npu_aicore
 /model/transformer/h.0/mlp/c_fc/Gemm_output_0__matmul_converted_MatMul(MatMulV2), 12:05:05.355828, 16, npu_aicore
 transdata_for_nd_20(TransData), 12:05:05.355828, 4, npu_aicore
 /model/transformer/h.0/mlp/act/Mul_output_0(Mul), 12:05:05.355828, 2, npu_aicore
 /model/transformer/h.0/mlp/act/Pow_output_0(Pow), 12:05:05.355829, 2, npu_aicore
 transdata_for_nd_21(TransData), 12:05:05.355829, 2, npu_aicore
 /model/transformer/h.0/mlp/act/Mul_1_output_0(Mul), 12:05:05.355829, 2, npu_aicore
 /model/transformer/h.0/mlp/act/Add_output_0(Add), 12:05:05.355830, 2, npu_aicore
 /model/transformer/h.0/mlp/act/Mul_2_output_0(Mul), 12:05:05.355830, 2, npu_aicore
 /model/transformer/h.0/mlp/act/Tanh_output_0(Activation), 12:05:05.355830, 1, npu_aicore
 /model/transformer/h.0/mlp/act/Add_1_output_0(Add), 12:05:05.355831, 1, npu_aicore
 /model/transformer/h.0/mlp/act/Mul_3_output_0(Mul), 12:05:05.355831, 2, npu_aicore
 /model/transformer/h.0/mlp/c_proj/Reshape_output_0(Reshape), 12:05:05.355831, 2, npu_aicore
 /model/transformer/h.0/mlp/c_proj/Gemm_output_0__matmul_converted_MatMul(MatMulV2), 12:05:05.355832, 17, npu_aicore
 hidden_block0(Add), 12:05:05.355832, 2, npu_aicore
 netoutput_cast_23(CastT), 12:05:05.355832, 2, npu_aicore
 graphop_data_cast_30(CastT), 12:05:05.355832, 2, npu_aicore
 transdata_for_nd_22(TransData), 12:05:05.355833, 4, npu_aicore
 /model/transformer/h.1/ln_1/LayerNormalization_output_0(LayerNorm), 12:05:05.355833, 4, npu_aicore
 transdata_for_nd_23(TransData), 12:05:05.355833, 4, npu_aicore
 /model/transformer/h.1/attn/c_attn/Reshape_output_0(Reshape), 12:05:05.355833, 2, npu_aicore
 /model/transformer/h.1/attn/c_attn/Gemm_output_0__matmul_converted_MatMul(MatMulV2), 12:05:05.355834, 17, npu_aicore
 /model/transformer/h.1/attn/Split_output_0(SplitD), 12:05:05.355834, 6, npu_aicore
 /model/transformer/h.1/attn/Transpose_1_output_0(Permute), 12:05:05.355834, 2, npu_aicore
 /model/transformer/h.1/attn/Transpose_2_output_0(Permute), 12:05:05.355835, 2, npu_aicore
 /model/transformer/h.1/attn/Transpose_output_0(Permute), 12:05:05.355835, 2, npu_aicore
 /model/transformer/h.1/attn/Mul_1_output_0(Mul), 12:05:05.355835, 2, npu_aicore
 /model/transformer/h.1/attn/Mul_output_0(Mul), 12:05:05.355835, 2, npu_aicore
 /model/transformer/h.1/attn/MatMul_output_0(BatchMatMulV2), 12:05:05.355836, 17, npu_aicore
 /model/transformer/h.1/attn/Add_output_0(Add), 12:05:05.355836, 2, npu_aicore
 /model/transformer/h.1/attn/Softmax_output_0(Softmax), 12:05:05.355836, 3, npu_aicore
 /model/transformer/h.1/attn/MatMul_1_output_0(BatchMatMulV2), 12:05:05.355837, 17, npu_aicore
 /model/transformer/h.1/attn/Transpose_3_output_0(Permute), 12:05:05.355837, 2, npu_aicore
 /model/transformer/h.1/attn/c_proj/Reshape_output_0(Reshape), 12:05:05.355837, 2, npu_aicore
 /model/transformer/h.1/attn/c_proj/Gemm_output_0__matmul_converted_MatMul(MatMulV2), 12:05:05.355837, 17, npu_aicore
 /model/transformer/h.1/Add_output_0(Add), 12:05:05.355838, 2, npu_aicore
 transdata_for_nd_24(TransData), 12:05:05.355838, 4, npu_aicore
 /model/transformer/h.1/ln_2/LayerNormalization_output_0(LayerNorm), 12:05:05.355838, 5, npu_aicore
 transdata_for_nd_25(TransData), 12:05:05.355838, 4, npu_aicore
 /model/transformer/h.1/mlp/c_fc/Reshape_output_0(Reshape), 12:05:05.355839, 2, npu_aicore
 /model/transformer/h.1/mlp/c_fc/Gemm_output_0__matmul_converted_MatMul(MatMulV2), 12:05:05.355839, 17, npu_aicore
 transdata_for_nd_26(TransData), 12:05:05.355839, 4, npu_aicore
 /model/transformer/h.1/mlp/act/Mul_output_0(Mul), 12:05:05.355840, 2, npu_aicore
 /model/transformer/h.1/mlp/act/Pow_output_0(Pow), 12:05:05.355840, 2, npu_aicore
 transdata_for_nd_27(TransData), 12:05:05.355840, 2, npu_aicore
 /model/transformer/h.1/mlp/act/Mul_1_output_0(Mul), 12:05:05.355841, 2, npu_aicore
 /model/transformer/h.1/mlp/act/Add_output_0(Add), 12:05:05.355841, 2, npu_aicore
 /model/transformer/h.1/mlp/act/Mul_2_output_0(Mul), 12:05:05.355841, 2, npu_aicore
 /model/transformer/h.1/mlp/act/Tanh_output_0(Activation), 12:05:05.355842, 2, npu_aicore
 /model/transformer/h.1/mlp/act/Add_1_output_0(Add), 12:05:05.355842, 2, npu_aicore
 /model/transformer/h.1/mlp/act/Mul_3_output_0(Mul), 12:05:05.355842, 2, npu_aicore
 /model/transformer/h.1/mlp/c_proj/Reshape_output_0(Reshape), 12:05:05.355842, 2, npu_aicore
 /model/transformer/h.1/mlp/c_proj/Gemm_output_0__matmul_converted_MatMul(MatMulV2), 12:05:05.355842, 17, npu_aicore
 /model/transformer/h.1/Add_1_output_0(Add), 12:05:05.355843, 1, npu_aicore
 transdata_for_nd_28(TransData), 12:05:05.355843, 4, npu_aicore
 /model/transformer/ln_f/LayerNormalization_output_0(LayerNorm), 12:05:05.355843, 4, npu_aicore
 transdata_for_nd_29(TransData), 12:05:05.355843, 4, npu_aicore
 hidden_block1(Reshape), 12:05:05.355844, 2, npu_aicore
 logits__matmul_converted_MatMul_InReshape(Reshape), 12:05:05.355844, 5, npu_aicore
 logits__matmul_converted_MatMul(MatMulV2), 12:05:05.355844, 420, npu_aicore
 logits(Reshape), 12:05:05.355845, 49, npu_aicore
 /Reshape_output_0(Reshape), 12:05:05.355845, 5, npu_aicore
 netoutput_cast_6(CastT), 12:05:05.355846, 3, npu_aicore
 graphop_data_cast_14(CastT), 12:05:05.355846, 2, npu_aicore
 transdata_for_nd_16(TransData), 12:05:05.355846, 4, npu_aicore
 /model/transformer/h.0/ln_1/LayerNormalization_output_0(LayerNorm), 12:05:05.355847, 4, npu_aicore
 transdata_for_nd_17(TransData), 12:05:05.355847, 4, npu_aicore
 /model/transformer/h.0/attn/c_attn/Reshape_output_0(Reshape), 12:05:05.355847, 2, npu_aicore
 /model/transformer/h.0/attn/c_attn/Gemm_output_0__matmul_converted_MatMul(MatMulV2), 12:05:05.355848, 17, npu_aicore
 /model/transformer/h.0/attn/Split_output_0(SplitD), 12:05:05.355848, 6, npu_aicore
 /model/transformer/h.0/attn/Transpose_1_output_0(Permute), 12:05:05.355848, 2, npu_aicore
 /model/transformer/h.0/attn/Transpose_2_output_0(Permute), 12:05:05.355849, 2, npu_aicore
 /model/transformer/h.0/attn/Transpose_output_0(Permute), 12:05:05.355849, 2, npu_aicore
 /model/transformer/h.0/attn/Mul_1_output_0(Mul), 12:05:05.355850, 2, npu_aicore
 /model/transformer/h.0/attn/Mul_output_0(Mul), 12:05:05.355850, 2, npu_aicore
 /model/transformer/h.0/attn/MatMul_output_0(BatchMatMulV2), 12:05:05.355850, 17, npu_aicore
 /model/transformer/h.0/attn/Add_output_0(Add), 12:05:05.355851, 3, npu_aicore
 /model/transformer/h.0/attn/Softmax_output_0(Softmax), 12:05:05.355851, 3, npu_aicore
 /model/transformer/h.0/attn/MatMul_1_output_0(BatchMatMulV2), 12:05:05.355851, 17, npu_aicore
 /model/transformer/h.0/attn/Transpose_3_output_0(Permute), 12:05:05.355852, 2, npu_aicore
 /model/transformer/h.0/attn/c_proj/Reshape_output_0(Reshape), 12:05:05.355852, 2, npu_aicore
 /model/transformer/h.0/attn/c_proj/Gemm_output_0__matmul_converted_MatMul(MatMulV2), 12:05:05.355852, 17, npu_aicore
 /model/transformer/h.0/Add_output_0(Add), 12:05:05.355852, 2, npu_aicore
 transdata_for_nd_18(TransData), 12:05:05.355852, 4, npu_aicore
 /model/transformer/h.0/ln_2/LayerNormalization_output_0(LayerNorm), 12:05:05.355853, 5, npu_aicore
 transdata_for_nd_19(TransData), 12:05:05.355853, 4, npu_aicore
 /model/transformer/h.0/mlp/c_fc/Reshape_output_0(Reshape), 12:05:05.355853, 2, npu_aicore
 /model/transformer/h.0/mlp/c_fc/Gemm_output_0__matmul_converted_MatMul(MatMulV2), 12:05:05.355854, 17, npu_aicore
 transdata_for_nd_20(TransData), 12:05:05.355854, 5, npu_aicore
 /model/transformer/h.0/mlp/act/Mul_output_0(Mul), 12:05:05.355855, 2, npu_aicore
 /model/transformer/h.0/mlp/act/Pow_output_0(Pow), 12:05:05.355855, 2, npu_aicore
 transdata_for_nd_21(TransData), 12:05:05.355855, 2, npu_aicore
 /model/transformer/h.0/mlp/act/Mul_1_output_0(Mul), 12:05:05.355855, 2, npu_aicore
 /model/transformer/h.0/mlp/act/Add_output_0(Add), 12:05:05.355855, 2, npu_aicore
 /model/transformer/h.0/mlp/act/Mul_2_output_0(Mul), 12:05:05.355856, 2, npu_aicore
 /model/transformer/h.0/mlp/act/Tanh_output_0(Activation), 12:05:05.355856, 2, npu_aicore
 /model/transformer/h.0/mlp/act/Add_1_output_0(Add), 12:05:05.355856, 2, npu_aicore
 /model/transformer/h.0/mlp/act/Mul_3_output_0(Mul), 12:05:05.355857, 2, npu_aicore
 /model/transformer/h.0/mlp/c_proj/Reshape_output_0(Reshape), 12:05:05.355857, 2, npu_aicore
 /model/transformer/h.0/mlp/c_proj/Gemm_output_0__matmul_converted_MatMul(MatMulV2), 12:05:05.355857, 17, npu_aicore
 hidden_block0(Add), 12:05:05.355857, 2, npu_aicore
 netoutput_cast_23(CastT), 12:05:05.355857, 2, npu_aicore
 graphop_data_cast_30(CastT), 12:05:05.355858, 2, npu_aicore
 transdata_for_nd_22(TransData), 12:05:05.355858, 4, npu_aicore
 /model/transformer/h.1/ln_1/LayerNormalization_output_0(LayerNorm), 12:05:05.355858, 4, npu_aicore
 transdata_for_nd_23(TransData), 12:05:05.355859, 4, npu_aicore
 /model/transformer/h.1/attn/c_attn/Reshape_output_0(Reshape), 12:05:05.355859, 2, npu_aicore
 /model/transformer/h.1/attn/c_attn/Gemm_output_0__matmul_converted_MatMul(MatMulV2), 12:05:05.355860, 16, npu_aicore
 /model/transformer/h.1/attn/Split_output_0(SplitD), 12:05:05.355860, 6, npu_aicore
 /model/transformer/h.1/attn/Transpose_1_output_0(Permute), 12:05:05.355861, 2, npu_aicore
 /model/transformer/h.1/attn/Transpose_2_output_0(Permute), 12:05:05.355861, 2, npu_aicore
 /model/transformer/h.1/attn/Transpose_output_0(Permute), 12:05:05.355861, 2, npu_aicore
 /model/transformer/h.1/attn/Mul_1_output_0(Mul), 12:05:05.355862, 2, npu_aicore
 /model/transformer/h.1/attn/Mul_output_0(Mul), 12:05:05.355862, 2, npu_aicore
 /model/transformer/h.1/attn/MatMul_output_0(BatchMatMulV2), 12:05:05.355863, 17, npu_aicore
 /model/transformer/h.1/attn/Add_output_0(Add), 12:05:05.355863, 2, npu_aicore
 /model/transformer/h.1/attn/Softmax_output_0(Softmax), 12:05:05.355863, 3, npu_aicore
 /model/transformer/h.1/attn/MatMul_1_output_0(BatchMatMulV2), 12:05:05.355863, 17, npu_aicore
 /model/transformer/h.1/attn/Transpose_3_output_0(Permute), 12:05:05.355864, 2, npu_aicore
 /model/transformer/h.1/attn/c_proj/Reshape_output_0(Reshape), 12:05:05.355864, 2, npu_aicore
 /model/transformer/h.1/attn/c_proj/Gemm_output_0__matmul_converted_MatMul(MatMulV2), 12:05:05.355864, 17, npu_aicore
 /model/transformer/h.1/Add_output_0(Add), 12:05:05.355865, 2, npu_aicore
 transdata_for_nd_24(TransData), 12:05:05.355865, 4, npu_aicore
 /model/transformer/h.1/ln_2/LayerNormalization_output_0(LayerNorm), 12:05:05.355865, 4, npu_aicore
 transdata_for_nd_25(TransData), 12:05:05.355866, 4, npu_aicore
 /model/transformer/h.1/mlp/c_fc/Reshape_output_0(Reshape), 12:05:05.355866, 2, npu_aicore
 /model/transformer/h.1/mlp/c_fc/Gemm_output_0__matmul_converted_MatMul(MatMulV2), 12:05:05.355866, 17, npu_aicore
 transdata_for_nd_26(TransData), 12:05:05.355867, 5, npu_aicore
 /model/transformer/h.1/mlp/act/Mul_output_0(Mul), 12:05:05.355867, 2, npu_aicore
 /model/transformer/h.1/mlp/act/Pow_output_0(Pow), 12:05:05.355867, 2, npu_aicore
 transdata_for_nd_27(TransData), 12:05:05.355868, 2, npu_aicore
 /model/transformer/h.1/mlp/act/Mul_1_output_0(Mul), 12:05:05.355868, 2, npu_aicore
 /model/transformer/h.1/mlp/act/Add_output_0(Add), 12:05:05.355868, 2, npu_aicore
 /model/transformer/h.1/mlp/act/Mul_2_output_0(Mul), 12:05:05.355869, 2, npu_aicore
 /model/transformer/h.1/mlp/act/Tanh_output_0(Activation), 12:05:05.355869, 2, npu_aicore
 /model/transformer/h.1/mlp/act/Add_1_output_0(Add), 12:05:05.355869, 2, npu_aicore
 /model/transformer/h.1/mlp/act/Mul_3_output_0(Mul), 12:05:05.355870, 2, npu_aicore
 /model/transformer/h.1/mlp/c_proj/Reshape_output_0(Reshape), 12:05:05.355870, 2, npu_aicore
 /model/transformer/h.1/mlp/c_proj/Gemm_output_0__matmul_converted_MatMul(MatMulV2), 12:05:05.355870, 17, npu_aicore
 /model/transformer/h.1/Add_1_output_0(Add), 12:05:05.355871, 1, npu_aicore
 transdata_for_nd_28(TransData), 12:05:05.355871, 4, npu_aicore
 /model/transformer/ln_f/LayerNormalization_output_0(LayerNorm), 12:05:05.355871, 4, npu_aicore
 transdata_for_nd_29(TransData), 12:05:05.355872, 4, npu_aicore
 hidden_block1(Reshape), 12:05:05.355872, 2, npu_aicore
 logits__matmul_converted_MatMul_InReshape(Reshape), 12:05:05.355872, 5, npu_aicore
 logits__matmul_converted_MatMul(MatMulV2), 12:05:05.355872, 418, npu_aicore
 logits(Reshape), 12:05:05.355872, 47, npu_aicore
 /Reshape_output_0(Reshape), 12:05:05.365955, 20, npu_aicore
 netoutput_cast_6(CastT), 12:05:05.365955, 4, npu_aicore
 graphop_data_cast_14(CastT), 12:05:05.365956, 2, npu_aicore
 transdata_for_nd_16(TransData), 12:05:05.365956, 4, npu_aicore
 /model/transformer/h.0/ln_1/LayerNormalization_output_0(LayerNorm), 12:05:05.365956, 4, npu_aicore
 transdata_for_nd_17(TransData), 12:05:05.365957, 4, npu_aicore
 /model/transformer/h.0/attn/c_attn/Reshape_output_0(Reshape), 12:05:05.365957, 2, npu_aicore
 /model/transformer/h.0/attn/c_attn/Gemm_output_0__matmul_converted_MatMul(MatMulV2), 12:05:05.365957, 18, npu_aicore
 /model/transformer/h.0/attn/Split_output_0(SplitD), 12:05:05.365958, 7, npu_aicore
 /model/transformer/h.0/attn/Transpose_1_output_0(Permute), 12:05:05.365958, 2, npu_aicore
 /model/transformer/h.0/attn/Transpose_2_output_0(Permute), 12:05:05.365959, 2, npu_aicore
 /model/transformer/h.0/attn/Transpose_output_0(Permute), 12:05:05.365959, 2, npu_aicore
 /model/transformer/h.0/attn/Mul_1_output_0(Mul), 12:05:05.365959, 2, npu_aicore
 /model/transformer/h.0/attn/Mul_output_0(Mul), 12:05:05.365960, 2, npu_aicore
 /model/transformer/h.0/attn/MatMul_output_0(BatchMatMulV2), 12:05:05.365960, 18, npu_aicore
 /model/transformer/h.0/attn/Add_output_0(Add), 12:05:05.365960, 2, npu_aicore
 /model/transformer/h.0/attn/Softmax_output_0(Softmax), 12:05:05.365961, 4, npu_aicore
 /model/transformer/h.0/attn/MatMul_1_output_0(BatchMatMulV2), 12:05:05.365961, 18, npu_aicore
 /model/transformer/h.0/attn/Transpose_3_output_0(Permute), 12:05:05.365961, 2, npu_aicore
 /model/transformer/h.0/attn/c_proj/Reshape_output_0(Reshape), 12:05:05.365962, 2, npu_aicore
 /model/transformer/h.0/attn/c_proj/Gemm_output_0__matmul_converted_MatMul(MatMulV2), 12:05:05.365962, 18, npu_aicore
 /model/transformer/h.0/Add_output_0(Add), 12:05:05.365962, 2, npu_aicore
 transdata_for_nd_18(TransData), 12:05:05.365963, 4, npu_aicore
 /model/transformer/h.0/ln_2/LayerNormalization_output_0(LayerNorm), 12:05:05.365963, 4, npu_aicore
 transdata_for_nd_19(TransData), 12:05:05.365964, 5, npu_aicore
 /model/transformer/h.0/mlp/c_fc/Reshape_output_0(Reshape), 12:05:05.365964, 2, npu_aicore
 /model/transformer/h.0/mlp/c_fc/Gemm_output_0__matmul_converted_MatMul(MatMulV2), 12:05:05.365965, 18, npu_aicore
 transdata_for_nd_20(TransData), 12:05:05.365965, 5, npu_aicore
 /model/transformer/h.0/mlp/act/Mul_output_0(Mul), 12:05:05.365965, 2, npu_aicore
 /model/transformer/h.0/mlp/act/Pow_output_0(Pow), 12:05:05.365965, 2, npu_aicore
 transdata_for_nd_21(TransData), 12:05:05.365966, 3, npu_aicore
 /model/transformer/h.0/mlp/act/Mul_1_output_0(Mul), 12:05:05.365967, 2, npu_aicore
 /model/transformer/h.0/mlp/act/Add_output_0(Add), 12:05:05.365967, 2, npu_aicore
 /model/transformer/h.0/mlp/act/Mul_2_output_0(Mul), 12:05:05.365967, 2, npu_aicore
 /model/transformer/h.0/mlp/act/Tanh_output_0(Activation), 12:05:05.365967, 2, npu_aicore
 /model/transformer/h.0/mlp/act/Add_1_output_0(Add), 12:05:05.365968, 2, npu_aicore
 /model/transformer/h.0/mlp/act/Mul_3_output_0(Mul), 12:05:05.365968, 2, npu_aicore
 /model/transformer/h.0/mlp/c_proj/Reshape_output_0(Reshape), 12:05:05.365968, 2, npu_aicore
 /model/transformer/h.0/mlp/c_proj/Gemm_output_0__matmul_converted_MatMul(MatMulV2), 12:05:05.365969, 18, npu_aicore
 hidden_block0(Add), 12:05:05.365969, 2, npu_aicore
 netoutput_cast_23(CastT), 12:05:05.365970, 2, npu_aicore
 graphop_data_cast_30(CastT), 12:05:05.365970, 3, npu_aicore
 transdata_for_nd_22(TransData), 12:05:05.365971, 4, npu_aicore
 /model/transformer/h.1/ln_1/LayerNormalization_output_0(LayerNorm), 12:05:05.365971, 4, npu_aicore
 transdata_for_nd_23(TransData), 12:05:05.365971, 4, npu_aicore
 /model/transformer/h.1/attn/c_attn/Reshape_output_0(Reshape), 12:05:05.365972, 2, npu_aicore
 /model/transformer/h.1/attn/c_attn/Gemm_output_0__matmul_converted_MatMul(MatMulV2), 12:05:05.365972, 18, npu_aicore
 /model/transformer/h.1/attn/Split_output_0(SplitD), 12:05:05.365972, 6, npu_aicore
 /model/transformer/h.1/attn/Transpose_1_output_0(Permute), 12:05:05.365973, 2, npu_aicore
 /model/transformer/h.1/attn/Transpose_2_output_0(Permute), 12:05:05.365973, 2, npu_aicore
 /model/transformer/h.1/attn/Transpose_output_0(Permute), 12:05:05.365973, 2, npu_aicore
 /model/transformer/h.1/attn/Mul_1_output_0(Mul), 12:05:05.365974, 2, npu_aicore
 /model/transformer/h.1/attn/Mul_output_0(Mul), 12:05:05.365974, 2, npu_aicore
 /model/transformer/h.1/attn/MatMul_output_0(BatchMatMulV2), 12:05:05.365975, 18, npu_aicore
 /model/transformer/h.1/attn/Add_output_0(Add), 12:05:05.365975, 3, npu_aicore
 /model/transformer/h.1/attn/Softmax_output_0(Softmax), 12:05:05.365976, 3, npu_aicore
 /model/transformer/h.1/attn/MatMul_1_output_0(BatchMatMulV2), 12:05:05.365976, 18, npu_aicore
 /model/transformer/h.1/attn/Transpose_3_output_0(Permute), 12:05:05.365976, 3, npu_aicore
 /model/transformer/h.1/attn/c_proj/Reshape_output_0(Reshape), 12:05:05.365977, 2, npu_aicore
 /model/transformer/h.1/attn/c_proj/Gemm_output_0__matmul_converted_MatMul(MatMulV2), 12:05:05.365977, 18, npu_aicore
 /model/transformer/h.1/Add_output_0(Add), 12:05:05.365977, 2, npu_aicore
 transdata_for_nd_24(TransData), 12:05:05.365978, 5, npu_aicore
 /model/transformer/h.1/ln_2/LayerNormalization_output_0(LayerNorm), 12:05:05.365978, 4, npu_aicore
 transdata_for_nd_25(TransData), 12:05:05.365979, 5, npu_aicore
 /model/transformer/h.1/mlp/c_fc/Reshape_output_0(Reshape), 12:05:05.365979, 2, npu_aicore
 /model/transformer/h.1/mlp/c_fc/Gemm_output_0__matmul_converted_MatMul(MatMulV2), 12:05:05.365979, 18, npu_aicore
 transdata_for_nd_26(TransData), 12:05:05.365980, 5, npu_aicore
 /model/transformer/h.1/mlp/act/Mul_output_0(Mul), 12:05:05.365980, 2, npu_aicore
 /model/transformer/h.1/mlp/act/Pow_output_0(Pow), 12:05:05.365981, 2, npu_aicore
 transdata_for_nd_27(TransData), 12:05:05.365981, 3, npu_aicore
 /model/transformer/h.1/mlp/act/Mul_1_output_0(Mul), 12:05:05.365981, 2, npu_aicore
 /model/transformer/h.1/mlp/act/Add_output_0(Add), 12:05:05.365982, 2, npu_aicore
 /model/transformer/h.1/mlp/act/Mul_2_output_0(Mul), 12:05:05.365982, 2, npu_aicore
 /model/transformer/h.1/mlp/act/Tanh_output_0(Activation), 12:05:05.365982, 2, npu_aicore
 /model/transformer/h.1/mlp/act/Add_1_output_0(Add), 12:05:05.365983, 2, npu_aicore
 /model/transformer/h.1/mlp/act/Mul_3_output_0(Mul), 12:05:05.365983, 2, npu_aicore
 /model/transformer/h.1/mlp/c_proj/Reshape_output_0(Reshape), 12:05:05.365984, 2, npu_aicore
 /model/transformer/h.1/mlp/c_proj/Gemm_output_0__matmul_converted_MatMul(MatMulV2), 12:05:05.365984, 18, npu_aicore
 /model/transformer/h.1/Add_1_output_0(Add), 12:05:05.365985, 2, npu_aicore
 transdata_for_nd_28(TransData), 12:05:05.365985, 4, npu_aicore
 /model/transformer/ln_f/LayerNormalization_output_0(LayerNorm), 12:05:05.365985, 4, npu_aicore
 transdata_for_nd_29(TransData), 12:05:05.365985, 4, npu_aicore
 hidden_block1(Reshape), 12:05:05.365986, 2, npu_aicore
 logits__matmul_converted_MatMul_InReshape(Reshape), 12:05:05.365986, 5, npu_aicore
 logits__matmul_converted_MatMul(MatMulV2), 12:05:05.365986, 421, npu_aicore
 logits(Reshape), 12:05:05.365987, 51, npu_aicore
 /Reshape_output_0(Reshape), 12:05:05.365987, 20, npu_aicore
 netoutput_cast_6(CastT), 12:05:05.365987, 4, npu_aicore
 graphop_data_cast_14(CastT), 12:05:05.365988, 3, npu_aicore
 transdata_for_nd_16(TransData), 12:05:05.365988, 4, npu_aicore
 /model/transformer/h.0/ln_1/LayerNormalization_output_0(LayerNorm), 12:05:05.365989, 4, npu_aicore
 transdata_for_nd_17(TransData), 12:05:05.365989, 4, npu_aicore
 /model/transformer/h.0/attn/c_attn/Reshape_output_0(Reshape), 12:05:05.365989, 2, npu_aicore
 /model/transformer/h.0/attn/c_attn/Gemm_output_0__matmul_converted_MatMul(MatMulV2), 12:05:05.365990, 19, npu_aicore
 /model/transformer/h.0/attn/Split_output_0(SplitD), 12:05:05.365990, 7, npu_aicore
 /model/transformer/h.0/attn/Transpose_1_output_0(Permute), 12:05:05.365991, 2, npu_aicore
 /model/transformer/h.0/attn/Transpose_2_output_0(Permute), 12:05:05.365991, 2, npu_aicore
 /model/transformer/h.0/attn/Transpose_output_0(Permute), 12:05:05.365991, 3, npu_aicore
 /model/transformer/h.0/attn/Mul_1_output_0(Mul), 12:05:05.365992, 2, npu_aicore
 /model/transformer/h.0/attn/Mul_output_0(Mul), 12:05:05.365992, 2, npu_aicore
 /model/transformer/h.0/attn/MatMul_output_0(BatchMatMulV2), 12:05:05.365992, 18, npu_aicore
 /model/transformer/h.0/attn/Add_output_0(Add), 12:05:05.365992, 3, npu_aicore
 /model/transformer/h.0/attn/Softmax_output_0(Softmax), 12:05:05.365993, 3, npu_aicore
 /model/transformer/h.0/attn/MatMul_1_output_0(BatchMatMulV2), 12:05:05.365993, 18, npu_aicore
 /model/transformer/h.0/attn/Transpose_3_output_0(Permute), 12:05:05.365994, 2, npu_aicore
 /model/transformer/h.0/attn/c_proj/Reshape_output_0(Reshape), 12:05:05.365994, 2, npu_aicore
 /model/transformer/h.0/attn/c_proj/Gemm_output_0__matmul_converted_MatMul(MatMulV2), 12:05:05.365995, 18, npu_aicore
 /model/transformer/h.0/Add_output_0(Add), 12:05:05.365995, 2, npu_aicore
 transdata_for_nd_18(TransData), 12:05:05.365995, 4, npu_aicore
 /model/transformer/h.0/ln_2/LayerNormalization_output_0(LayerNorm), 12:05:05.365995, 5, npu_aicore
 transdata_for_nd_19(TransData), 12:05:05.365996, 5, npu_aicore
 /model/transformer/h.0/mlp/c_fc/Reshape_output_0(Reshape), 12:05:05.365996, 3, npu_aicore
 /model/transformer/h.0/mlp/c_fc/Gemm_output_0__matmul_converted_MatMul(MatMulV2), 12:05:05.365996, 18, npu_aicore
 transdata_for_nd_20(TransData), 12:05:05.365997, 4, npu_aicore
 /model/transformer/h.0/mlp/act/Mul_output_0(Mul), 12:05:05.365997, 2, npu_aicore
 /model/transformer/h.0/mlp/act/Pow_output_0(Pow), 12:05:05.365997, 2, npu_aicore
 transdata_for_nd_21(TransData), 12:05:05.365998, 2, npu_aicore
 /model/transformer/h.0/mlp/act/Mul_1_output_0(Mul), 12:05:05.365998, 2, npu_aicore
 /model/transformer/h.0/mlp/act/Add_output_0(Add), 12:05:05.365999, 2, npu_aicore
 /model/transformer/h.0/mlp/act/Mul_2_output_0(Mul), 12:05:05.365999, 2, npu_aicore
 /model/transformer/h.0/mlp/act/Tanh_output_0(Activation), 12:05:05.365999, 2, npu_aicore
 /model/transformer/h.0/mlp/act/Add_1_output_0(Add), 12:05:05.366000, 2, npu_aicore
 /model/transformer/h.0/mlp/act/Mul_3_output_0(Mul), 12:05:05.366000, 2, npu_aicore
 /model/transformer/h.0/mlp/c_proj/Reshape_output_0(Reshape), 12:05:05.366001, 2, npu_aicore
 /model/transformer/h.0/mlp/c_proj/Gemm_output_0__matmul_converted_MatMul(MatMulV2), 12:05:05.366001, 18, npu_aicore
 hidden_block0(Add), 12:05:05.366002, 2, npu_aicore
 netoutput_cast_23(CastT), 12:05:05.366002, 3, npu_aicore
 graphop_data_cast_30(CastT), 12:05:05.366002, 3, npu_aicore
 transdata_for_nd_22(TransData), 12:05:05.366002, 5, npu_aicore
 /model/transformer/h.1/ln_1/LayerNormalization_output_0(LayerNorm), 12:05:05.366003, 5, npu_aicore
 transdata_for_nd_23(TransData), 12:05:05.366003, 5, npu_aicore
 /model/transformer/h.1/attn/c_attn/Reshape_output_0(Reshape), 12:05:05.366003, 2, npu_aicore
 /model/transformer/h.1/attn/c_attn/Gemm_output_0__matmul_converted_MatMul(MatMulV2), 12:05:05.366004, 18, npu_aicore
 /model/transformer/h.1/attn/Split_output_0(SplitD), 12:05:05.366004, 6, npu_aicore
 /model/transformer/h.1/attn/Transpose_1_output_0(Permute), 12:05:05.366005, 2, npu_aicore
 /model/transformer/h.1/attn/Transpose_2_output_0(Permute), 12:05:05.366005, 2, npu_aicore
 /model/transformer/h.1/attn/Transpose_output_0(Permute), 12:05:05.366005, 2, npu_aicore
 /model/transformer/h.1/attn/Mul_1_output_0(Mul), 12:05:05.366006, 2, npu_aicore
 /model/transformer/h.1/attn/Mul_output_0(Mul), 12:05:05.366006, 2, npu_aicore
 /model/transformer/h.1/attn/MatMul_output_0(BatchMatMulV2), 12:05:05.366006, 18, npu_aicore
 /model/transformer/h.1/attn/Add_output_0(Add), 12:05:05.366007, 3, npu_aicore
 /model/transformer/h.1/attn/Softmax_output_0(Softmax), 12:05:05.366007, 3, npu_aicore
 /model/transformer/h.1/attn/MatMul_1_output_0(BatchMatMulV2), 12:05:05.366008, 18, npu_aicore
 /model/transformer/h.1/attn/Transpose_3_output_0(Permute), 12:05:05.366008, 2, npu_aicore
 /model/transformer/h.1/attn/c_proj/Reshape_output_0(Reshape), 12:05:05.366008, 2, npu_aicore
 /model/transformer/h.1/attn/c_proj/Gemm_output_0__matmul_converted_MatMul(MatMulV2), 12:05:05.366009, 19, npu_aicore
 /model/transformer/h.1/Add_output_0(Add), 12:05:05.366009, 2, npu_aicore
 transdata_for_nd_24(TransData), 12:05:05.366009, 5, npu_aicore
 /model/transformer/h.1/ln_2/LayerNormalization_output_0(LayerNorm), 12:05:05.366010, 5, npu_aicore
 transdata_for_nd_25(TransData), 12:05:05.366010, 5, npu_aicore
 /model/transformer/h.1/mlp/c_fc/Reshape_output_0(Reshape), 12:05:05.366010, 2, npu_aicore
 /model/transformer/h.1/mlp/c_fc/Gemm_output_0__matmul_converted_MatMul(MatMulV2), 12:05:05.366011, 18, npu_aicore
 transdata_for_nd_26(TransData), 12:05:05.366011, 5, npu_aicore
 /model/transformer/h.1/mlp/act/Mul_output_0(Mul), 12:05:05.366012, 2, npu_aicore
 /model/transformer/h.1/mlp/act/Pow_output_0(Pow), 12:05:05.366012, 2, npu_aicore
 transdata_for_nd_27(TransData), 12:05:05.366012, 3, npu_aicore
 /model/transformer/h.1/mlp/act/Mul_1_output_0(Mul), 12:05:05.366013, 2, npu_aicore
 /model/transformer/h.1/mlp/act/Add_output_0(Add), 12:05:05.366013, 2, npu_aicore
 /model/transformer/h.1/mlp/act/Mul_2_output_0(Mul), 12:05:05.366013, 2, npu_aicore
 /model/transformer/h.1/mlp/act/Tanh_output_0(Activation), 12:05:05.366014, 2, npu_aicore
 /model/transformer/h.1/mlp/act/Add_1_output_0(Add), 12:05:05.366014, 2, npu_aicore
 /model/transformer/h.1/mlp/act/Mul_3_output_0(Mul), 12:05:05.366014, 2, npu_aicore
 /model/transformer/h.1/mlp/c_proj/Reshape_output_0(Reshape), 12:05:05.366015, 2, npu_aicore
 /model/transformer/h.1/mlp/c_proj/Gemm_output_0__matmul_converted_MatMul(MatMulV2), 12:05:05.366015, 18, npu_aicore
 /model/transformer/h.1/Add_1_output_0(Add), 12:05:05.366015, 2, npu_aicore
 transdata_for_nd_28(TransData), 12:05:05.366015, 4, npu_aicore
 /model/transformer/ln_f/LayerNormalization_output_0(LayerNorm), 12:05:05.366016, 5, npu_aicore
 transdata_for_nd_29(TransData), 12:05:05.366016, 5, npu_aicore
 hidden_block1(Reshape), 12:05:05.366017, 6, npu_aicore
 logits__matmul_converted_MatMul_InReshape(Reshape), 12:05:05.366017, 6, npu_aicore
 logits__matmul_converted_MatMul(MatMulV2), 12:05:05.366017, 421, npu_aicore
 logits(Reshape), 12:05:05.366018, 51, npu_aicore
 /Reshape_output_0(Reshape), 12:05:05.366018, 20, npu_aicore
 netoutput_cast_6(CastT), 12:05:05.366019, 4, npu_aicore
 graphop_data_cast_14(CastT), 12:05:05.366019, 2, npu_aicore
 transdata_for_nd_16(TransData), 12:05:05.366019, 4, npu_aicore
 /model/transformer/h.0/ln_1/LayerNormalization_output_0(LayerNorm), 12:05:05.366020, 4, npu_aicore
 transdata_for_nd_17(TransData), 12:05:05.366020, 4, npu_aicore
 /model/transformer/h.0/attn/c_attn/Reshape_output_0(Reshape), 12:05:05.366020, 2, npu_aicore
 /model/transformer/h.0/attn/c_attn/Gemm_output_0__matmul_converted_MatMul(MatMulV2), 12:05:05.366021, 19, npu_aicore
 /model/transformer/h.0/attn/Split_output_0(SplitD), 12:05:05.366021, 7, npu_aicore
 /model/transformer/h.0/attn/Transpose_1_output_0(Permute), 12:05:05.366022, 2, npu_aicore
 /model/transformer/h.0/attn/Transpose_2_output_0(Permute), 12:05:05.366022, 2, npu_aicore
 /model/transformer/h.0/attn/Transpose_output_0(Permute), 12:05:05.366022, 2, npu_aicore
 /model/transformer/h.0/attn/Mul_1_output_0(Mul), 12:05:05.366023, 2, npu_aicore
 /model/transformer/h.0/attn/Mul_output_0(Mul), 12:05:05.366023, 2, npu_aicore
 /model/transformer/h.0/attn/MatMul_output_0(BatchMatMulV2), 12:05:05.366023, 18, npu_aicore
 /model/transformer/h.0/attn/Add_output_0(Add), 12:05:05.366024, 3, npu_aicore
 /model/transformer/h.0/attn/Softmax_output_0(Softmax), 12:05:05.366024, 3, npu_aicore
 /model/transformer/h.0/attn/MatMul_1_output_0(BatchMatMulV2), 12:05:05.366025, 18, npu_aicore
 /model/transformer/h.0/attn/Transpose_3_output_0(Permute), 12:05:05.366025, 2, npu_aicore
 /model/transformer/h.0/attn/c_proj/Reshape_output_0(Reshape), 12:05:05.366025, 2, npu_aicore
 /model/transformer/h.0/attn/c_proj/Gemm_output_0__matmul_converted_MatMul(MatMulV2), 12:05:05.366025, 19, npu_aicore
 /model/transformer/h.0/Add_output_0(Add), 12:05:05.366026, 2, npu_aicore
 transdata_for_nd_18(TransData), 12:05:05.366026, 4, npu_aicore
 /model/transformer/h.0/ln_2/LayerNormalization_output_0(LayerNorm), 12:05:05.366027, 4, npu_aicore
 transdata_for_nd_19(TransData), 12:05:05.366027, 4, npu_aicore
 /model/transformer/h.0/mlp/c_fc/Reshape_output_0(Reshape), 12:05:05.366027, 2, npu_aicore
 /model/transformer/h.0/mlp/c_fc/Gemm_output_0__matmul_converted_MatMul(MatMulV2), 12:05:05.366028, 18, npu_aicore
 transdata_for_nd_20(TransData), 12:05:05.366028, 5, npu_aicore
 /model/transformer/h.0/mlp/act/Mul_output_0(Mul), 12:05:05.366028, 2, npu_aicore
 /model/transformer/h.0/mlp/act/Pow_output_0(Pow), 12:05:05.366029, 2, npu_aicore
 transdata_for_nd_21(TransData), 12:05:05.366029, 2, npu_aicore
 /model/transformer/h.0/mlp/act/Mul_1_output_0(Mul), 12:05:05.366029, 2, npu_aicore
 /model/transformer/h.0/mlp/act/Add_output_0(Add), 12:05:05.366030, 2, npu_aicore
 /model/transformer/h.0/mlp/act/Mul_2_output_0(Mul), 12:05:05.366030, 2, npu_aicore
 /model/transformer/h.0/mlp/act/Tanh_output_0(Activation), 12:05:05.366030, 2, npu_aicore
 /model/transformer/h.0/mlp/act/Add_1_output_0(Add), 12:05:05.366031, 2, npu_aicore
 /model/transformer/h.0/mlp/act/Mul_3_output_0(Mul), 12:05:05.366031, 2, npu_aicore
 /model/transformer/h.0/mlp/c_proj/Reshape_output_0(Reshape), 12:05:05.366031, 2, npu_aicore
 /model/transformer/h.0/mlp/c_proj/Gemm_output_0__matmul_converted_MatMul(MatMulV2), 12:05:05.366032, 18, npu_aicore
 hidden_block0(Add), 12:05:05.366032, 2, npu_aicore
 netoutput_cast_23(CastT), 12:05:05.366032, 2, npu_aicore
 graphop_data_cast_30(CastT), 12:05:05.366032, 3, npu_aicore
 transdata_for_nd_22(TransData), 12:05:05.366033, 4, npu_aicore
 /model/transformer/h.1/ln_1/LayerNormalization_output_0(LayerNorm), 12:05:05.366033, 4, npu_aicore
 transdata_for_nd_23(TransData), 12:05:05.366034, 4, npu_aicore
 /model/transformer/h.1/attn/c_attn/Reshape_output_0(Reshape), 12:05:05.366034, 2, npu_aicore
 /model/transformer/h.1/attn/c_attn/Gemm_output_0__matmul_converted_MatMul(MatMulV2), 12:05:05.366035, 18, npu_aicore
 /model/transformer/h.1/attn/Split_output_0(SplitD), 12:05:05.366035, 6, npu_aicore
 /model/transformer/h.1/attn/Transpose_1_output_0(Permute), 12:05:05.366035, 2, npu_aicore
 /model/transformer/h.1/attn/Transpose_2_output_0(Permute), 12:05:05.366036, 2, npu_aicore
 /model/transformer/h.1/attn/Transpose_output_0(Permute), 12:05:05.366036, 2, npu_aicore
 /model/transformer/h.1/attn/Mul_1_output_0(Mul), 12:05:05.366036, 2, npu_aicore
 /model/transformer/h.1/attn/Mul_output_0(Mul), 12:05:05.366037, 2, npu_aicore
 /model/transformer/h.1/attn/MatMul_output_0(BatchMatMulV2), 12:05:05.366037, 18, npu_aicore
 /model/transformer/h.1/attn/Add_output_0(Add), 12:05:05.366037, 3, npu_aicore
 /model/transformer/h.1/attn/Softmax_output_0(Softmax), 12:05:05.366038, 3, npu_aicore
 /model/transformer/h.1/attn/MatMul_1_output_0(BatchMatMulV2), 12:05:05.366038, 18, npu_aicore
 /model/transformer/h.1/attn/Transpose_3_output_0(Permute), 12:05:05.366039, 2, npu_aicore
 /model/transformer/h.1/attn/c_proj/Reshape_output_0(Reshape), 12:05:05.366039, 2, npu_aicore
 /model/transformer/h.1/attn/c_proj/Gemm_output_0__matmul_converted_MatMul(MatMulV2), 12:05:05.366039, 18, npu_aicore
 /model/transformer/h.1/Add_output_0(Add), 12:05:05.366040, 2, npu_aicore
 transdata_for_nd_24(TransData), 12:05:05.366040, 5, npu_aicore
 /model/transformer/h.1/ln_2/LayerNormalization_output_0(LayerNorm), 12:05:05.366041, 4, npu_aicore
 transdata_for_nd_25(TransData), 12:05:05.366041, 4, npu_aicore
 /model/transformer/h.1/mlp/c_fc/Reshape_output_0(Reshape), 12:05:05.366041, 2, npu_aicore
 /model/transformer/h.1/mlp/c_fc/Gemm_output_0__matmul_converted_MatMul(MatMulV2), 12:05:05.366042, 18, npu_aicore
 transdata_for_nd_26(TransData), 12:05:05.366042, 5, npu_aicore
 /model/transformer/h.1/mlp/act/Mul_output_0(Mul), 12:05:05.366042, 2, npu_aicore
 /model/transformer/h.1/mlp/act/Pow_output_0(Pow), 12:05:05.366043, 2, npu_aicore
 transdata_for_nd_27(TransData), 12:05:05.366043, 3, npu_aicore
 /model/transformer/h.1/mlp/act/Mul_1_output_0(Mul), 12:05:05.366044, 2, npu_aicore
 /model/transformer/h.1/mlp/act/Add_output_0(Add), 12:05:05.366044, 2, npu_aicore
 /model/transformer/h.1/mlp/act/Mul_2_output_0(Mul), 12:05:05.366044, 2, npu_aicore
 /model/transformer/h.1/mlp/act/Tanh_output_0(Activation), 12:05:05.366045, 2, npu_aicore
 /model/transformer/h.1/mlp/act/Add_1_output_0(Add), 12:05:05.366045, 2, npu_aicore
 /model/transformer/h.1/mlp/act/Mul_3_output_0(Mul), 12:05:05.366046, 2, npu_aicore
 /model/transformer/h.1/mlp/c_proj/Reshape_output_0(Reshape), 12:05:05.366046, 2, npu_aicore
 /model/transformer/h.1/mlp/c_proj/Gemm_output_0__matmul_converted_MatMul(MatMulV2), 12:05:05.366046, 18, npu_aicore
 /model/transformer/h.1/Add_1_output_0(Add), 12:05:05.366047, 2, npu_aicore
 transdata_for_nd_28(TransData), 12:05:05.366047, 4, npu_aicore
 /model/transformer/ln_f/LayerNormalization_output_0(LayerNorm), 12:05:05.366047, 4, npu_aicore
 transdata_for_nd_29(TransData), 12:05:05.366048, 4, npu_aicore
 hidden_block1(Reshape), 12:05:05.366048, 2, npu_aicore
 logits__matmul_converted_MatMul_InReshape(Reshape), 12:05:05.366048, 5, npu_aicore
 logits__matmul_converted_MatMul(MatMulV2), 12:05:05.366049, 431, npu_aicore
 logits(Reshape), 12:05:05.366049, 70, npu_aicore
 /Reshape_output_0(Reshape), 12:05:05.366049, 20, npu_aicore
 netoutput_cast_6(CastT), 12:05:05.366050, 4, npu_aicore
 graphop_data_cast_14(CastT), 12:05:05.366050, 3, npu_aicore
 transdata_for_nd_16(TransData), 12:05:05.366050, 4, npu_aicore
 /model/transformer/h.0/ln_1/LayerNormalization_output_0(LayerNorm), 12:05:05.366051, 5, npu_aicore
 transdata_for_nd_17(TransData), 12:05:05.366051, 4, npu_aicore
 /model/transformer/h.0/attn/c_attn/Reshape_output_0(Reshape), 12:05:05.366052, 2, npu_aicore
 /model/transformer/h.0/attn/c_attn/Gemm_output_0__matmul_converted_MatMul(MatMulV2), 12:05:05.366052, 19, npu_aicore
 /model/transformer/h.0/attn/Split_output_0(SplitD), 12:05:05.366052, 7, npu_aicore
 /model/transformer/h.0/attn/Transpose_1_output_0(Permute), 12:05:05.366053, 2, npu_aicore
 /model/transformer/h.0/attn/Transpose_2_output_0(Permute), 12:05:05.366053, 2, npu_aicore
 /model/transformer/h.0/attn/Transpose_output_0(Permute), 12:05:05.366053, 3, npu_aicore
 /model/transformer/h.0/attn/Mul_1_output_0(Mul), 12:05:05.366054, 2, npu_aicore
 /model/transformer/h.0/attn/Mul_output_0(Mul), 12:05:05.366054, 2, npu_aicore
 /model/transformer/h.0/attn/MatMul_output_0(BatchMatMulV2), 12:05:05.366055, 19, npu_aicore
 /model/transformer/h.0/attn/Add_output_0(Add), 12:05:05.366055, 3, npu_aicore
 /model/transformer/h.0/attn/Softmax_output_0(Softmax), 12:05:05.366056, 3, npu_aicore
 /model/transformer/h.0/attn/MatMul_1_output_0(BatchMatMulV2), 12:05:05.366056, 19, npu_aicore
 /model/transformer/h.0/attn/Transpose_3_output_0(Permute), 12:05:05.366056, 3, npu_aicore
 /model/transformer/h.0/attn/c_proj/Reshape_output_0(Reshape), 12:05:05.366057, 2, npu_aicore
 /model/transformer/h.0/attn/c_proj/Gemm_output_0__matmul_converted_MatMul(MatMulV2), 12:05:05.366057, 19, npu_aicore
 /model/transformer/h.0/Add_output_0(Add), 12:05:05.366057, 2, npu_aicore
 transdata_for_nd_18(TransData), 12:05:05.366058, 4, npu_aicore
 /model/transformer/h.0/ln_2/LayerNormalization_output_0(LayerNorm), 12:05:05.366058, 5, npu_aicore
 transdata_for_nd_19(TransData), 12:05:05.366059, 5, npu_aicore
 /model/transformer/h.0/mlp/c_fc/Reshape_output_0(Reshape), 12:05:05.366059, 3, npu_aicore
 /model/transformer/h.0/mlp/c_fc/Gemm_output_0__matmul_converted_MatMul(MatMulV2), 12:05:05.366060, 17, npu_aicore
 transdata_for_nd_20(TransData), 12:05:05.366060, 5, npu_aicore
 /model/transformer/h.0/mlp/act/Mul_output_0(Mul), 12:05:05.366061, 2, npu_aicore
 /model/transformer/h.0/mlp/act/Pow_output_0(Pow), 12:05:05.366061, 2, npu_aicore
 transdata_for_nd_21(TransData), 12:05:05.366062, 3, npu_aicore
 /model/transformer/h.0/mlp/act/Mul_1_output_0(Mul), 12:05:05.366062, 2, npu_aicore
 /model/transformer/h.0/mlp/act/Add_output_0(Add), 12:05:05.366062, 2, npu_aicore
 /model/transformer/h.0/mlp/act/Mul_2_output_0(Mul), 12:05:05.366062, 2, npu_aicore
 /model/transformer/h.0/mlp/act/Tanh_output_0(Activation), 12:05:05.366063, 2, npu_aicore
 /model/transformer/h.0/mlp/act/Add_1_output_0(Add), 12:05:05.366063, 2, npu_aicore
 /model/transformer/h.0/mlp/act/Mul_3_output_0(Mul), 12:05:05.366063, 2, npu_aicore
 /model/transformer/h.0/mlp/c_proj/Reshape_output_0(Reshape), 12:05:05.366064, 2, npu_aicore
 /model/transformer/h.0/mlp/c_proj/Gemm_output_0__matmul_converted_MatMul(MatMulV2), 12:05:05.366065, 18, npu_aicore
 hidden_block0(Add), 12:05:05.366065, 2, npu_aicore
 netoutput_cast_23(CastT), 12:05:05.366066, 3, npu_aicore
 graphop_data_cast_30(CastT), 12:05:05.366066, 2, npu_aicore
 transdata_for_nd_22(TransData), 12:05:05.366066, 5, npu_aicore
 /model/transformer/h.1/ln_1/LayerNormalization_output_0(LayerNorm), 12:05:05.366067, 5, npu_aicore
 transdata_for_nd_23(TransData), 12:05:05.366067, 4, npu_aicore
 /model/transformer/h.1/attn/c_attn/Reshape_output_0(Reshape), 12:05:05.366068, 2, npu_aicore
 /model/transformer/h.1/attn/c_attn/Gemm_output_0__matmul_converted_MatMul(MatMulV2), 12:05:05.366069, 18, npu_aicore
 /model/transformer/h.1/attn/Split_output_0(SplitD), 12:05:05.366069, 6, npu_aicore
 /model/transformer/h.1/attn/Transpose_1_output_0(Permute), 12:05:05.366069, 2, npu_aicore
 /model/transformer/h.1/attn/Transpose_2_output_0(Permute), 12:05:05.366070, 2, npu_aicore
 /model/transformer/h.1/attn/Transpose_output_0(Permute), 12:05:05.366070, 2, npu_aicore
 /model/transformer/h.1/attn/Mul_1_output_0(Mul), 12:05:05.366071, 2, npu_aicore
 /model/transformer/h.1/attn/Mul_output_0(Mul), 12:05:05.366072, 2, npu_aicore
 /model/transformer/h.1/attn/MatMul_output_0(BatchMatMulV2), 12:05:05.366072, 18, npu_aicore
 /model/transformer/h.1/attn/Add_output_0(Add), 12:05:05.366072, 3, npu_aicore
 /model/transformer/h.1/attn/Softmax_output_0(Softmax), 12:05:05.366073, 3, npu_aicore
 /model/transformer/h.1/attn/MatMul_1_output_0(BatchMatMulV2), 12:05:05.366073, 18, npu_aicore
 /model/transformer/h.1/attn/Transpose_3_output_0(Permute), 12:05:05.366074, 4, npu_aicore
 /model/transformer/h.1/attn/c_proj/Reshape_output_0(Reshape), 12:05:05.366074, 2, npu_aicore
 /model/transformer/h.1/attn/c_proj/Gemm_output_0__matmul_converted_MatMul(MatMulV2), 12:05:05.366074, 18, npu_aicore
 /model/transformer/h.1/Add_output_0(Add), 12:05:05.366075, 2, npu_aicore
 transdata_for_nd_24(TransData), 12:05:05.366075, 5, npu_aicore
 /model/transformer/h.1/ln_2/LayerNormalization_output_0(LayerNorm), 12:05:05.366076, 5, npu_aicore
 transdata_for_nd_25(TransData), 12:05:05.366076, 5, npu_aicore
 /model/transformer/h.1/mlp/c_fc/Reshape_output_0(Reshape), 12:05:05.366077, 2, npu_aicore
 /model/transformer/h.1/mlp/c_fc/Gemm_output_0__matmul_converted_MatMul(MatMulV2), 12:05:05.366078, 19, npu_aicore
 transdata_for_nd_26(TransData), 12:05:05.366078, 5, npu_aicore
 /model/transformer/h.1/mlp/act/Mul_output_0(Mul), 12:05:05.366078, 2, npu_aicore
 /model/transformer/h.1/mlp/act/Pow_output_0(Pow), 12:05:05.366079, 2, npu_aicore
 transdata_for_nd_27(TransData), 12:05:05.366080, 2, npu_aicore
 /model/transformer/h.1/mlp/act/Mul_1_output_0(Mul), 12:05:05.366080, 2, npu_aicore
 /model/transformer/h.1/mlp/act/Add_output_0(Add), 12:05:05.366080, 2, npu_aicore
 /model/transformer/h.1/mlp/act/Mul_2_output_0(Mul), 12:05:05.366081, 2, npu_aicore
 /model/transformer/h.1/mlp/act/Tanh_output_0(Activation), 12:05:05.366081, 2, npu_aicore
 /model/transformer/h.1/mlp/act/Add_1_output_0(Add), 12:05:05.366082, 2, npu_aicore
 /model/transformer/h.1/mlp/act/Mul_3_output_0(Mul), 12:05:05.366082, 2, npu_aicore
 /model/transformer/h.1/mlp/c_proj/Reshape_output_0(Reshape), 12:05:05.366083, 2, npu_aicore
 /model/transformer/h.1/mlp/c_proj/Gemm_output_0__matmul_converted_MatMul(MatMulV2), 12:05:05.366083, 17, npu_aicore
 /model/transformer/h.1/Add_1_output_0(Add), 12:05:05.366084, 2, npu_aicore
 transdata_for_nd_28(TransData), 12:05:05.366084, 4, npu_aicore
 /model/transformer/ln_f/LayerNormalization_output_0(LayerNorm), 12:05:05.366084, 5, npu_aicore
 transdata_for_nd_29(TransData), 12:05:05.366085, 4, npu_aicore
 hidden_block1(Reshape), 12:05:05.366085, 5, npu_aicore
 logits__matmul_converted_MatMul_InReshape(Reshape), 12:05:05.366085, 5, npu_aicore
 logits__matmul_converted_MatMul(MatMulV2), 12:05:05.366086, 435, npu_aicore
 logits(Reshape), 12:05:05.366087, 52, npu_aicore
 /Reshape_output_0(Reshape), 12:05:05.366087, 20, npu_aicore
 netoutput_cast_6(CastT), 12:05:05.366087, 5, npu_aicore
 graphop_data_cast_14(CastT), 12:05:05.366088, 3, npu_aicore
 transdata_for_nd_16(TransData), 12:05:05.366088, 4, npu_aicore
 /model/transformer/h.0/ln_1/LayerNormalization_output_0(LayerNorm), 12:05:05.366089, 5, npu_aicore
 transdata_for_nd_17(TransData), 12:05:05.366089, 5, npu_aicore
 /model/transformer/h.0/attn/c_attn/Reshape_output_0(Reshape), 12:05:05.366090, 2, npu_aicore
 /model/transformer/h.0/attn/c_attn/Gemm_output_0__matmul_converted_MatMul(MatMulV2), 12:05:05.366090, 19, npu_aicore
 /model/transformer/h.0/attn/Split_output_0(SplitD), 12:05:05.366091, 7, npu_aicore
 /model/transformer/h.0/attn/Transpose_1_output_0(Permute), 12:05:05.366091, 3, npu_aicore
 /model/transformer/h.0/attn/Transpose_2_output_0(Permute), 12:05:05.366091, 2, npu_aicore
 /model/transformer/h.0/attn/Transpose_output_0(Permute), 12:05:05.366091, 2, npu_aicore
 /model/transformer/h.0/attn/Mul_1_output_0(Mul), 12:05:05.366092, 3, npu_aicore
 /model/transformer/h.0/attn/Mul_output_0(Mul), 12:05:05.366092, 2, npu_aicore
 /model/transformer/h.0/attn/MatMul_output_0(BatchMatMulV2), 12:05:05.366093, 18, npu_aicore
 /model/transformer/h.0/attn/Add_output_0(Add), 12:05:05.366093, 3, npu_aicore
 /model/transformer/h.0/attn/Softmax_output_0(Softmax), 12:05:05.366094, 3, npu_aicore
 /model/transformer/h.0/attn/MatMul_1_output_0(BatchMatMulV2), 12:05:05.366094, 18, npu_aicore
 /model/transformer/h.0/attn/Transpose_3_output_0(Permute), 12:05:05.366095, 2, npu_aicore
 /model/transformer/h.0/attn/c_proj/Reshape_output_0(Reshape), 12:05:05.366095, 3, npu_aicore
 /model/transformer/h.0/attn/c_proj/Gemm_output_0__matmul_converted_MatMul(MatMulV2), 12:05:05.366095, 18, npu_aicore
 /model/transformer/h.0/Add_output_0(Add), 12:05:05.366096, 2, npu_aicore
 transdata_for_nd_18(TransData), 12:05:05.366096, 4, npu_aicore
 /model/transformer/h.0/ln_2/LayerNormalization_output_0(LayerNorm), 12:05:05.366096, 5, npu_aicore
 transdata_for_nd_19(TransData), 12:05:05.366097, 6, npu_aicore
 /model/transformer/h.0/mlp/c_fc/Reshape_output_0(Reshape), 12:05:05.366097, 3, npu_aicore
 /model/transformer/h.0/mlp/c_fc/Gemm_output_0__matmul_converted_MatMul(MatMulV2), 12:05:05.366098, 18, npu_aicore
 transdata_for_nd_20(TransData), 12:05:05.366098, 4, npu_aicore
 /model/transformer/h.0/mlp/act/Mul_output_0(Mul), 12:05:05.366098, 2, npu_aicore
 /model/transformer/h.0/mlp/act/Pow_output_0(Pow), 12:05:05.366099, 2, npu_aicore
 transdata_for_nd_21(TransData), 12:05:05.366100, 3, npu_aicore
 /model/transformer/h.0/mlp/act/Mul_1_output_0(Mul), 12:05:05.366100, 2, npu_aicore
 /model/transformer/h.0/mlp/act/Add_output_0(Add), 12:05:05.366100, 2, npu_aicore
 /model/transformer/h.0/mlp/act/Mul_2_output_0(Mul), 12:05:05.366101, 2, npu_aicore
 /model/transformer/h.0/mlp/act/Tanh_output_0(Activation), 12:05:05.366101, 1, npu_aicore
 /model/transformer/h.0/mlp/act/Add_1_output_0(Add), 12:05:05.366102, 2, npu_aicore
 /model/transformer/h.0/mlp/act/Mul_3_output_0(Mul), 12:05:05.366102, 2, npu_aicore
 /model/transformer/h.0/mlp/c_proj/Reshape_output_0(Reshape), 12:05:05.366103, 2, npu_aicore
 /model/transformer/h.0/mlp/c_proj/Gemm_output_0__matmul_converted_MatMul(MatMulV2), 12:05:05.366103, 18, npu_aicore
 hidden_block0(Add), 12:05:05.366104, 2, npu_aicore
 netoutput_cast_23(CastT), 12:05:05.366104, 3, npu_aicore
 graphop_data_cast_30(CastT), 12:05:05.366104, 3, npu_aicore
 transdata_for_nd_22(TransData), 12:05:05.366105, 5, npu_aicore
 /model/transformer/h.1/ln_1/LayerNormalization_output_0(LayerNorm), 12:05:05.366105, 5, npu_aicore
 transdata_for_nd_23(TransData), 12:05:05.366105, 5, npu_aicore
 /model/transformer/h.1/attn/c_attn/Reshape_output_0(Reshape), 12:05:05.366106, 2, npu_aicore
 /model/transformer/h.1/attn/c_attn/Gemm_output_0__matmul_converted_MatMul(MatMulV2), 12:05:05.366106, 18, npu_aicore
 /model/transformer/h.1/attn/Split_output_0(SplitD), 12:05:05.366107, 6, npu_aicore
 /model/transformer/h.1/attn/Transpose_1_output_0(Permute), 12:05:05.366107, 2, npu_aicore
 /model/transformer/h.1/attn/Transpose_2_output_0(Permute), 12:05:05.366107, 2, npu_aicore
 /model/transformer/h.1/attn/Transpose_output_0(Permute), 12:05:05.366108, 2, npu_aicore
 /model/transformer/h.1/attn/Mul_1_output_0(Mul), 12:05:05.366108, 2, npu_aicore
 /model/transformer/h.1/attn/Mul_output_0(Mul), 12:05:05.366108, 2, npu_aicore
 /model/transformer/h.1/attn/MatMul_output_0(BatchMatMulV2), 12:05:05.366109, 18, npu_aicore
 /model/transformer/h.1/attn/Add_output_0(Add), 12:05:05.366109, 3, npu_aicore
 /model/transformer/h.1/attn/Softmax_output_0(Softmax), 12:05:05.366110, 3, npu_aicore
 /model/transformer/h.1/attn/MatMul_1_output_0(BatchMatMulV2), 12:05:05.366110, 19, npu_aicore
 /model/transformer/h.1/attn/Transpose_3_output_0(Permute), 12:05:05.366110, 3, npu_aicore
 /model/transformer/h.1/attn/c_proj/Reshape_output_0(Reshape), 12:05:05.366110, 2, npu_aicore
 /model/transformer/h.1/attn/c_proj/Gemm_output_0__matmul_converted_MatMul(MatMulV2), 12:05:05.366111, 19, npu_aicore
 /model/transformer/h.1/Add_output_0(Add), 12:05:05.366111, 2, npu_aicore
 transdata_for_nd_24(TransData), 12:05:05.366112, 5, npu_aicore
 /model/transformer/h.1/ln_2/LayerNormalization_output_0(LayerNorm), 12:05:05.366112, 5, npu_aicore
 transdata_for_nd_25(TransData), 12:05:05.366112, 5, npu_aicore
 /model/transformer/h.1/mlp/c_fc/Reshape_output_0(Reshape), 12:05:05.366113, 2, npu_aicore
 /model/transformer/h.1/mlp/c_fc/Gemm_output_0__matmul_converted_MatMul(MatMulV2), 12:05:05.366113, 19, npu_aicore
 transdata_for_nd_26(TransData), 12:05:05.366114, 5, npu_aicore
 /model/transformer/h.1/mlp/act/Mul_output_0(Mul), 12:05:05.366114, 2, npu_aicore
 /model/transformer/h.1/mlp/act/Pow_output_0(Pow), 12:05:05.366114, 2, npu_aicore
 transdata_for_nd_27(TransData), 12:05:05.366114, 2, npu_aicore
 /model/transformer/h.1/mlp/act/Mul_1_output_0(Mul), 12:05:05.366115, 2, npu_aicore
 /model/transformer/h.1/mlp/act/Add_output_0(Add), 12:05:05.366115, 2, npu_aicore
 /model/transformer/h.1/mlp/act/Mul_2_output_0(Mul), 12:05:05.366115, 2, npu_aicore
 /model/transformer/h.1/mlp/act/Tanh_output_0(Activation), 12:05:05.366116, 2, npu_aicore
 /model/transformer/h.1/mlp/act/Add_1_output_0(Add), 12:05:05.366116, 2, npu_aicore
 /model/transformer/h.1/mlp/act/Mul_3_output_0(Mul), 12:05:05.366116, 2, npu_aicore
 /model/transformer/h.1/mlp/c_proj/Reshape_output_0(Reshape), 12:05:05.366117, 2, npu_aicore
 /model/transformer/h.1/mlp/c_proj/Gemm_output_0__matmul_converted_MatMul(MatMulV2), 12:05:05.366117, 18, npu_aicore
 /model/transformer/h.1/Add_1_output_0(Add), 12:05:05.366117, 2, npu_aicore
 transdata_for_nd_28(TransData), 12:05:05.366118, 4, npu_aicore
 /model/transformer/ln_f/LayerNormalization_output_0(LayerNorm), 12:05:05.366118, 5, npu_aicore
 transdata_for_nd_29(TransData), 12:05:05.366118, 5, npu_aicore
 hidden_block1(Reshape), 12:05:05.366119, 5, npu_aicore
 logits__matmul_converted_MatMul_InReshape(Reshape), 12:05:05.366119, 6, npu_aicore
 logits__matmul_converted_MatMul(MatMulV2), 12:05:05.366120, 422, npu_aicore
 logits(Reshape), 12:05:05.366120, 55, npu_aicore
 /Reshape_output_0(Reshape), 12:05:05.366120, 21, npu_aicore
 netoutput_cast_6(CastT), 12:05:05.366121, 5, npu_aicore
 graphop_data_cast_14(CastT), 12:05:05.366121, 3, npu_aicore
 transdata_for_nd_16(TransData), 12:05:05.366122, 5, npu_aicore
 /model/transformer/h.0/ln_1/LayerNormalization_output_0(LayerNorm), 12:05:05.366122, 5, npu_aicore
 transdata_for_nd_17(TransData), 12:05:05.366122, 5, npu_aicore
 /model/transformer/h.0/attn/c_attn/Reshape_output_0(Reshape), 12:05:05.366123, 2, npu_aicore
 /model/transformer/h.0/attn/c_attn/Gemm_output_0__matmul_converted_MatMul(MatMulV2), 12:05:05.366123, 19, npu_aicore
 /model/transformer/h.0/attn/Split_output_0(SplitD), 12:05:05.366123, 7, npu_aicore
 /model/transformer/h.0/attn/Transpose_1_output_0(Permute), 12:05:05.366124, 2, npu_aicore
 /model/transformer/h.0/attn/Transpose_2_output_0(Permute), 12:05:05.366124, 2, npu_aicore
 /model/transformer/h.0/attn/Transpose_output_0(Permute), 12:05:05.366125, 2, npu_aicore
 /model/transformer/h.0/attn/Mul_1_output_0(Mul), 12:05:05.366125, 2, npu_aicore
 /model/transformer/h.0/attn/Mul_output_0(Mul), 12:05:05.366125, 2, npu_aicore
 /model/transformer/h.0/attn/MatMul_output_0(BatchMatMulV2), 12:05:05.366126, 18, npu_aicore
 /model/transformer/h.0/attn/Add_output_0(Add), 12:05:05.366126, 3, npu_aicore
 /model/transformer/h.0/attn/Softmax_output_0(Softmax), 12:05:05.366126, 3, npu_aicore
 /model/transformer/h.0/attn/MatMul_1_output_0(BatchMatMulV2), 12:05:05.366127, 18, npu_aicore
 /model/transformer/h.0/attn/Transpose_3_output_0(Permute), 12:05:05.366127, 2, npu_aicore
 /model/transformer/h.0/attn/c_proj/Reshape_output_0(Reshape), 12:05:05.366127, 2, npu_aicore
 /model/transformer/h.0/attn/c_proj/Gemm_output_0__matmul_converted_MatMul(MatMulV2), 12:05:05.366128, 19, npu_aicore
 /model/transformer/h.0/Add_output_0(Add), 12:05:05.366128, 2, npu_aicore
 transdata_for_nd_18(TransData), 12:05:05.366128, 5, npu_aicore
 /model/transformer/h.0/ln_2/LayerNormalization_output_0(LayerNorm), 12:05:05.366129, 5, npu_aicore
 transdata_for_nd_19(TransData), 12:05:05.366129, 6, npu_aicore
 /model/transformer/h.0/mlp/c_fc/Reshape_output_0(Reshape), 12:05:05.366129, 3, npu_aicore
 /model/transformer/h.0/mlp/c_fc/Gemm_output_0__matmul_converted_MatMul(MatMulV2), 12:05:05.366130, 18, npu_aicore
 transdata_for_nd_20(TransData), 12:05:05.366130, 5, npu_aicore
 /model/transformer/h.0/mlp/act/Mul_output_0(Mul), 12:05:05.366130, 2, npu_aicore
 /model/transformer/h.0/mlp/act/Pow_output_0(Pow), 12:05:05.366130, 2, npu_aicore
 transdata_for_nd_21(TransData), 12:05:05.366131, 2, npu_aicore
 /model/transformer/h.0/mlp/act/Mul_1_output_0(Mul), 12:05:05.366131, 2, npu_aicore
 /model/transformer/h.0/mlp/act/Add_output_0(Add), 12:05:05.366132, 2, npu_aicore
 /model/transformer/h.0/mlp/act/Mul_2_output_0(Mul), 12:05:05.366132, 2, npu_aicore
 /model/transformer/h.0/mlp/act/Tanh_output_0(Activation), 12:05:05.366132, 1, npu_aicore
 /model/transformer/h.0/mlp/act/Add_1_output_0(Add), 12:05:05.366132, 2, npu_aicore
 /model/transformer/h.0/mlp/act/Mul_3_output_0(Mul), 12:05:05.366133, 3, npu_aicore
 /model/transformer/h.0/mlp/c_proj/Reshape_output_0(Reshape), 12:05:05.366133, 2, npu_aicore
 /model/transformer/h.0/mlp/c_proj/Gemm_output_0__matmul_converted_MatMul(MatMulV2), 12:05:05.366133, 18, npu_aicore
 hidden_block0(Add), 12:05:05.366134, 2, npu_aicore
 netoutput_cast_23(CastT), 12:05:05.366134, 3, npu_aicore
 graphop_data_cast_30(CastT), 12:05:05.366135, 3, npu_aicore
 transdata_for_nd_22(TransData), 12:05:05.366135, 5, npu_aicore
 /model/transformer/h.1/ln_1/LayerNormalization_output_0(LayerNorm), 12:05:05.366135, 5, npu_aicore
 transdata_for_nd_23(TransData), 12:05:05.366136, 5, npu_aicore
 /model/transformer/h.1/attn/c_attn/Reshape_output_0(Reshape), 12:05:05.366136, 2, npu_aicore
 /model/transformer/h.1/attn/c_attn/Gemm_output_0__matmul_converted_MatMul(MatMulV2), 12:05:05.366136, 18, npu_aicore
 /model/transformer/h.1/attn/Split_output_0(SplitD), 12:05:05.366137, 7, npu_aicore
 /model/transformer/h.1/attn/Transpose_1_output_0(Permute), 12:05:05.366137, 2, npu_aicore
 /model/transformer/h.1/attn/Transpose_2_output_0(Permute), 12:05:05.366137, 2, npu_aicore
 /model/transformer/h.1/attn/Transpose_output_0(Permute), 12:05:05.366138, 2, npu_aicore
 /model/transformer/h.1/attn/Mul_1_output_0(Mul), 12:05:05.366138, 2, npu_aicore
 /model/transformer/h.1/attn/Mul_output_0(Mul), 12:05:05.366138, 2, npu_aicore
 /model/transformer/h.1/attn/MatMul_output_0(BatchMatMulV2), 12:05:05.366139, 18, npu_aicore
 /model/transformer/h.1/attn/Add_output_0(Add), 12:05:05.366139, 3, npu_aicore
 /model/transformer/h.1/attn/Softmax_output_0(Softmax), 12:05:05.366140, 3, npu_aicore
 /model/transformer/h.1/attn/MatMul_1_output_0(BatchMatMulV2), 12:05:05.366140, 18, npu_aicore
 /model/transformer/h.1/attn/Transpose_3_output_0(Permute), 12:05:05.366140, 3, npu_aicore
 /model/transformer/h.1/attn/c_proj/Reshape_output_0(Reshape), 12:05:05.366141, 2, npu_aicore
 /model/transformer/h.1/attn/c_proj/Gemm_output_0__matmul_converted_MatMul(MatMulV2), 12:05:05.366141, 19, npu_aicore
 /model/transformer/h.1/Add_output_0(Add), 12:05:05.366141, 2, npu_aicore
 transdata_for_nd_24(TransData), 12:05:05.366142, 5, npu_aicore
 /model/transformer/h.1/ln_2/LayerNormalization_output_0(LayerNorm), 12:05:05.366142, 5, npu_aicore
 transdata_for_nd_25(TransData), 12:05:05.366142, 5, npu_aicore
 /model/transformer/h.1/mlp/c_fc/Reshape_output_0(Reshape), 12:05:05.366143, 2, npu_aicore
 /model/transformer/h.1/mlp/c_fc/Gemm_output_0__matmul_converted_MatMul(MatMulV2), 12:05:05.366143, 19, npu_aicore
 transdata_for_nd_26(TransData), 12:05:05.366144, 5, npu_aicore
 /model/transformer/h.1/mlp/act/Mul_output_0(Mul), 12:05:05.366144, 2, npu_aicore
 /model/transformer/h.1/mlp/act/Pow_output_0(Pow), 12:05:05.366144, 2, npu_aicore
 transdata_for_nd_27(TransData), 12:05:05.366145, 3, npu_aicore
 /model/transformer/h.1/mlp/act/Mul_1_output_0(Mul), 12:05:05.366145, 2, npu_aicore
 /model/transformer/h.1/mlp/act/Add_output_0(Add), 12:05:05.366145, 2, npu_aicore
 /model/transformer/h.1/mlp/act/Mul_2_output_0(Mul), 12:05:05.366146, 2, npu_aicore
 /model/transformer/h.1/mlp/act/Tanh_output_0(Activation), 12:05:05.366146, 2, npu_aicore
 /model/transformer/h.1/mlp/act/Add_1_output_0(Add), 12:05:05.366146, 2, npu_aicore
 /model/transformer/h.1/mlp/act/Mul_3_output_0(Mul), 12:05:05.366147, 2, npu_aicore
 /model/transformer/h.1/mlp/c_proj/Reshape_output_0(Reshape), 12:05:05.366147, 2, npu_aicore
 /model/transformer/h.1/mlp/c_proj/Gemm_output_0__matmul_converted_MatMul(MatMulV2), 12:05:05.366147, 18, npu_aicore
 /model/transformer/h.1/Add_1_output_0(Add), 12:05:05.366148, 2, npu_aicore
 transdata_for_nd_28(TransData), 12:05:05.366148, 4, npu_aicore
 /model/transformer/ln_f/LayerNormalization_output_0(LayerNorm), 12:05:05.366148, 5, npu_aicore
 transdata_for_nd_29(TransData), 12:05:05.366149, 5, npu_aicore
 hidden_block1(Reshape), 12:05:05.366149, 6, npu_aicore
 logits__matmul_converted_MatMul_InReshape(Reshape), 12:05:05.366149, 6, npu_aicore
 logits__matmul_converted_MatMul(MatMulV2), 12:05:05.366150, 421, npu_aicore
 logits(Reshape), 12:05:05.366150, 56, npu_aicore
 /Reshape_output_0(Reshape), 12:05:05.366150, 20, npu_aicore
 netoutput_cast_6(CastT), 12:05:05.366151, 5, npu_aicore
 graphop_data_cast_14(CastT), 12:05:05.366151, 3, npu_aicore
 transdata_for_nd_16(TransData), 12:05:05.366152, 5, npu_aicore
 /model/transformer/h.0/ln_1/LayerNormalization_output_0(LayerNorm), 12:05:05.366152, 5, npu_aicore
 transdata_for_nd_17(TransData), 12:05:05.366152, 5, npu_aicore
 /model/transformer/h.0/attn/c_attn/Reshape_output_0(Reshape), 12:05:05.366153, 2, npu_aicore
 /model/transformer/h.0/attn/c_attn/Gemm_output_0__matmul_converted_MatMul(MatMulV2), 12:05:05.366153, 19, npu_aicore
 /model/transformer/h.0/attn/Split_output_0(SplitD), 12:05:05.366153, 7, npu_aicore
 /model/transformer/h.0/attn/Transpose_1_output_0(Permute), 12:05:05.366154, 2, npu_aicore
 /model/transformer/h.0/attn/Transpose_2_output_0(Permute), 12:05:05.366154, 2, npu_aicore
 /model/transformer/h.0/attn/Transpose_output_0(Permute), 12:05:05.366154, 2, npu_aicore
 /model/transformer/h.0/attn/Mul_1_output_0(Mul), 12:05:05.366155, 2, npu_aicore
 /model/transformer/h.0/attn/Mul_output_0(Mul), 12:05:05.366155, 2, npu_aicore
 /model/transformer/h.0/attn/MatMul_output_0(BatchMatMulV2), 12:05:05.366155, 18, npu_aicore
 /model/transformer/h.0/attn/Add_output_0(Add), 12:05:05.366156, 3, npu_aicore
 /model/transformer/h.0/attn/Softmax_output_0(Softmax), 12:05:05.366156, 3, npu_aicore
 /model/transformer/h.0/attn/MatMul_1_output_0(BatchMatMulV2), 12:05:05.366156, 18, npu_aicore
 /model/transformer/h.0/attn/Transpose_3_output_0(Permute), 12:05:05.366157, 2, npu_aicore
 /model/transformer/h.0/attn/c_proj/Reshape_output_0(Reshape), 12:05:05.366157, 2, npu_aicore
 /model/transformer/h.0/attn/c_proj/Gemm_output_0__matmul_converted_MatMul(MatMulV2), 12:05:05.366158, 18, npu_aicore
 /model/transformer/h.0/Add_output_0(Add), 12:05:05.366158, 2, npu_aicore
 transdata_for_nd_18(TransData), 12:05:05.366158, 5, npu_aicore
 /model/transformer/h.0/ln_2/LayerNormalization_output_0(LayerNorm), 12:05:05.366159, 5, npu_aicore
 transdata_for_nd_19(TransData), 12:05:05.366159, 6, npu_aicore
 /model/transformer/h.0/mlp/c_fc/Reshape_output_0(Reshape), 12:05:05.366159, 3, npu_aicore
 /model/transformer/h.0/mlp/c_fc/Gemm_output_0__matmul_converted_MatMul(MatMulV2), 12:05:05.366160, 18, npu_aicore
 transdata_for_nd_20(TransData), 12:05:05.366160, 4, npu_aicore
 /model/transformer/h.0/mlp/act/Mul_output_0(Mul), 12:05:05.366160, 2, npu_aicore
 /model/transformer/h.0/mlp/act/Pow_output_0(Pow), 12:05:05.366161, 2, npu_aicore
 transdata_for_nd_21(TransData), 12:05:05.366161, 3, npu_aicore
 /model/transformer/h.0/mlp/act/Mul_1_output_0(Mul), 12:05:05.366161, 2, npu_aicore
 /model/transformer/h.0/mlp/act/Add_output_0(Add), 12:05:05.366162, 2, npu_aicore
 /model/transformer/h.0/mlp/act/Mul_2_output_0(Mul), 12:05:05.366162, 2, npu_aicore
 /model/transformer/h.0/mlp/act/Tanh_output_0(Activation), 12:05:05.366162, 2, npu_aicore
 /model/transformer/h.0/mlp/act/Add_1_output_0(Add), 12:05:05.366163, 2, npu_aicore
 /model/transformer/h.0/mlp/act/Mul_3_output_0(Mul), 12:05:05.366163, 2, npu_aicore
 /model/transformer/h.0/mlp/c_proj/Reshape_output_0(Reshape), 12:05:05.366163, 2, npu_aicore
 /model/transformer/h.0/mlp/c_proj/Gemm_output_0__matmul_converted_MatMul(MatMulV2), 12:05:05.366164, 18, npu_aicore
 hidden_block0(Add), 12:05:05.366164, 2, npu_aicore
 netoutput_cast_23(CastT), 12:05:05.366165, 3, npu_aicore
 graphop_data_cast_30(CastT), 12:05:05.366165, 3, npu_aicore
 transdata_for_nd_22(TransData), 12:05:05.366165, 5, npu_aicore
 /model/transformer/h.1/ln_1/LayerNormalization_output_0(LayerNorm), 12:05:05.366165, 5, npu_aicore
 transdata_for_nd_23(TransData), 12:05:05.366166, 5, npu_aicore
 /model/transformer/h.1/attn/c_attn/Reshape_output_0(Reshape), 12:05:05.366166, 2, npu_aicore
 /model/transformer/h.1/attn/c_attn/Gemm_output_0__matmul_converted_MatMul(MatMulV2), 12:05:05.366167, 18, npu_aicore
 /model/transformer/h.1/attn/Split_output_0(SplitD), 12:05:05.366167, 6, npu_aicore
 /model/transformer/h.1/attn/Transpose_1_output_0(Permute), 12:05:05.366167, 2, npu_aicore
 /model/transformer/h.1/attn/Transpose_2_output_0(Permute), 12:05:05.366168, 2, npu_aicore
 /model/transformer/h.1/attn/Transpose_output_0(Permute), 12:05:05.366168, 2, npu_aicore
 /model/transformer/h.1/attn/Mul_1_output_0(Mul), 12:05:05.366168, 2, npu_aicore
 /model/transformer/h.1/attn/Mul_output_0(Mul), 12:05:05.366169, 2, npu_aicore
 /model/transformer/h.1/attn/MatMul_output_0(BatchMatMulV2), 12:05:05.366169, 18, npu_aicore
 /model/transformer/h.1/attn/Add_output_0(Add), 12:05:05.366170, 2, npu_aicore
 /model/transformer/h.1/attn/Softmax_output_0(Softmax), 12:05:05.366170, 3, npu_aicore
 /model/transformer/h.1/attn/MatMul_1_output_0(BatchMatMulV2), 12:05:05.366170, 18, npu_aicore
 /model/transformer/h.1/attn/Transpose_3_output_0(Permute), 12:05:05.366170, 2, npu_aicore
 /model/transformer/h.1/attn/c_proj/Reshape_output_0(Reshape), 12:05:05.366171, 2, npu_aicore
 /model/transformer/h.1/attn/c_proj/Gemm_output_0__matmul_converted_MatMul(MatMulV2), 12:05:05.366171, 19, npu_aicore
 /model/transformer/h.1/Add_output_0(Add), 12:05:05.366172, 2, npu_aicore
 transdata_for_nd_24(TransData), 12:05:05.366172, 5, npu_aicore
 /model/transformer/h.1/ln_2/LayerNormalization_output_0(LayerNorm), 12:05:05.366172, 4, npu_aicore
 transdata_for_nd_25(TransData), 12:05:05.366173, 4, npu_aicore
 /model/transformer/h.1/mlp/c_fc/Reshape_output_0(Reshape), 12:05:05.366173, 2, npu_aicore
 /model/transformer/h.1/mlp/c_fc/Gemm_output_0__matmul_converted_MatMul(MatMulV2), 12:05:05.366174, 18, npu_aicore
 transdata_for_nd_26(TransData), 12:05:05.366174, 5, npu_aicore
 /model/transformer/h.1/mlp/act/Mul_output_0(Mul), 12:05:05.366174, 2, npu_aicore
 /model/transformer/h.1/mlp/act/Pow_output_0(Pow), 12:05:05.366175, 2, npu_aicore
 transdata_for_nd_27(TransData), 12:05:05.366175, 3, npu_aicore
 /model/transformer/h.1/mlp/act/Mul_1_output_0(Mul), 12:05:05.366175, 2, npu_aicore
 /model/transformer/h.1/mlp/act/Add_output_0(Add), 12:05:05.366176, 2, npu_aicore
 /model/transformer/h.1/mlp/act/Mul_2_output_0(Mul), 12:05:05.366176, 2, npu_aicore
 /model/transformer/h.1/mlp/act/Tanh_output_0(Activation), 12:05:05.366177, 2, npu_aicore
 /model/transformer/h.1/mlp/act/Add_1_output_0(Add), 12:05:05.366177, 2, npu_aicore
 /model/transformer/h.1/mlp/act/Mul_3_output_0(Mul), 12:05:05.366177, 2, npu_aicore
 /model/transformer/h.1/mlp/c_proj/Reshape_output_0(Reshape), 12:05:05.366178, 2, npu_aicore
 /model/transformer/h.1/mlp/c_proj/Gemm_output_0__matmul_converted_MatMul(MatMulV2), 12:05:05.366178, 19, npu_aicore
 /model/transformer/h.1/Add_1_output_0(Add), 12:05:05.366178, 2, npu_aicore
 transdata_for_nd_28(TransData), 12:05:05.366178, 5, npu_aicore
 /model/transformer/ln_f/LayerNormalization_output_0(LayerNorm), 12:05:05.366179, 4, npu_aicore
 transdata_for_nd_29(TransData), 12:05:05.366179, 4, npu_aicore
 hidden_block1(Reshape), 12:05:05.366180, 2, npu_aicore
 logits__matmul_converted_MatMul_InReshape(Reshape), 12:05:05.366180, 5, npu_aicore
 logits__matmul_converted_MatMul(MatMulV2), 12:05:05.366180, 421, npu_aicore
 logits(Reshape), 12:05:05.366181, 51, npu_aicore
 /Reshape_output_0(Reshape), 12:05:05.376262, 20, npu_aicore
 netoutput_cast_6(CastT), 12:05:05.376263, 4, npu_aicore
 graphop_data_cast_14(CastT), 12:05:05.376263, 2, npu_aicore
 transdata_for_nd_16(TransData), 12:05:05.376263, 4, npu_aicore
 /model/transformer/h.0/ln_1/LayerNormalization_output_0(LayerNorm), 12:05:05.376264, 4, npu_aicore
 transdata_for_nd_17(TransData), 12:05:05.376264, 4, npu_aicore
 /model/transformer/h.0/attn/c_attn/Reshape_output_0(Reshape), 12:05:05.376264, 2, npu_aicore
 /model/transformer/h.0/attn/c_attn/Gemm_output_0__matmul_converted_MatMul(MatMulV2), 12:05:05.376265, 19, npu_aicore
 /model/transformer/h.0/attn/Split_output_0(SplitD), 12:05:05.376265, 7, npu_aicore
 /model/transformer/h.0/attn/Transpose_1_output_0(Permute), 12:05:05.376265, 2, npu_aicore
 /model/transformer/h.0/attn/Transpose_2_output_0(Permute), 12:05:05.376265, 2, npu_aicore
 /model/transformer/h.0/attn/Transpose_output_0(Permute), 12:05:05.376266, 2, npu_aicore
 /model/transformer/h.0/attn/Mul_1_output_0(Mul), 12:05:05.376266, 2, npu_aicore
 /model/transformer/h.0/attn/Mul_output_0(Mul), 12:05:05.376266, 2, npu_aicore
 /model/transformer/h.0/attn/MatMul_output_0(BatchMatMulV2), 12:05:05.376266, 18, npu_aicore
 /model/transformer/h.0/attn/Add_output_0(Add), 12:05:05.376267, 3, npu_aicore
 /model/transformer/h.0/attn/Softmax_output_0(Softmax), 12:05:05.376267, 3, npu_aicore
 /model/transformer/h.0/attn/MatMul_1_output_0(BatchMatMulV2), 12:05:05.376267, 18, npu_aicore
 /model/transformer/h.0/attn/Transpose_3_output_0(Permute), 12:05:05.376268, 2, npu_aicore
 /model/transformer/h.0/attn/c_proj/Reshape_output_0(Reshape), 12:05:05.376268, 2, npu_aicore
 /model/transformer/h.0/attn/c_proj/Gemm_output_0__matmul_converted_MatMul(MatMulV2), 12:05:05.376268, 18, npu_aicore
 /model/transformer/h.0/Add_output_0(Add), 12:05:05.376268, 2, npu_aicore
 transdata_for_nd_18(TransData), 12:05:05.376268, 4, npu_aicore
 /model/transformer/h.0/ln_2/LayerNormalization_output_0(LayerNorm), 12:05:05.376269, 13, npu_aicore
 transdata_for_nd_19(TransData), 12:05:05.376269, 4, npu_aicore
 /model/transformer/h.0/mlp/c_fc/Reshape_output_0(Reshape), 12:05:05.376269, 2, npu_aicore
 /model/transformer/h.0/mlp/c_fc/Gemm_output_0__matmul_converted_MatMul(MatMulV2), 12:05:05.376269, 17, npu_aicore
 transdata_for_nd_20(TransData), 12:05:05.376270, 4, npu_aicore
 /model/transformer/h.0/mlp/act/Mul_output_0(Mul), 12:05:05.376270, 2, npu_aicore
 /model/transformer/h.0/mlp/act/Pow_output_0(Pow), 12:05:05.376270, 2, npu_aicore
 transdata_for_nd_21(TransData), 12:05:05.376270, 2, npu_aicore
 /model/transformer/h.0/mlp/act/Mul_1_output_0(Mul), 12:05:05.376271, 2, npu_aicore
 /model/transformer/h.0/mlp/act/Add_output_0(Add), 12:05:05.376271, 2, npu_aicore
 /model/transformer/h.0/mlp/act/Mul_2_output_0(Mul), 12:05:05.376272, 2, npu_aicore
 /model/transformer/h.0/mlp/act/Tanh_output_0(Activation), 12:05:05.376272, 2, npu_aicore
 /model/transformer/h.0/mlp/act/Add_1_output_0(Add), 12:05:05.376273, 2, npu_aicore
 /model/transformer/h.0/mlp/act/Mul_3_output_0(Mul), 12:05:05.376273, 2, npu_aicore
 /model/transformer/h.0/mlp/c_proj/Reshape_output_0(Reshape), 12:05:05.376273, 2, npu_aicore
 /model/transformer/h.0/mlp/c_proj/Gemm_output_0__matmul_converted_MatMul(MatMulV2), 12:05:05.376273, 17, npu_aicore
 hidden_block0(Add), 12:05:05.376273, 2, npu_aicore
 netoutput_cast_23(CastT), 12:05:05.376274, 2, npu_aicore
 graphop_data_cast_30(CastT), 12:05:05.376274, 3, npu_aicore
 transdata_for_nd_22(TransData), 12:05:05.376274, 4, npu_aicore
 /model/transformer/h.1/ln_1/LayerNormalization_output_0(LayerNorm), 12:05:05.376275, 4, npu_aicore
 transdata_for_nd_23(TransData), 12:05:05.376275, 4, npu_aicore
 /model/transformer/h.1/attn/c_attn/Reshape_output_0(Reshape), 12:05:05.376275, 2, npu_aicore
 /model/transformer/h.1/attn/c_attn/Gemm_output_0__matmul_converted_MatMul(MatMulV2), 12:05:05.376276, 17, npu_aicore
 /model/transformer/h.1/attn/Split_output_0(SplitD), 12:05:05.376276, 6, npu_aicore
 /model/transformer/h.1/attn/Transpose_1_output_0(Permute), 12:05:05.376276, 2, npu_aicore
 /model/transformer/h.1/attn/Transpose_2_output_0(Permute), 12:05:05.376277, 2, npu_aicore
 /model/transformer/h.1/attn/Transpose_output_0(Permute), 12:05:05.376277, 2, npu_aicore
 /model/transformer/h.1/attn/Mul_1_output_0(Mul), 12:05:05.376277, 2, npu_aicore
 /model/transformer/h.1/attn/Mul_output_0(Mul), 12:05:05.376278, 2, npu_aicore
 /model/transformer/h.1/attn/MatMul_output_0(BatchMatMulV2), 12:05:05.376278, 17, npu_aicore
 /model/transformer/h.1/attn/Add_output_0(Add), 12:05:05.376278, 2, npu_aicore
 /model/transformer/h.1/attn/Softmax_output_0(Softmax), 12:05:05.376278, 3, npu_aicore
 /model/transformer/h.1/attn/MatMul_1_output_0(BatchMatMulV2), 12:05:05.376278, 17, npu_aicore
 /model/transformer/h.1/attn/Transpose_3_output_0(Permute), 12:05:05.376279, 2, npu_aicore
 /model/transformer/h.1/attn/c_proj/Reshape_output_0(Reshape), 12:05:05.376279, 2, npu_aicore
 /model/transformer/h.1/attn/c_proj/Gemm_output_0__matmul_converted_MatMul(MatMulV2), 12:05:05.376279, 17, npu_aicore
 /model/transformer/h.1/Add_output_0(Add), 12:05:05.376279, 2, npu_aicore
 transdata_for_nd_24(TransData), 12:05:05.376280, 4, npu_aicore
 /model/transformer/h.1/ln_2/LayerNormalization_output_0(LayerNorm), 12:05:05.376280, 4, npu_aicore
 transdata_for_nd_25(TransData), 12:05:05.376280, 4, npu_aicore
 /model/transformer/h.1/mlp/c_fc/Reshape_output_0(Reshape), 12:05:05.376280, 2, npu_aicore
 /model/transformer/h.1/mlp/c_fc/Gemm_output_0__matmul_converted_MatMul(MatMulV2), 12:05:05.376281, 17, npu_aicore
 transdata_for_nd_26(TransData), 12:05:05.376281, 4, npu_aicore
 /model/transformer/h.1/mlp/act/Mul_output_0(Mul), 12:05:05.376281, 2, npu_aicore
 /model/transformer/h.1/mlp/act/Pow_output_0(Pow), 12:05:05.376281, 2, npu_aicore
 transdata_for_nd_27(TransData), 12:05:05.376281, 2, npu_aicore
 /model/transformer/h.1/mlp/act/Mul_1_output_0(Mul), 12:05:05.376282, 2, npu_aicore
 /model/transformer/h.1/mlp/act/Add_output_0(Add), 12:05:05.376282, 2, npu_aicore
 /model/transformer/h.1/mlp/act/Mul_2_output_0(Mul), 12:05:05.376282, 2, npu_aicore
 /model/transformer/h.1/mlp/act/Tanh_output_0(Activation), 12:05:05.376282, 1, npu_aicore
 /model/transformer/h.1/mlp/act/Add_1_output_0(Add), 12:05:05.376282, 2, npu_aicore
 /model/transformer/h.1/mlp/act/Mul_3_output_0(Mul), 12:05:05.376283, 2, npu_aicore
 /model/transformer/h.1/mlp/c_proj/Reshape_output_0(Reshape), 12:05:05.376283, 2, npu_aicore
 /model/transformer/h.1/mlp/c_proj/Gemm_output_0__matmul_converted_MatMul(MatMulV2), 12:05:05.376283, 17, npu_aicore
 /model/transformer/h.1/Add_1_output_0(Add), 12:05:05.376283, 1, npu_aicore
 transdata_for_nd_28(TransData), 12:05:05.376284, 4, npu_aicore
 /model/transformer/ln_f/LayerNormalization_output_0(LayerNorm), 12:05:05.376284, 4, npu_aicore
 transdata_for_nd_29(TransData), 12:05:05.376285, 4, npu_aicore
 hidden_block1(Reshape), 12:05:05.376285, 2, npu_aicore
 logits__matmul_converted_MatMul_InReshape(Reshape), 12:05:05.376285, 5, npu_aicore
 logits__matmul_converted_MatMul(MatMulV2), 12:05:05.376285, 420, npu_aicore
 logits(Reshape), 12:05:05.376286, 49, npu_aicore
 /Reshape_output_0(Reshape), 12:05:05.376286, 20, npu_aicore
 netoutput_cast_6(CastT), 12:05:05.376286, 4, npu_aicore
 graphop_data_cast_14(CastT), 12:05:05.376286, 2, npu_aicore
 transdata_for_nd_16(TransData), 12:05:05.376287, 4, npu_aicore
 /model/transformer/h.0/ln_1/LayerNormalization_output_0(LayerNorm), 12:05:05.376287, 4, npu_aicore
 transdata_for_nd_17(TransData), 12:05:05.376287, 4, npu_aicore
 /model/transformer/h.0/attn/c_attn/Reshape_output_0(Reshape), 12:05:05.376287, 2, npu_aicore
 /model/transformer/h.0/attn/c_attn/Gemm_output_0__matmul_converted_MatMul(MatMulV2), 12:05:05.376288, 18, npu_aicore
 /model/transformer/h.0/attn/Split_output_0(SplitD), 12:05:05.376288, 6, npu_aicore
 /model/transformer/h.0/attn/Transpose_1_output_0(Permute), 12:05:05.376288, 2, npu_aicore
 /model/transformer/h.0/attn/Transpose_2_output_0(Permute), 12:05:05.376289, 2, npu_aicore
 /model/transformer/h.0/attn/Transpose_output_0(Permute), 12:05:05.376289, 2, npu_aicore
 /model/transformer/h.0/attn/Mul_1_output_0(Mul), 12:05:05.376289, 2, npu_aicore
 /model/transformer/h.0/attn/Mul_output_0(Mul), 12:05:05.376290, 2, npu_aicore
 /model/transformer/h.0/attn/MatMul_output_0(BatchMatMulV2), 12:05:05.376290, 17, npu_aicore
 /model/transformer/h.0/attn/Add_output_0(Add), 12:05:05.376290, 3, npu_aicore
 /model/transformer/h.0/attn/Softmax_output_0(Softmax), 12:05:05.376290, 3, npu_aicore
 /model/transformer/h.0/attn/MatMul_1_output_0(BatchMatMulV2), 12:05:05.376290, 17, npu_aicore
 /model/transformer/h.0/attn/Transpose_3_output_0(Permute), 12:05:05.376291, 2, npu_aicore
 /model/transformer/h.0/attn/c_proj/Reshape_output_0(Reshape), 12:05:05.376291, 2, npu_aicore
 /model/transformer/h.0/attn/c_proj/Gemm_output_0__matmul_converted_MatMul(MatMulV2), 12:05:05.376291, 17, npu_aicore
 /model/transformer/h.0/Add_output_0(Add), 12:05:05.376292, 2, npu_aicore
 transdata_for_nd_18(TransData), 12:05:05.376292, 4, npu_aicore
 /model/transformer/h.0/ln_2/LayerNormalization_output_0(LayerNorm), 12:05:05.376292, 5, npu_aicore
 transdata_for_nd_19(TransData), 12:05:05.376292, 5, npu_aicore
 /model/transformer/h.0/mlp/c_fc/Reshape_output_0(Reshape), 12:05:05.376293, 3, npu_aicore
 /model/transformer/h.0/mlp/c_fc/Gemm_output_0__matmul_converted_MatMul(MatMulV2), 12:05:05.376293, 16, npu_aicore
 transdata_for_nd_20(TransData), 12:05:05.376293, 4, npu_aicore
 /model/transformer/h.0/mlp/act/Mul_output_0(Mul), 12:05:05.376293, 2, npu_aicore
 /model/transformer/h.0/mlp/act/Pow_output_0(Pow), 12:05:05.376293, 2, npu_aicore
 transdata_for_nd_21(TransData), 12:05:05.376294, 2, npu_aicore
 /model/transformer/h.0/mlp/act/Mul_1_output_0(Mul), 12:05:05.376294, 2, npu_aicore
 /model/transformer/h.0/mlp/act/Add_output_0(Add), 12:05:05.376294, 2, npu_aicore
 /model/transformer/h.0/mlp/act/Mul_2_output_0(Mul), 12:05:05.376294, 2, npu_aicore
 /model/transformer/h.0/mlp/act/Tanh_output_0(Activation), 12:05:05.376294, 1, npu_aicore
 /model/transformer/h.0/mlp/act/Add_1_output_0(Add), 12:05:05.376295, 1, npu_aicore
 /model/transformer/h.0/mlp/act/Mul_3_output_0(Mul), 12:05:05.376295, 2, npu_aicore
 /model/transformer/h.0/mlp/c_proj/Reshape_output_0(Reshape), 12:05:05.376295, 2, npu_aicore
 /model/transformer/h.0/mlp/c_proj/Gemm_output_0__matmul_converted_MatMul(MatMulV2), 12:05:05.376296, 17, npu_aicore
 hidden_block0(Add), 12:05:05.376296, 2, npu_aicore
 netoutput_cast_23(CastT), 12:05:05.376296, 2, npu_aicore
 graphop_data_cast_30(CastT), 12:05:05.376296, 2, npu_aicore
 transdata_for_nd_22(TransData), 12:05:05.376297, 4, npu_aicore
 /model/transformer/h.1/ln_1/LayerNormalization_output_0(LayerNorm), 12:05:05.376297, 4, npu_aicore
 transdata_for_nd_23(TransData), 12:05:05.376297, 4, npu_aicore
 /model/transformer/h.1/attn/c_attn/Reshape_output_0(Reshape), 12:05:05.376297, 2, npu_aicore
 /model/transformer/h.1/attn/c_attn/Gemm_output_0__matmul_converted_MatMul(MatMulV2), 12:05:05.376298, 16, npu_aicore
 /model/transformer/h.1/attn/Split_output_0(SplitD), 12:05:05.376298, 6, npu_aicore
 /model/transformer/h.1/attn/Transpose_1_output_0(Permute), 12:05:05.376298, 2, npu_aicore
 /model/transformer/h.1/attn/Transpose_2_output_0(Permute), 12:05:05.376299, 2, npu_aicore
 /model/transformer/h.1/attn/Transpose_output_0(Permute), 12:05:05.376299, 2, npu_aicore
 /model/transformer/h.1/attn/Mul_1_output_0(Mul), 12:05:05.376299, 2, npu_aicore
 /model/transformer/h.1/attn/Mul_output_0(Mul), 12:05:05.376299, 2, npu_aicore
 /model/transformer/h.1/attn/MatMul_output_0(BatchMatMulV2), 12:05:05.376300, 17, npu_aicore
 /model/transformer/h.1/attn/Add_output_0(Add), 12:05:05.376300, 3, npu_aicore
 /model/transformer/h.1/attn/Softmax_output_0(Softmax), 12:05:05.376300, 3, npu_aicore
 /model/transformer/h.1/attn/MatMul_1_output_0(BatchMatMulV2), 12:05:05.376300, 17, npu_aicore
 /model/transformer/h.1/attn/Transpose_3_output_0(Permute), 12:05:05.376301, 2, npu_aicore
 /model/transformer/h.1/attn/c_proj/Reshape_output_0(Reshape), 12:05:05.376301, 2, npu_aicore
 /model/transformer/h.1/attn/c_proj/Gemm_output_0__matmul_converted_MatMul(MatMulV2), 12:05:05.376301, 17, npu_aicore
 /model/transformer/h.1/Add_output_0(Add), 12:05:05.376302, 2, npu_aicore
 transdata_for_nd_24(TransData), 12:05:05.376302, 4, npu_aicore
 /model/transformer/h.1/ln_2/LayerNormalization_output_0(LayerNorm), 12:05:05.376302, 4, npu_aicore
 transdata_for_nd_25(TransData), 12:05:05.376302, 4, npu_aicore
 /model/transformer/h.1/mlp/c_fc/Reshape_output_0(Reshape), 12:05:05.376303, 2, npu_aicore
 /model/transformer/h.1/mlp/c_fc/Gemm_output_0__matmul_converted_MatMul(MatMulV2), 12:05:05.376303, 17, npu_aicore
 transdata_for_nd_26(TransData), 12:05:05.376303, 4, npu_aicore
 /model/transformer/h.1/mlp/act/Mul_output_0(Mul), 12:05:05.376304, 2, npu_aicore
 /model/transformer/h.1/mlp/act/Pow_output_0(Pow), 12:05:05.376304, 2, npu_aicore
 transdata_for_nd_27(TransData), 12:05:05.376304, 3, npu_aicore
 /model/transformer/h.1/mlp/act/Mul_1_output_0(Mul), 12:05:05.376305, 2, npu_aicore
 /model/transformer/h.1/mlp/act/Add_output_0(Add), 12:05:05.376305, 2, npu_aicore
 /model/transformer/h.1/mlp/act/Mul_2_output_0(Mul), 12:05:05.376305, 1, npu_aicore
 /model/transformer/h.1/mlp/act/Tanh_output_0(Activation), 12:05:05.376305, 1, npu_aicore
 /model/transformer/h.1/mlp/act/Add_1_output_0(Add), 12:05:05.376306, 2, npu_aicore
 /model/transformer/h.1/mlp/act/Mul_3_output_0(Mul), 12:05:05.376306, 2, npu_aicore
 /model/transformer/h.1/mlp/c_proj/Reshape_output_0(Reshape), 12:05:05.376306, 2, npu_aicore
 /model/transformer/h.1/mlp/c_proj/Gemm_output_0__matmul_converted_MatMul(MatMulV2), 12:05:05.376307, 17, npu_aicore
 /model/transformer/h.1/Add_1_output_0(Add), 12:05:05.376307, 13, npu_aicore
 transdata_for_nd_28(TransData), 12:05:05.376307, 4, npu_aicore
 /model/transformer/ln_f/LayerNormalization_output_0(LayerNorm), 12:05:05.376307, 4, npu_aicore
 transdata_for_nd_29(TransData), 12:05:05.376307, 4, npu_aicore
 hidden_block1(Reshape), 12:05:05.376308, 2, npu_aicore
 logits__matmul_converted_MatMul_InReshape(Reshape), 12:05:05.376308, 5, npu_aicore
 logits__matmul_converted_MatMul(MatMulV2), 12:05:05.376308, 420, npu_aicore
 logits(Reshape), 12:05:05.376308, 52, npu_aicore
 /Reshape_output_0(Reshape), 12:05:05.376309, 4, npu_aicore
 netoutput_cast_6(CastT), 12:05:05.376309, 2, npu_aicore
 graphop_data_cast_14(CastT), 12:05:05.376309, 2, npu_aicore
 transdata_for_nd_16(TransData), 12:05:05.376310, 4, npu_aicore
 /model/transformer/h.0/ln_1/LayerNormalization_output_0(LayerNorm), 12:05:05.376310, 4, npu_aicore
 transdata_for_nd_17(TransData), 12:05:05.376310, 4, npu_aicore
 /model/transformer/h.0/attn/c_attn/Reshape_output_0(Reshape), 12:05:05.376310, 2, npu_aicore
 /model/transformer/h.0/attn/c_attn/Gemm_output_0__matmul_converted_MatMul(MatMulV2), 12:05:05.376311, 17, npu_aicore
 /model/transformer/h.0/attn/Split_output_0(SplitD), 12:05:05.376311, 6, npu_aicore
 /model/transformer/h.0/attn/Transpose_1_output_0(Permute), 12:05:05.376311, 2, npu_aicore
 /model/transformer/h.0/attn/Transpose_2_output_0(Permute), 12:05:05.376312, 2, npu_aicore
 /model/transformer/h.0/attn/Transpose_output_0(Permute), 12:05:05.376312, 2, npu_aicore
 /model/transformer/h.0/attn/Mul_1_output_0(Mul), 12:05:05.376312, 3, npu_aicore
 /model/transformer/h.0/attn/Mul_output_0(Mul), 12:05:05.376312, 2, npu_aicore
 /model/transformer/h.0/attn/MatMul_output_0(BatchMatMulV2), 12:05:05.376313, 17, npu_aicore
 /model/transformer/h.0/attn/Add_output_0(Add), 12:05:05.376313, 3, npu_aicore
 /model/transformer/h.0/attn/Softmax_output_0(Softmax), 12:05:05.376313, 3, npu_aicore
 /model/transformer/h.0/attn/MatMul_1_output_0(BatchMatMulV2), 12:05:05.376314, 17, npu_aicore
 /model/transformer/h.0/attn/Transpose_3_output_0(Permute), 12:05:05.376314, 2, npu_aicore
 /model/transformer/h.0/attn/c_proj/Reshape_output_0(Reshape), 12:05:05.376314, 2, npu_aicore
 /model/transformer/h.0/attn/c_proj/Gemm_output_0__matmul_converted_MatMul(MatMulV2), 12:05:05.376314, 17, npu_aicore
 /model/transformer/h.0/Add_output_0(Add), 12:05:05.376315, 2, npu_aicore
 transdata_for_nd_18(TransData), 12:05:05.376315, 4, npu_aicore
 /model/transformer/h.0/ln_2/LayerNormalization_output_0(LayerNorm), 12:05:05.376315, 5, npu_aicore
 transdata_for_nd_19(TransData), 12:05:05.376316, 4, npu_aicore
 /model/transformer/h.0/mlp/c_fc/Reshape_output_0(Reshape), 12:05:05.376316, 2, npu_aicore
 /model/transformer/h.0/mlp/c_fc/Gemm_output_0__matmul_converted_MatMul(MatMulV2), 12:05:05.376316, 16, npu_aicore
 transdata_for_nd_20(TransData), 12:05:05.376316, 4, npu_aicore
 /model/transformer/h.0/mlp/act/Mul_output_0(Mul), 12:05:05.376316, 2, npu_aicore
 /model/transformer/h.0/mlp/act/Pow_output_0(Pow), 12:05:05.376317, 2, npu_aicore
 transdata_for_nd_21(TransData), 12:05:05.376317, 2, npu_aicore
 /model/transformer/h.0/mlp/act/Mul_1_output_0(Mul), 12:05:05.376317, 2, npu_aicore
 /model/transformer/h.0/mlp/act/Add_output_0(Add), 12:05:05.376317, 2, npu_aicore
 /model/transformer/h.0/mlp/act/Mul_2_output_0(Mul), 12:05:05.376317, 1, npu_aicore
 /model/transformer/h.0/mlp/act/Tanh_output_0(Activation), 12:05:05.376318, 1, npu_aicore
 /model/transformer/h.0/mlp/act/Add_1_output_0(Add), 12:05:05.376318, 2, npu_aicore
 /model/transformer/h.0/mlp/act/Mul_3_output_0(Mul), 12:05:05.376318, 2, npu_aicore
 /model/transformer/h.0/mlp/c_proj/Reshape_output_0(Reshape), 12:05:05.376319, 2, npu_aicore
 /model/transformer/h.0/mlp/c_proj/Gemm_output_0__matmul_converted_MatMul(MatMulV2), 12:05:05.376319, 17, npu_aicore
 hidden_block0(Add), 12:05:05.376319, 2, npu_aicore
 netoutput_cast_23(CastT), 12:05:05.376320, 2, npu_aicore
 graphop_data_cast_30(CastT), 12:05:05.376320, 2, npu_aicore
 transdata_for_nd_22(TransData), 12:05:05.376320, 5, npu_aicore
 /model/transformer/h.1/ln_1/LayerNormalization_output_0(LayerNorm), 12:05:05.376320, 4, npu_aicore
 transdata_for_nd_23(TransData), 12:05:05.376321, 4, npu_aicore
 /model/transformer/h.1/attn/c_attn/Reshape_output_0(Reshape), 12:05:05.376321, 2, npu_aicore
 /model/transformer/h.1/attn/c_attn/Gemm_output_0__matmul_converted_MatMul(MatMulV2), 12:05:05.376321, 16, npu_aicore
 /model/transformer/h.1/attn/Split_output_0(SplitD), 12:05:05.376322, 6, npu_aicore
 /model/transformer/h.1/attn/Transpose_1_output_0(Permute), 12:05:05.376322, 2, npu_aicore
 /model/transformer/h.1/attn/Transpose_2_output_0(Permute), 12:05:05.376322, 2, npu_aicore
 /model/transformer/h.1/attn/Transpose_output_0(Permute), 12:05:05.376322, 2, npu_aicore
 /model/transformer/h.1/attn/Mul_1_output_0(Mul), 12:05:05.376323, 2, npu_aicore
 /model/transformer/h.1/attn/Mul_output_0(Mul), 12:05:05.376323, 2, npu_aicore
 /model/transformer/h.1/attn/MatMul_output_0(BatchMatMulV2), 12:05:05.376323, 17, npu_aicore
 /model/transformer/h.1/attn/Add_output_0(Add), 12:05:05.376324, 2, npu_aicore
 /model/transformer/h.1/attn/Softmax_output_0(Softmax), 12:05:05.376324, 3, npu_aicore
 /model/transformer/h.1/attn/MatMul_1_output_0(BatchMatMulV2), 12:05:05.376324, 17, npu_aicore
 /model/transformer/h.1/attn/Transpose_3_output_0(Permute), 12:05:05.376325, 2, npu_aicore
 /model/transformer/h.1/attn/c_proj/Reshape_output_0(Reshape), 12:05:05.376325, 2, npu_aicore
 /model/transformer/h.1/attn/c_proj/Gemm_output_0__matmul_converted_MatMul(MatMulV2), 12:05:05.376325, 16, npu_aicore
 /model/transformer/h.1/Add_output_0(Add), 12:05:05.376325, 1, npu_aicore
 transdata_for_nd_24(TransData), 12:05:05.376326, 4, npu_aicore
 /model/transformer/h.1/ln_2/LayerNormalization_output_0(LayerNorm), 12:05:05.376326, 4, npu_aicore
 transdata_for_nd_25(TransData), 12:05:05.376326, 4, npu_aicore
 /model/transformer/h.1/mlp/c_fc/Reshape_output_0(Reshape), 12:05:05.376327, 2, npu_aicore
 /model/transformer/h.1/mlp/c_fc/Gemm_output_0__matmul_converted_MatMul(MatMulV2), 12:05:05.376327, 17, npu_aicore
 transdata_for_nd_26(TransData), 12:05:05.376327, 4, npu_aicore
 /model/transformer/h.1/mlp/act/Mul_output_0(Mul), 12:05:05.376327, 2, npu_aicore
 /model/transformer/h.1/mlp/act/Pow_output_0(Pow), 12:05:05.376328, 2, npu_aicore
 transdata_for_nd_27(TransData), 12:05:05.376328, 2, npu_aicore
 /model/transformer/h.1/mlp/act/Mul_1_output_0(Mul), 12:05:05.376328, 1, npu_aicore
 /model/transformer/h.1/mlp/act/Add_output_0(Add), 12:05:05.376329, 2, npu_aicore
 /model/transformer/h.1/mlp/act/Mul_2_output_0(Mul), 12:05:05.376329, 2, npu_aicore
 /model/transformer/h.1/mlp/act/Tanh_output_0(Activation), 12:05:05.376329, 1, npu_aicore
 /model/transformer/h.1/mlp/act/Add_1_output_0(Add), 12:05:05.376329, 2, npu_aicore
 /model/transformer/h.1/mlp/act/Mul_3_output_0(Mul), 12:05:05.376330, 2, npu_aicore
 /model/transformer/h.1/mlp/c_proj/Reshape_output_0(Reshape), 12:05:05.376330, 2, npu_aicore
 /model/transformer/h.1/mlp/c_proj/Gemm_output_0__matmul_converted_MatMul(MatMulV2), 12:05:05.376330, 16, npu_aicore
 /model/transformer/h.1/Add_1_output_0(Add), 12:05:05.376330, 1, npu_aicore
 transdata_for_nd_28(TransData), 12:05:05.376330, 4, npu_aicore
 /model/transformer/ln_f/LayerNormalization_output_0(LayerNorm), 12:05:05.376331, 4, npu_aicore
 transdata_for_nd_29(TransData), 12:05:05.376331, 4, npu_aicore
 hidden_block1(Reshape), 12:05:05.376331, 2, npu_aicore
 logits__matmul_converted_MatMul_InReshape(Reshape), 12:05:05.376332, 5, npu_aicore
 logits__matmul_converted_MatMul(MatMulV2), 12:05:05.376332, 429, npu_aicore
 logits(Reshape), 12:05:05.376332, 49, npu_aicore
 /Reshape_output_0(Reshape), 12:05:05.376332, 20, npu_aicore
 netoutput_cast_6(CastT), 12:05:05.376333, 4, npu_aicore
 graphop_data_cast_14(CastT), 12:05:05.376333, 2, npu_aicore
 transdata_for_nd_16(TransData), 12:05:05.376333, 4, npu_aicore
 /model/transformer/h.0/ln_1/LayerNormalization_output_0(LayerNorm), 12:05:05.376334, 4, npu_aicore
 transdata_for_nd_17(TransData), 12:05:05.376334, 4, npu_aicore
 /model/transformer/h.0/attn/c_attn/Reshape_output_0(Reshape), 12:05:05.376334, 2, npu_aicore
 /model/transformer/h.0/attn/c_attn/Gemm_output_0__matmul_converted_MatMul(MatMulV2), 12:05:05.376334, 19, npu_aicore
 /model/transformer/h.0/attn/Split_output_0(SplitD), 12:05:05.376334, 7, npu_aicore
 /model/transformer/h.0/attn/Transpose_1_output_0(Permute), 12:05:05.376335, 2, npu_aicore
 /model/transformer/h.0/attn/Transpose_2_output_0(Permute), 12:05:05.376335, 2, npu_aicore
 /model/transformer/h.0/attn/Transpose_output_0(Permute), 12:05:05.376335, 2, npu_aicore
 /model/transformer/h.0/attn/Mul_1_output_0(Mul), 12:05:05.376335, 2, npu_aicore
 /model/transformer/h.0/attn/Mul_output_0(Mul), 12:05:05.376336, 2, npu_aicore
 /model/transformer/h.0/attn/MatMul_output_0(BatchMatMulV2), 12:05:05.376336, 18, npu_aicore
 /model/transformer/h.0/attn/Add_output_0(Add), 12:05:05.376336, 3, npu_aicore
 /model/transformer/h.0/attn/Softmax_output_0(Softmax), 12:05:05.376337, 4, npu_aicore
 /model/transformer/h.0/attn/MatMul_1_output_0(BatchMatMulV2), 12:05:05.376337, 18, npu_aicore
 /model/transformer/h.0/attn/Transpose_3_output_0(Permute), 12:05:05.376337, 2, npu_aicore
 /model/transformer/h.0/attn/c_proj/Reshape_output_0(Reshape), 12:05:05.376337, 2, npu_aicore
 /model/transformer/h.0/attn/c_proj/Gemm_output_0__matmul_converted_MatMul(MatMulV2), 12:05:05.376337, 18, npu_aicore
 /model/transformer/h.0/Add_output_0(Add), 12:05:05.376337, 2, npu_aicore
 transdata_for_nd_18(TransData), 12:05:05.376338, 4, npu_aicore
 /model/transformer/h.0/ln_2/LayerNormalization_output_0(LayerNorm), 12:05:05.376338, 5, npu_aicore
 transdata_for_nd_19(TransData), 12:05:05.376338, 5, npu_aicore
 /model/transformer/h.0/mlp/c_fc/Reshape_output_0(Reshape), 12:05:05.376339, 2, npu_aicore
 /model/transformer/h.0/mlp/c_fc/Gemm_output_0__matmul_converted_MatMul(MatMulV2), 12:05:05.376339, 18, npu_aicore
 transdata_for_nd_20(TransData), 12:05:05.376339, 5, npu_aicore
 /model/transformer/h.0/mlp/act/Mul_output_0(Mul), 12:05:05.376340, 2, npu_aicore
 /model/transformer/h.0/mlp/act/Pow_output_0(Pow), 12:05:05.376340, 2, npu_aicore
 transdata_for_nd_21(TransData), 12:05:05.376340, 3, npu_aicore
 /model/transformer/h.0/mlp/act/Mul_1_output_0(Mul), 12:05:05.376341, 2, npu_aicore
 /model/transformer/h.0/mlp/act/Add_output_0(Add), 12:05:05.376341, 2, npu_aicore
 /model/transformer/h.0/mlp/act/Mul_2_output_0(Mul), 12:05:05.376341, 2, npu_aicore
 /model/transformer/h.0/mlp/act/Tanh_output_0(Activation), 12:05:05.376341, 1, npu_aicore
 /model/transformer/h.0/mlp/act/Add_1_output_0(Add), 12:05:05.376341, 2, npu_aicore
 /model/transformer/h.0/mlp/act/Mul_3_output_0(Mul), 12:05:05.376341, 2, npu_aicore
 /model/transformer/h.0/mlp/c_proj/Reshape_output_0(Reshape), 12:05:05.376342, 2, npu_aicore
 /model/transformer/h.0/mlp/c_proj/Gemm_output_0__matmul_converted_MatMul(MatMulV2), 12:05:05.376342, 19, npu_aicore
 hidden_block0(Add), 12:05:05.376342, 2, npu_aicore
 netoutput_cast_23(CastT), 12:05:05.376342, 3, npu_aicore
 graphop_data_cast_30(CastT), 12:05:05.376343, 3, npu_aicore
 transdata_for_nd_22(TransData), 12:05:05.376343, 5, npu_aicore
 /model/transformer/h.1/ln_1/LayerNormalization_output_0(LayerNorm), 12:05:05.376343, 5, npu_aicore
 transdata_for_nd_23(TransData), 12:05:05.376344, 5, npu_aicore
 /model/transformer/h.1/attn/c_attn/Reshape_output_0(Reshape), 12:05:05.376344, 2, npu_aicore
 /model/transformer/h.1/attn/c_attn/Gemm_output_0__matmul_converted_MatMul(MatMulV2), 12:05:05.376344, 18, npu_aicore
 /model/transformer/h.1/attn/Split_output_0(SplitD), 12:05:05.376345, 6, npu_aicore
 /model/transformer/h.1/attn/Transpose_1_output_0(Permute), 12:05:05.376345, 2, npu_aicore
 /model/transformer/h.1/attn/Transpose_2_output_0(Permute), 12:05:05.376345, 2, npu_aicore
 /model/transformer/h.1/attn/Transpose_output_0(Permute), 12:05:05.376345, 2, npu_aicore
 /model/transformer/h.1/attn/Mul_1_output_0(Mul), 12:05:05.376346, 2, npu_aicore
 /model/transformer/h.1/attn/Mul_output_0(Mul), 12:05:05.376346, 2, npu_aicore
 /model/transformer/h.1/attn/MatMul_output_0(BatchMatMulV2), 12:05:05.376346, 18, npu_aicore
 /model/transformer/h.1/attn/Add_output_0(Add), 12:05:05.376346, 3, npu_aicore
 /model/transformer/h.1/attn/Softmax_output_0(Softmax), 12:05:05.376346, 3, npu_aicore
 /model/transformer/h.1/attn/MatMul_1_output_0(BatchMatMulV2), 12:05:05.376347, 18, npu_aicore
 /model/transformer/h.1/attn/Transpose_3_output_0(Permute), 12:05:05.376347, 3, npu_aicore
 /model/transformer/h.1/attn/c_proj/Reshape_output_0(Reshape), 12:05:05.376347, 2, npu_aicore
 /model/transformer/h.1/attn/c_proj/Gemm_output_0__matmul_converted_MatMul(MatMulV2), 12:05:05.376347, 18, npu_aicore
 /model/transformer/h.1/Add_output_0(Add), 12:05:05.376348, 2, npu_aicore
 transdata_for_nd_24(TransData), 12:05:05.376348, 5, npu_aicore
 /model/transformer/h.1/ln_2/LayerNormalization_output_0(LayerNorm), 12:05:05.376348, 5, npu_aicore
 transdata_for_nd_25(TransData), 12:05:05.376349, 5, npu_aicore
 /model/transformer/h.1/mlp/c_fc/Reshape_output_0(Reshape), 12:05:05.376349, 2, npu_aicore
 /model/transformer/h.1/mlp/c_fc/Gemm_output_0__matmul_converted_MatMul(MatMulV2), 12:05:05.376349, 19, npu_aicore
 transdata_for_nd_26(TransData), 12:05:05.376349, 5, npu_aicore
 /model/transformer/h.1/mlp/act/Mul_output_0(Mul), 12:05:05.376350, 2, npu_aicore
 /model/transformer/h.1/mlp/act/Pow_output_0(Pow), 12:05:05.376350, 2, npu_aicore
 transdata_for_nd_27(TransData), 12:05:05.376350, 3, npu_aicore
 /model/transformer/h.1/mlp/act/Mul_1_output_0(Mul), 12:05:05.376350, 2, npu_aicore
 /model/transformer/h.1/mlp/act/Add_output_0(Add), 12:05:05.376350, 2, npu_aicore
 /model/transformer/h.1/mlp/act/Mul_2_output_0(Mul), 12:05:05.376350, 2, npu_aicore
 /model/transformer/h.1/mlp/act/Tanh_output_0(Activation), 12:05:05.376351, 2, npu_aicore
 /model/transformer/h.1/mlp/act/Add_1_output_0(Add), 12:05:05.376351, 2, npu_aicore
 /model/transformer/h.1/mlp/act/Mul_3_output_0(Mul), 12:05:05.376351, 2, npu_aicore
 /model/transformer/h.1/mlp/c_proj/Reshape_output_0(Reshape), 12:05:05.376352, 2, npu_aicore
 /model/transformer/h.1/mlp/c_proj/Gemm_output_0__matmul_converted_MatMul(MatMulV2), 12:05:05.376352, 18, npu_aicore
 /model/transformer/h.1/Add_1_output_0(Add), 12:05:05.376352, 2, npu_aicore
 transdata_for_nd_28(TransData), 12:05:05.376353, 4, npu_aicore
 /model/transformer/ln_f/LayerNormalization_output_0(LayerNorm), 12:05:05.376353, 5, npu_aicore
 transdata_for_nd_29(TransData), 12:05:05.376353, 4, npu_aicore
 hidden_block1(Reshape), 12:05:05.376353, 6, npu_aicore
 logits__matmul_converted_MatMul_InReshape(Reshape), 12:05:05.376354, 6, npu_aicore
 logits__matmul_converted_MatMul(MatMulV2), 12:05:05.376354, 421, npu_aicore
 logits(Reshape), 12:05:05.376354, 54, npu_aicore
 /Reshape_output_0(Reshape), 12:05:05.376355, 21, npu_aicore
 netoutput_cast_6(CastT), 12:05:05.376355, 4, npu_aicore
 graphop_data_cast_14(CastT), 12:05:05.376355, 3, npu_aicore
 transdata_for_nd_16(TransData), 12:05:05.376355, 5, npu_aicore
 /model/transformer/h.0/ln_1/LayerNormalization_output_0(LayerNorm), 12:05:05.376356, 5, npu_aicore
 transdata_for_nd_17(TransData), 12:05:05.376356, 4, npu_aicore
 /model/transformer/h.0/attn/c_attn/Reshape_output_0(Reshape), 12:05:05.376356, 2, npu_aicore
 /model/transformer/h.0/attn/c_attn/Gemm_output_0__matmul_converted_MatMul(MatMulV2), 12:05:05.376357, 19, npu_aicore
 /model/transformer/h.0/attn/Split_output_0(SplitD), 12:05:05.376357, 7, npu_aicore
 /model/transformer/h.0/attn/Transpose_1_output_0(Permute), 12:05:05.376357, 2, npu_aicore
 /model/transformer/h.0/attn/Transpose_2_output_0(Permute), 12:05:05.376357, 2, npu_aicore
 /model/transformer/h.0/attn/Transpose_output_0(Permute), 12:05:05.376358, 2, npu_aicore
 /model/transformer/h.0/attn/Mul_1_output_0(Mul), 12:05:05.376358, 2, npu_aicore
 /model/transformer/h.0/attn/Mul_output_0(Mul), 12:05:05.376358, 2, npu_aicore
 /model/transformer/h.0/attn/MatMul_output_0(BatchMatMulV2), 12:05:05.376358, 18, npu_aicore
 /model/transformer/h.0/attn/Add_output_0(Add), 12:05:05.376358, 3, npu_aicore
 /model/transformer/h.0/attn/Softmax_output_0(Softmax), 12:05:05.376359, 3, npu_aicore
 /model/transformer/h.0/attn/MatMul_1_output_0(BatchMatMulV2), 12:05:05.376359, 18, npu_aicore
 /model/transformer/h.0/attn/Transpose_3_output_0(Permute), 12:05:05.376359, 2, npu_aicore
 /model/transformer/h.0/attn/c_proj/Reshape_output_0(Reshape), 12:05:05.376359, 3, npu_aicore
 /model/transformer/h.0/attn/c_proj/Gemm_output_0__matmul_converted_MatMul(MatMulV2), 12:05:05.376360, 18, npu_aicore
 /model/transformer/h.0/Add_output_0(Add), 12:05:05.376360, 2, npu_aicore
 transdata_for_nd_18(TransData), 12:05:05.376360, 4, npu_aicore
 /model/transformer/h.0/ln_2/LayerNormalization_output_0(LayerNorm), 12:05:05.376360, 5, npu_aicore
 transdata_for_nd_19(TransData), 12:05:05.376361, 6, npu_aicore
 /model/transformer/h.0/mlp/c_fc/Reshape_output_0(Reshape), 12:05:05.376361, 3, npu_aicore
 /model/transformer/h.0/mlp/c_fc/Gemm_output_0__matmul_converted_MatMul(MatMulV2), 12:05:05.376361, 18, npu_aicore
 transdata_for_nd_20(TransData), 12:05:05.376361, 4, npu_aicore
 /model/transformer/h.0/mlp/act/Mul_output_0(Mul), 12:05:05.376362, 2, npu_aicore
 /model/transformer/h.0/mlp/act/Pow_output_0(Pow), 12:05:05.376362, 2, npu_aicore
 transdata_for_nd_21(TransData), 12:05:05.376362, 2, npu_aicore
 /model/transformer/h.0/mlp/act/Mul_1_output_0(Mul), 12:05:05.376362, 2, npu_aicore
 /model/transformer/h.0/mlp/act/Add_output_0(Add), 12:05:05.376362, 2, npu_aicore
 /model/transformer/h.0/mlp/act/Mul_2_output_0(Mul), 12:05:05.376362, 2, npu_aicore
 /model/transformer/h.0/mlp/act/Tanh_output_0(Activation), 12:05:05.376363, 2, npu_aicore
 /model/transformer/h.0/mlp/act/Add_1_output_0(Add), 12:05:05.376363, 2, npu_aicore
 /model/transformer/h.0/mlp/act/Mul_3_output_0(Mul), 12:05:05.376363, 2, npu_aicore
 /model/transformer/h.0/mlp/c_proj/Reshape_output_0(Reshape), 12:05:05.376364, 2, npu_aicore
 /model/transformer/h.0/mlp/c_proj/Gemm_output_0__matmul_converted_MatMul(MatMulV2), 12:05:05.376364, 19, npu_aicore
 hidden_block0(Add), 12:05:05.376364, 2, npu_aicore
 netoutput_cast_23(CastT), 12:05:05.376365, 3, npu_aicore
 graphop_data_cast_30(CastT), 12:05:05.376365, 2, npu_aicore
 transdata_for_nd_22(TransData), 12:05:05.376365, 5, npu_aicore
 /model/transformer/h.1/ln_1/LayerNormalization_output_0(LayerNorm), 12:05:05.376365, 5, npu_aicore
 transdata_for_nd_23(TransData), 12:05:05.376366, 5, npu_aicore
 /model/transformer/h.1/attn/c_attn/Reshape_output_0(Reshape), 12:05:05.376366, 2, npu_aicore
 /model/transformer/h.1/attn/c_attn/Gemm_output_0__matmul_converted_MatMul(MatMulV2), 12:05:05.376366, 18, npu_aicore
 /model/transformer/h.1/attn/Split_output_0(SplitD), 12:05:05.376367, 6, npu_aicore
 /model/transformer/h.1/attn/Transpose_1_output_0(Permute), 12:05:05.376367, 2, npu_aicore
 /model/transformer/h.1/attn/Transpose_2_output_0(Permute), 12:05:05.376367, 2, npu_aicore
 /model/transformer/h.1/attn/Transpose_output_0(Permute), 12:05:05.376367, 2, npu_aicore
 /model/transformer/h.1/attn/Mul_1_output_0(Mul), 12:05:05.376368, 2, npu_aicore
 /model/transformer/h.1/attn/Mul_output_0(Mul), 12:05:05.376368, 2, npu_aicore
 /model/transformer/h.1/attn/MatMul_output_0(BatchMatMulV2), 12:05:05.376368, 18, npu_aicore
 /model/transformer/h.1/attn/Add_output_0(Add), 12:05:05.376369, 3, npu_aicore
 /model/transformer/h.1/attn/Softmax_output_0(Softmax), 12:05:05.376369, 3, npu_aicore
 /model/transformer/h.1/attn/MatMul_1_output_0(BatchMatMulV2), 12:05:05.376370, 18, npu_aicore
 /model/transformer/h.1/attn/Transpose_3_output_0(Permute), 12:05:05.376370, 4, npu_aicore
 /model/transformer/h.1/attn/c_proj/Reshape_output_0(Reshape), 12:05:05.376370, 2, npu_aicore
 /model/transformer/h.1/attn/c_proj/Gemm_output_0__matmul_converted_MatMul(MatMulV2), 12:05:05.376370, 18, npu_aicore
 /model/transformer/h.1/Add_output_0(Add), 12:05:05.376371, 2, npu_aicore
 transdata_for_nd_24(TransData), 12:05:05.376371, 5, npu_aicore
 /model/transformer/h.1/ln_2/LayerNormalization_output_0(LayerNorm), 12:05:05.376371, 5, npu_aicore
 transdata_for_nd_25(TransData), 12:05:05.376371, 5, npu_aicore
 /model/transformer/h.1/mlp/c_fc/Reshape_output_0(Reshape), 12:05:05.376372, 2, npu_aicore
 /model/transformer/h.1/mlp/c_fc/Gemm_output_0__matmul_converted_MatMul(MatMulV2), 12:05:05.376372, 18, npu_aicore
 transdata_for_nd_26(TransData), 12:05:05.376372, 5, npu_aicore
 /model/transformer/h.1/mlp/act/Mul_output_0(Mul), 12:05:05.376373, 2, npu_aicore
 /model/transformer/h.1/mlp/act/Pow_output_0(Pow), 12:05:05.376373, 2, npu_aicore
 transdata_for_nd_27(TransData), 12:05:05.376373, 3, npu_aicore
 /model/transformer/h.1/mlp/act/Mul_1_output_0(Mul), 12:05:05.376374, 2, npu_aicore
 /model/transformer/h.1/mlp/act/Add_output_0(Add), 12:05:05.376374, 2, npu_aicore
 /model/transformer/h.1/mlp/act/Mul_2_output_0(Mul), 12:05:05.376374, 2, npu_aicore
 /model/transformer/h.1/mlp/act/Tanh_output_0(Activation), 12:05:05.376375, 2, npu_aicore
 /model/transformer/h.1/mlp/act/Add_1_output_0(Add), 12:05:05.376375, 2, npu_aicore
 /model/transformer/h.1/mlp/act/Mul_3_output_0(Mul), 12:05:05.376375, 2, npu_aicore
 /model/transformer/h.1/mlp/c_proj/Reshape_output_0(Reshape), 12:05:05.376375, 2, npu_aicore
 /model/transformer/h.1/mlp/c_proj/Gemm_output_0__matmul_converted_MatMul(MatMulV2), 12:05:05.376375, 18, npu_aicore
 /model/transformer/h.1/Add_1_output_0(Add), 12:05:05.376376, 2, npu_aicore
 transdata_for_nd_28(TransData), 12:05:05.376376, 4, npu_aicore
 /model/transformer/ln_f/LayerNormalization_output_0(LayerNorm), 12:05:05.376376, 5, npu_aicore
 transdata_for_nd_29(TransData), 12:05:05.376377, 5, npu_aicore
 hidden_block1(Reshape), 12:05:05.376377, 6, npu_aicore
 logits__matmul_converted_MatMul_InReshape(Reshape), 12:05:05.376377, 6, npu_aicore
 logits__matmul_converted_MatMul(MatMulV2), 12:05:05.376377, 422, npu_aicore
 logits(Reshape), 12:05:05.376378, 56, npu_aicore
 /Reshape_output_0(Reshape), 12:05:05.376378, 20, npu_aicore
 netoutput_cast_6(CastT), 12:05:05.376378, 5, npu_aicore
 graphop_data_cast_14(CastT), 12:05:05.376379, 3, npu_aicore
 transdata_for_nd_16(TransData), 12:05:05.376379, 4, npu_aicore
 /model/transformer/h.0/ln_1/LayerNormalization_output_0(LayerNorm), 12:05:05.376379, 4, npu_aicore
 transdata_for_nd_17(TransData), 12:05:05.376380, 4, npu_aicore
 /model/transformer/h.0/attn/c_attn/Reshape_output_0(Reshape), 12:05:05.376380, 2, npu_aicore
 /model/transformer/h.0/attn/c_attn/Gemm_output_0__matmul_converted_MatMul(MatMulV2), 12:05:05.376380, 19, npu_aicore
 /model/transformer/h.0/attn/Split_output_0(SplitD), 12:05:05.376380, 6, npu_aicore
 /model/transformer/h.0/attn/Transpose_1_output_0(Permute), 12:05:05.376381, 2, npu_aicore
 /model/transformer/h.0/attn/Transpose_2_output_0(Permute), 12:05:05.376381, 2, npu_aicore
 /model/transformer/h.0/attn/Transpose_output_0(Permute), 12:05:05.376381, 2, npu_aicore
 /model/transformer/h.0/attn/Mul_1_output_0(Mul), 12:05:05.376382, 2, npu_aicore
 /model/transformer/h.0/attn/Mul_output_0(Mul), 12:05:05.376382, 2, npu_aicore
 /model/transformer/h.0/attn/MatMul_output_0(BatchMatMulV2), 12:05:05.376382, 18, npu_aicore
 /model/transformer/h.0/attn/Add_output_0(Add), 12:05:05.376383, 2, npu_aicore
 /model/transformer/h.0/attn/Softmax_output_0(Softmax), 12:05:05.376383, 3, npu_aicore
 /model/transformer/h.0/attn/MatMul_1_output_0(BatchMatMulV2), 12:05:05.376383, 18, npu_aicore
 /model/transformer/h.0/attn/Transpose_3_output_0(Permute), 12:05:05.376384, 2, npu_aicore
 /model/transformer/h.0/attn/c_proj/Reshape_output_0(Reshape), 12:05:05.376384, 2, npu_aicore
 /model/transformer/h.0/attn/c_proj/Gemm_output_0__matmul_converted_MatMul(MatMulV2), 12:05:05.376384, 18, npu_aicore
 /model/transformer/h.0/Add_output_0(Add), 12:05:05.376385, 2, npu_aicore
 transdata_for_nd_18(TransData), 12:05:05.376385, 4, npu_aicore
 /model/transformer/h.0/ln_2/LayerNormalization_output_0(LayerNorm), 12:05:05.376385, 4, npu_aicore
 transdata_for_nd_19(TransData), 12:05:05.376386, 4, npu_aicore
 /model/transformer/h.0/mlp/c_fc/Reshape_output_0(Reshape), 12:05:05.376386, 2, npu_aicore
 /model/transformer/h.0/mlp/c_fc/Gemm_output_0__matmul_converted_MatMul(MatMulV2), 12:05:05.376386, 17, npu_aicore
 transdata_for_nd_20(TransData), 12:05:05.376386, 4, npu_aicore
 /model/transformer/h.0/mlp/act/Mul_output_0(Mul), 12:05:05.376386, 2, npu_aicore
 /model/transformer/h.0/mlp/act/Pow_output_0(Pow), 12:05:05.376387, 2, npu_aicore
 transdata_for_nd_21(TransData), 12:05:05.376387, 3, npu_aicore
 /model/transformer/h.0/mlp/act/Mul_1_output_0(Mul), 12:05:05.376387, 2, npu_aicore
 /model/transformer/h.0/mlp/act/Add_output_0(Add), 12:05:05.376387, 2, npu_aicore
 /model/transformer/h.0/mlp/act/Mul_2_output_0(Mul), 12:05:05.376388, 2, npu_aicore
 /model/transformer/h.0/mlp/act/Tanh_output_0(Activation), 12:05:05.376388, 1, npu_aicore
 /model/transformer/h.0/mlp/act/Add_1_output_0(Add), 12:05:05.376388, 2, npu_aicore
 /model/transformer/h.0/mlp/act/Mul_3_output_0(Mul), 12:05:05.376388, 2, npu_aicore
 /model/transformer/h.0/mlp/c_proj/Reshape_output_0(Reshape), 12:05:05.376389, 2, npu_aicore
 /model/transformer/h.0/mlp/c_proj/Gemm_output_0__matmul_converted_MatMul(MatMulV2), 12:05:05.376389, 18, npu_aicore
 hidden_block0(Add), 12:05:05.376389, 2, npu_aicore
 netoutput_cast_23(CastT), 12:05:05.376389, 2, npu_aicore
 graphop_data_cast_30(CastT), 12:05:05.376390, 2, npu_aicore
 transdata_for_nd_22(TransData), 12:05:05.376390, 4, npu_aicore
 /model/transformer/h.1/ln_1/LayerNormalization_output_0(LayerNorm), 12:05:05.376390, 4, npu_aicore
 transdata_for_nd_23(TransData), 12:05:05.376390, 4, npu_aicore
 /model/transformer/h.1/attn/c_attn/Reshape_output_0(Reshape), 12:05:05.376391, 2, npu_aicore
 /model/transformer/h.1/attn/c_attn/Gemm_output_0__matmul_converted_MatMul(MatMulV2), 12:05:05.376391, 18, npu_aicore
 /model/transformer/h.1/attn/Split_output_0(SplitD), 12:05:05.376391, 6, npu_aicore
 /model/transformer/h.1/attn/Transpose_1_output_0(Permute), 12:05:05.376392, 2, npu_aicore
 /model/transformer/h.1/attn/Transpose_2_output_0(Permute), 12:05:05.376392, 2, npu_aicore
 /model/transformer/h.1/attn/Transpose_output_0(Permute), 12:05:05.376392, 2, npu_aicore
 /model/transformer/h.1/attn/Mul_1_output_0(Mul), 12:05:05.376393, 2, npu_aicore
 /model/transformer/h.1/attn/Mul_output_0(Mul), 12:05:05.376393, 2, npu_aicore
 /model/transformer/h.1/attn/MatMul_output_0(BatchMatMulV2), 12:05:05.376393, 18, npu_aicore
 /model/transformer/h.1/attn/Add_output_0(Add), 12:05:05.376393, 2, npu_aicore
 /model/transformer/h.1/attn/Softmax_output_0(Softmax), 12:05:05.376394, 3, npu_aicore
 /model/transformer/h.1/attn/MatMul_1_output_0(BatchMatMulV2), 12:05:05.376394, 18, npu_aicore
 /model/transformer/h.1/attn/Transpose_3_output_0(Permute), 12:05:05.376394, 2, npu_aicore
 /model/transformer/h.1/attn/c_proj/Reshape_output_0(Reshape), 12:05:05.376395, 2, npu_aicore
 /model/transformer/h.1/attn/c_proj/Gemm_output_0__matmul_converted_MatMul(MatMulV2), 12:05:05.376395, 18, npu_aicore
 /model/transformer/h.1/Add_output_0(Add), 12:05:05.376395, 2, npu_aicore
 transdata_for_nd_24(TransData), 12:05:05.376395, 5, npu_aicore
 /model/transformer/h.1/ln_2/LayerNormalization_output_0(LayerNorm), 12:05:05.376396, 4, npu_aicore
 transdata_for_nd_25(TransData), 12:05:05.376396, 4, npu_aicore
 /model/transformer/h.1/mlp/c_fc/Reshape_output_0(Reshape), 12:05:05.376396, 2, npu_aicore
 /model/transformer/h.1/mlp/c_fc/Gemm_output_0__matmul_converted_MatMul(MatMulV2), 12:05:05.376397, 18, npu_aicore
 transdata_for_nd_26(TransData), 12:05:05.376397, 5, npu_aicore
 /model/transformer/h.1/mlp/act/Mul_output_0(Mul), 12:05:05.376397, 2, npu_aicore
 /model/transformer/h.1/mlp/act/Pow_output_0(Pow), 12:05:05.376398, 2, npu_aicore
 transdata_for_nd_27(TransData), 12:05:05.376398, 3, npu_aicore
 /model/transformer/h.1/mlp/act/Mul_1_output_0(Mul), 12:05:05.376398, 2, npu_aicore
 /model/transformer/h.1/mlp/act/Add_output_0(Add), 12:05:05.376398, 2, npu_aicore
 /model/transformer/h.1/mlp/act/Mul_2_output_0(Mul), 12:05:05.376399, 2, npu_aicore
 /model/transformer/h.1/mlp/act/Tanh_output_0(Activation), 12:05:05.376399, 2, npu_aicore
 /model/transformer/h.1/mlp/act/Add_1_output_0(Add), 12:05:05.376399, 2, npu_aicore
 /model/transformer/h.1/mlp/act/Mul_3_output_0(Mul), 12:05:05.376399, 2, npu_aicore
 /model/transformer/h.1/mlp/c_proj/Reshape_output_0(Reshape), 12:05:05.376399, 2, npu_aicore
 /model/transformer/h.1/mlp/c_proj/Gemm_output_0__matmul_converted_MatMul(MatMulV2), 12:05:05.376400, 17, npu_aicore
 /model/transformer/h.1/Add_1_output_0(Add), 12:05:05.376400, 2, npu_aicore
 transdata_for_nd_28(TransData), 12:05:05.376400, 4, npu_aicore
 /model/transformer/ln_f/LayerNormalization_output_0(LayerNorm), 12:05:05.376400, 4, npu_aicore
 transdata_for_nd_29(TransData), 12:05:05.376401, 4, npu_aicore
 hidden_block1(Reshape), 12:05:05.376401, 2, npu_aicore
 logits__matmul_converted_MatMul_InReshape(Reshape), 12:05:05.376401, 5, npu_aicore
 logits__matmul_converted_MatMul(MatMulV2), 12:05:05.376402, 431, npu_aicore
 logits(Reshape), 12:05:05.376402, 95, npu_aicore
 /Reshape_output_0(Reshape), 12:05:05.376402, 21, npu_aicore
 netoutput_cast_6(CastT), 12:05:05.376402, 5, npu_aicore
 graphop_data_cast_14(CastT), 12:05:05.376403, 3, npu_aicore
 transdata_for_nd_16(TransData), 12:05:05.376403, 6, npu_aicore
 /model/transformer/h.0/ln_1/LayerNormalization_output_0(LayerNorm), 12:05:05.376403, 6, npu_aicore
 transdata_for_nd_17(TransData), 12:05:05.376403, 6, npu_aicore
 /model/transformer/h.0/attn/c_attn/Reshape_output_0(Reshape), 12:05:05.376403, 3, npu_aicore
 /model/transformer/h.0/attn/c_attn/Gemm_output_0__matmul_converted_MatMul(MatMulV2), 12:05:05.376404, 24, npu_aicore
 /model/transformer/h.0/attn/Split_output_0(SplitD), 12:05:05.376404, 9, npu_aicore
 /model/transformer/h.0/attn/Transpose_1_output_0(Permute), 12:05:05.376404, 3, npu_aicore
 /model/transformer/h.0/attn/Transpose_2_output_0(Permute), 12:05:05.376404, 2, npu_aicore
 /model/transformer/h.0/attn/Transpose_output_0(Permute), 12:05:05.376405, 3, npu_aicore
 /model/transformer/h.0/attn/Mul_1_output_0(Mul), 12:05:05.376405, 2, npu_aicore
 /model/transformer/h.0/attn/Mul_output_0(Mul), 12:05:05.376405, 2, npu_aicore
 /model/transformer/h.0/attn/MatMul_output_0(BatchMatMulV2), 12:05:05.376406, 23, npu_aicore
 /model/transformer/h.0/attn/Add_output_0(Add), 12:05:05.376406, 3, npu_aicore
 /model/transformer/h.0/attn/Softmax_output_0(Softmax), 12:05:05.376406, 4, npu_aicore
 /model/transformer/h.0/attn/MatMul_1_output_0(BatchMatMulV2), 12:05:05.376406, 23, npu_aicore
 /model/transformer/h.0/attn/Transpose_3_output_0(Permute), 12:05:05.376406, 4, npu_aicore
 /model/transformer/h.0/attn/c_proj/Reshape_output_0(Reshape), 12:05:05.376407, 4, npu_aicore
 /model/transformer/h.0/attn/c_proj/Gemm_output_0__matmul_converted_MatMul(MatMulV2), 12:05:05.376407, 25, npu_aicore
 /model/transformer/h.0/Add_output_0(Add), 12:05:05.376408, 3, npu_aicore
 transdata_for_nd_18(TransData), 12:05:05.376408, 7, npu_aicore
 /model/transformer/h.0/ln_2/LayerNormalization_output_0(LayerNorm), 12:05:05.376409, 8, npu_aicore
 transdata_for_nd_19(TransData), 12:05:05.376409, 9, npu_aicore
 /model/transformer/h.0/mlp/c_fc/Reshape_output_0(Reshape), 12:05:05.376410, 5, npu_aicore
 /model/transformer/h.0/mlp/c_fc/Gemm_output_0__matmul_converted_MatMul(MatMulV2), 12:05:05.376410, 24, npu_aicore
 transdata_for_nd_20(TransData), 12:05:05.376410, 6, npu_aicore
 /model/transformer/h.0/mlp/act/Mul_output_0(Mul), 12:05:05.376411, 3, npu_aicore
 /model/transformer/h.0/mlp/act/Pow_output_0(Pow), 12:05:05.376411, 4, npu_aicore
 transdata_for_nd_21(TransData), 12:05:05.376412, 5, npu_aicore
 /model/transformer/h.0/mlp/act/Mul_1_output_0(Mul), 12:05:05.376412, 3, npu_aicore
 /model/transformer/h.0/mlp/act/Add_output_0(Add), 12:05:05.376412, 3, npu_aicore
 /model/transformer/h.0/mlp/act/Mul_2_output_0(Mul), 12:05:05.376412, 3, npu_aicore
 /model/transformer/h.0/mlp/act/Tanh_output_0(Activation), 12:05:05.376412, 2, npu_aicore
 /model/transformer/h.0/mlp/act/Add_1_output_0(Add), 12:05:05.376413, 3, npu_aicore
 /model/transformer/h.0/mlp/act/Mul_3_output_0(Mul), 12:05:05.376413, 4, npu_aicore
 /model/transformer/h.0/mlp/c_proj/Reshape_output_0(Reshape), 12:05:05.376414, 3, npu_aicore
 /model/transformer/h.0/mlp/c_proj/Gemm_output_0__matmul_converted_MatMul(MatMulV2), 12:05:05.376414, 24, npu_aicore
 hidden_block0(Add), 12:05:05.376414, 3, npu_aicore
 netoutput_cast_23(CastT), 12:05:05.376415, 5, npu_aicore
 graphop_data_cast_30(CastT), 12:05:05.376416, 4, npu_aicore
 transdata_for_nd_22(TransData), 12:05:05.376416, 8, npu_aicore
 /model/transformer/h.1/ln_1/LayerNormalization_output_0(LayerNorm), 12:05:05.376417, 7, npu_aicore
 transdata_for_nd_23(TransData), 12:05:05.376417, 7, npu_aicore
 /model/transformer/h.1/attn/c_attn/Reshape_output_0(Reshape), 12:05:05.376418, 4, npu_aicore
 /model/transformer/h.1/attn/c_attn/Gemm_output_0__matmul_converted_MatMul(MatMulV2), 12:05:05.376418, 24, npu_aicore
 /model/transformer/h.1/attn/Split_output_0(SplitD), 12:05:05.376418, 10, npu_aicore
 /model/transformer/h.1/attn/Transpose_1_output_0(Permute), 12:05:05.376419, 4, npu_aicore
 /model/transformer/h.1/attn/Transpose_2_output_0(Permute), 12:05:05.376419, 4, npu_aicore
 /model/transformer/h.1/attn/Transpose_output_0(Permute), 12:05:05.376420, 5, npu_aicore
 /model/transformer/h.1/attn/Mul_1_output_0(Mul), 12:05:05.376420, 3, npu_aicore
 /model/transformer/h.1/attn/Mul_output_0(Mul), 12:05:05.376420, 3, npu_aicore
 /model/transformer/h.1/attn/MatMul_output_0(BatchMatMulV2), 12:05:05.376420, 24, npu_aicore
 /model/transformer/h.1/attn/Add_output_0(Add), 12:05:05.376421, 5, npu_aicore
 /model/transformer/h.1/attn/Softmax_output_0(Softmax), 12:05:05.376421, 4, npu_aicore
 /model/transformer/h.1/attn/MatMul_1_output_0(BatchMatMulV2), 12:05:05.376422, 23, npu_aicore
 /model/transformer/h.1/attn/Transpose_3_output_0(Permute), 12:05:05.376422, 5, npu_aicore
 /model/transformer/h.1/attn/c_proj/Reshape_output_0(Reshape), 12:05:05.376423, 3, npu_aicore
 /model/transformer/h.1/attn/c_proj/Gemm_output_0__matmul_converted_MatMul(MatMulV2), 12:05:05.376423, 24, npu_aicore
 /model/transformer/h.1/Add_output_0(Add), 12:05:05.376424, 3, npu_aicore
 transdata_for_nd_24(TransData), 12:05:05.376424, 7, npu_aicore
 /model/transformer/h.1/ln_2/LayerNormalization_output_0(LayerNorm), 12:05:05.376424, 8, npu_aicore
 transdata_for_nd_25(TransData), 12:05:05.376425, 9, npu_aicore
 /model/transformer/h.1/mlp/c_fc/Reshape_output_0(Reshape), 12:05:05.376425, 4, npu_aicore
 /model/transformer/h.1/mlp/c_fc/Gemm_output_0__matmul_converted_MatMul(MatMulV2), 12:05:05.376425, 26, npu_aicore
 transdata_for_nd_26(TransData), 12:05:05.376425, 7, npu_aicore
 /model/transformer/h.1/mlp/act/Mul_output_0(Mul), 12:05:05.376425, 3, npu_aicore
 /model/transformer/h.1/mlp/act/Pow_output_0(Pow), 12:05:05.376425, 4, npu_aicore
 transdata_for_nd_27(TransData), 12:05:05.376426, 4, npu_aicore
 /model/transformer/h.1/mlp/act/Mul_1_output_0(Mul), 12:05:05.376426, 3, npu_aicore
 /model/transformer/h.1/mlp/act/Add_output_0(Add), 12:05:05.376426, 3, npu_aicore
 /model/transformer/h.1/mlp/act/Mul_2_output_0(Mul), 12:05:05.376427, 3, npu_aicore
 /model/transformer/h.1/mlp/act/Tanh_output_0(Activation), 12:05:05.376427, 2, npu_aicore
 /model/transformer/h.1/mlp/act/Add_1_output_0(Add), 12:05:05.376427, 3, npu_aicore
 /model/transformer/h.1/mlp/act/Mul_3_output_0(Mul), 12:05:05.376427, 3, npu_aicore
 /model/transformer/h.1/mlp/c_proj/Reshape_output_0(Reshape), 12:05:05.376428, 3, npu_aicore
 /model/transformer/h.1/mlp/c_proj/Gemm_output_0__matmul_converted_MatMul(MatMulV2), 12:05:05.376428, 24, npu_aicore
 /model/transformer/h.1/Add_1_output_0(Add), 12:05:05.376429, 3, npu_aicore
 transdata_for_nd_28(TransData), 12:05:05.376429, 7, npu_aicore
 /model/transformer/ln_f/LayerNormalization_output_0(LayerNorm), 12:05:05.376430, 7, npu_aicore
 transdata_for_nd_29(TransData), 12:05:05.376430, 8, npu_aicore
 hidden_block1(Reshape), 12:05:05.376430, 7, npu_aicore
 logits__matmul_converted_MatMul_InReshape(Reshape), 12:05:05.376431, 9, npu_aicore
 logits__matmul_converted_MatMul(MatMulV2), 12:05:05.376431, 427, npu_aicore
 logits(Reshape), 12:05:05.376432, 77, npu_aicore
 /Reshape_output_0(Reshape), 12:05:05.386745, 21, npu_aicore
 netoutput_cast_6(CastT), 12:05:05.386747, 5, npu_aicore
 graphop_data_cast_14(CastT), 12:05:05.386747, 3, npu_aicore
 transdata_for_nd_16(TransData), 12:05:05.386748, 6, npu_aicore
 /model/transformer/h.0/ln_1/LayerNormalization_output_0(LayerNorm), 12:05:05.386748, 6, npu_aicore
 transdata_for_nd_17(TransData), 12:05:05.386749, 6, npu_aicore
 /model/transformer/h.0/attn/c_attn/Reshape_output_0(Reshape), 12:05:05.386750, 3, npu_aicore
 /model/transformer/h.0/attn/c_attn/Gemm_output_0__matmul_converted_MatMul(MatMulV2), 12:05:05.386750, 22, npu_aicore
 /model/transformer/h.0/attn/Split_output_0(SplitD), 12:05:05.386751, 8, npu_aicore
 /model/transformer/h.0/attn/Transpose_1_output_0(Permute), 12:05:05.386751, 2, npu_aicore
 /model/transformer/h.0/attn/Transpose_2_output_0(Permute), 12:05:05.386751, 3, npu_aicore
 /model/transformer/h.0/attn/Transpose_output_0(Permute), 12:05:05.386751, 3, npu_aicore
 /model/transformer/h.0/attn/Mul_1_output_0(Mul), 12:05:05.386752, 3, npu_aicore
 /model/transformer/h.0/attn/Mul_output_0(Mul), 12:05:05.386752, 2, npu_aicore
 /model/transformer/h.0/attn/MatMul_output_0(BatchMatMulV2), 12:05:05.386752, 20, npu_aicore
 /model/transformer/h.0/attn/Add_output_0(Add), 12:05:05.386753, 4, npu_aicore
 /model/transformer/h.0/attn/Softmax_output_0(Softmax), 12:05:05.386753, 4, npu_aicore
 /model/transformer/h.0/attn/MatMul_1_output_0(BatchMatMulV2), 12:05:05.386753, 21, npu_aicore
 /model/transformer/h.0/attn/Transpose_3_output_0(Permute), 12:05:05.386754, 3, npu_aicore
 /model/transformer/h.0/attn/c_proj/Reshape_output_0(Reshape), 12:05:05.386755, 2, npu_aicore
 /model/transformer/h.0/attn/c_proj/Gemm_output_0__matmul_converted_MatMul(MatMulV2), 12:05:05.386755, 21, npu_aicore
 /model/transformer/h.0/Add_output_0(Add), 12:05:05.386756, 2, npu_aicore
 transdata_for_nd_18(TransData), 12:05:05.386756, 5, npu_aicore
 /model/transformer/h.0/ln_2/LayerNormalization_output_0(LayerNorm), 12:05:05.386756, 6, npu_aicore
 transdata_for_nd_19(TransData), 12:05:05.386757, 7, npu_aicore
 /model/transformer/h.0/mlp/c_fc/Reshape_output_0(Reshape), 12:05:05.386757, 3, npu_aicore
 /model/transformer/h.0/mlp/c_fc/Gemm_output_0__matmul_converted_MatMul(MatMulV2), 12:05:05.386757, 21, npu_aicore
 transdata_for_nd_20(TransData), 12:05:05.386757, 5, npu_aicore
 /model/transformer/h.0/mlp/act/Mul_output_0(Mul), 12:05:05.386758, 3, npu_aicore
 /model/transformer/h.0/mlp/act/Pow_output_0(Pow), 12:05:05.386758, 3, npu_aicore
 transdata_for_nd_21(TransData), 12:05:05.386758, 4, npu_aicore
 /model/transformer/h.0/mlp/act/Mul_1_output_0(Mul), 12:05:05.386758, 2, npu_aicore
 /model/transformer/h.0/mlp/act/Add_output_0(Add), 12:05:05.386759, 3, npu_aicore
 /model/transformer/h.0/mlp/act/Mul_2_output_0(Mul), 12:05:05.386760, 2, npu_aicore
 /model/transformer/h.0/mlp/act/Tanh_output_0(Activation), 12:05:05.386760, 2, npu_aicore
 /model/transformer/h.0/mlp/act/Add_1_output_0(Add), 12:05:05.386760, 2, npu_aicore
 /model/transformer/h.0/mlp/act/Mul_3_output_0(Mul), 12:05:05.386761, 3, npu_aicore
 /model/transformer/h.0/mlp/c_proj/Reshape_output_0(Reshape), 12:05:05.386761, 3, npu_aicore
 /model/transformer/h.0/mlp/c_proj/Gemm_output_0__matmul_converted_MatMul(MatMulV2), 12:05:05.386762, 21, npu_aicore
 hidden_block0(Add), 12:05:05.386763, 2, npu_aicore
 netoutput_cast_23(CastT), 12:05:05.386763, 3, npu_aicore
 graphop_data_cast_30(CastT), 12:05:05.386763, 3, npu_aicore
 transdata_for_nd_22(TransData), 12:05:05.386764, 6, npu_aicore
 /model/transformer/h.1/ln_1/LayerNormalization_output_0(LayerNorm), 12:05:05.386765, 6, npu_aicore
 transdata_for_nd_23(TransData), 12:05:05.386766, 5, npu_aicore
 /model/transformer/h.1/attn/c_attn/Reshape_output_0(Reshape), 12:05:05.386766, 3, npu_aicore
 /model/transformer/h.1/attn/c_attn/Gemm_output_0__matmul_converted_MatMul(MatMulV2), 12:05:05.386767, 21, npu_aicore
 /model/transformer/h.1/attn/Split_output_0(SplitD), 12:05:05.386768, 8, npu_aicore
 /model/transformer/h.1/attn/Transpose_1_output_0(Permute), 12:05:05.386768, 2, npu_aicore
 /model/transformer/h.1/attn/Transpose_2_output_0(Permute), 12:05:05.386769, 3, npu_aicore
 /model/transformer/h.1/attn/Transpose_output_0(Permute), 12:05:05.386769, 3, npu_aicore
 /model/transformer/h.1/attn/Mul_1_output_0(Mul), 12:05:05.386770, 2, npu_aicore
 /model/transformer/h.1/attn/Mul_output_0(Mul), 12:05:05.386770, 2, npu_aicore
 /model/transformer/h.1/attn/MatMul_output_0(BatchMatMulV2), 12:05:05.386770, 21, npu_aicore
 /model/transformer/h.1/attn/Add_output_0(Add), 12:05:05.386771, 4, npu_aicore
 /model/transformer/h.1/attn/Softmax_output_0(Softmax), 12:05:05.386771, 4, npu_aicore
 /model/transformer/h.1/attn/MatMul_1_output_0(BatchMatMulV2), 12:05:05.386771, 21, npu_aicore
 /model/transformer/h.1/attn/Transpose_3_output_0(Permute), 12:05:05.386772, 4, npu_aicore
 /model/transformer/h.1/attn/c_proj/Reshape_output_0(Reshape), 12:05:05.386772, 3, npu_aicore
 /model/transformer/h.1/attn/c_proj/Gemm_output_0__matmul_converted_MatMul(MatMulV2), 12:05:05.386772, 21, npu_aicore
 /model/transformer/h.1/Add_output_0(Add), 12:05:05.386773, 3, npu_aicore
 transdata_for_nd_24(TransData), 12:05:05.386773, 6, npu_aicore
 /model/transformer/h.1/ln_2/LayerNormalization_output_0(LayerNorm), 12:05:05.386774, 6, npu_aicore
 transdata_for_nd_25(TransData), 12:05:05.386774, 7, npu_aicore
 /model/transformer/h.1/mlp/c_fc/Reshape_output_0(Reshape), 12:05:05.386775, 2, npu_aicore
 /model/transformer/h.1/mlp/c_fc/Gemm_output_0__matmul_converted_MatMul(MatMulV2), 12:05:05.386775, 22, npu_aicore
 transdata_for_nd_26(TransData), 12:05:05.386775, 6, npu_aicore
 /model/transformer/h.1/mlp/act/Mul_output_0(Mul), 12:05:05.386776, 2, npu_aicore
 /model/transformer/h.1/mlp/act/Pow_output_0(Pow), 12:05:05.386776, 3, npu_aicore
 transdata_for_nd_27(TransData), 12:05:05.386777, 3, npu_aicore
 /model/transformer/h.1/mlp/act/Mul_1_output_0(Mul), 12:05:05.386777, 2, npu_aicore
 /model/transformer/h.1/mlp/act/Add_output_0(Add), 12:05:05.386778, 3, npu_aicore
 /model/transformer/h.1/mlp/act/Mul_2_output_0(Mul), 12:05:05.386778, 2, npu_aicore
 /model/transformer/h.1/mlp/act/Tanh_output_0(Activation), 12:05:05.386779, 2, npu_aicore
 /model/transformer/h.1/mlp/act/Add_1_output_0(Add), 12:05:05.386779, 2, npu_aicore
 /model/transformer/h.1/mlp/act/Mul_3_output_0(Mul), 12:05:05.386779, 3, npu_aicore
 /model/transformer/h.1/mlp/c_proj/Reshape_output_0(Reshape), 12:05:05.386780, 3, npu_aicore
 /model/transformer/h.1/mlp/c_proj/Gemm_output_0__matmul_converted_MatMul(MatMulV2), 12:05:05.386780, 21, npu_aicore
 /model/transformer/h.1/Add_1_output_0(Add), 12:05:05.386780, 2, npu_aicore
 transdata_for_nd_28(TransData), 12:05:05.386781, 5, npu_aicore
 /model/transformer/ln_f/LayerNormalization_output_0(LayerNorm), 12:05:05.386781, 6, npu_aicore
 transdata_for_nd_29(TransData), 12:05:05.386781, 7, npu_aicore
 hidden_block1(Reshape), 12:05:05.386782, 6, npu_aicore
 logits__matmul_converted_MatMul_InReshape(Reshape), 12:05:05.386782, 7, npu_aicore
 logits__matmul_converted_MatMul(MatMulV2), 12:05:05.386783, 424, npu_aicore
 logits(Reshape), 12:05:05.386783, 74, npu_aicore
 /Reshape_output_0(Reshape), 12:05:05.386784, 21, npu_aicore
 netoutput_cast_6(CastT), 12:05:05.386785, 5, npu_aicore
 graphop_data_cast_14(CastT), 12:05:05.386785, 3, npu_aicore
 transdata_for_nd_16(TransData), 12:05:05.386786, 5, npu_aicore
 /model/transformer/h.0/ln_1/LayerNormalization_output_0(LayerNorm), 12:05:05.386787, 6, npu_aicore
 transdata_for_nd_17(TransData), 12:05:05.386787, 6, npu_aicore
 /model/transformer/h.0/attn/c_attn/Reshape_output_0(Reshape), 12:05:05.386787, 3, npu_aicore
 /model/transformer/h.0/attn/c_attn/Gemm_output_0__matmul_converted_MatMul(MatMulV2), 12:05:05.386788, 21, npu_aicore
 /model/transformer/h.0/attn/Split_output_0(SplitD), 12:05:05.386788, 8, npu_aicore
 /model/transformer/h.0/attn/Transpose_1_output_0(Permute), 12:05:05.386789, 2, npu_aicore
 /model/transformer/h.0/attn/Transpose_2_output_0(Permute), 12:05:05.386789, 3, npu_aicore
 /model/transformer/h.0/attn/Transpose_output_0(Permute), 12:05:05.386790, 3, npu_aicore
 /model/transformer/h.0/attn/Mul_1_output_0(Mul), 12:05:05.386791, 3, npu_aicore
 /model/transformer/h.0/attn/Mul_output_0(Mul), 12:05:05.386792, 2, npu_aicore
 /model/transformer/h.0/attn/MatMul_output_0(BatchMatMulV2), 12:05:05.386792, 20, npu_aicore
 /model/transformer/h.0/attn/Add_output_0(Add), 12:05:05.386792, 4, npu_aicore
 /model/transformer/h.0/attn/Softmax_output_0(Softmax), 12:05:05.386793, 3, npu_aicore
 /model/transformer/h.0/attn/MatMul_1_output_0(BatchMatMulV2), 12:05:05.386794, 21, npu_aicore
 /model/transformer/h.0/attn/Transpose_3_output_0(Permute), 12:05:05.386794, 3, npu_aicore
 /model/transformer/h.0/attn/c_proj/Reshape_output_0(Reshape), 12:05:05.386795, 3, npu_aicore
 /model/transformer/h.0/attn/c_proj/Gemm_output_0__matmul_converted_MatMul(MatMulV2), 12:05:05.386795, 21, npu_aicore
 /model/transformer/h.0/Add_output_0(Add), 12:05:05.386796, 2, npu_aicore
 transdata_for_nd_18(TransData), 12:05:05.386796, 5, npu_aicore
 /model/transformer/h.0/ln_2/LayerNormalization_output_0(LayerNorm), 12:05:05.386797, 6, npu_aicore
 transdata_for_nd_19(TransData), 12:05:05.386797, 7, npu_aicore
 /model/transformer/h.0/mlp/c_fc/Reshape_output_0(Reshape), 12:05:05.386797, 4, npu_aicore
 /model/transformer/h.0/mlp/c_fc/Gemm_output_0__matmul_converted_MatMul(MatMulV2), 12:05:05.386797, 21, npu_aicore
 transdata_for_nd_20(TransData), 12:05:05.386798, 5, npu_aicore
 /model/transformer/h.0/mlp/act/Mul_output_0(Mul), 12:05:05.386798, 3, npu_aicore
 /model/transformer/h.0/mlp/act/Pow_output_0(Pow), 12:05:05.386798, 3, npu_aicore
 transdata_for_nd_21(TransData), 12:05:05.386799, 4, npu_aicore
 /model/transformer/h.0/mlp/act/Mul_1_output_0(Mul), 12:05:05.386799, 2, npu_aicore
 /model/transformer/h.0/mlp/act/Add_output_0(Add), 12:05:05.386800, 2, npu_aicore
 /model/transformer/h.0/mlp/act/Mul_2_output_0(Mul), 12:05:05.386800, 2, npu_aicore
 /model/transformer/h.0/mlp/act/Tanh_output_0(Activation), 12:05:05.386800, 2, npu_aicore
 /model/transformer/h.0/mlp/act/Add_1_output_0(Add), 12:05:05.386800, 2, npu_aicore
 /model/transformer/h.0/mlp/act/Mul_3_output_0(Mul), 12:05:05.386801, 3, npu_aicore
 /model/transformer/h.0/mlp/c_proj/Reshape_output_0(Reshape), 12:05:05.386802, 2, npu_aicore
 /model/transformer/h.0/mlp/c_proj/Gemm_output_0__matmul_converted_MatMul(MatMulV2), 12:05:05.386803, 21, npu_aicore
 hidden_block0(Add), 12:05:05.386803, 2, npu_aicore
 netoutput_cast_23(CastT), 12:05:05.386804, 3, npu_aicore
 graphop_data_cast_30(CastT), 12:05:05.386804, 3, npu_aicore
 transdata_for_nd_22(TransData), 12:05:05.386805, 6, npu_aicore
 /model/transformer/h.1/ln_1/LayerNormalization_output_0(LayerNorm), 12:05:05.386805, 6, npu_aicore
 transdata_for_nd_23(TransData), 12:05:05.386805, 5, npu_aicore
 /model/transformer/h.1/attn/c_attn/Reshape_output_0(Reshape), 12:05:05.386806, 3, npu_aicore
 /model/transformer/h.1/attn/c_attn/Gemm_output_0__matmul_converted_MatMul(MatMulV2), 12:05:05.386806, 21, npu_aicore
 /model/transformer/h.1/attn/Split_output_0(SplitD), 12:05:05.386807, 7, npu_aicore
 /model/transformer/h.1/attn/Transpose_1_output_0(Permute), 12:05:05.386808, 2, npu_aicore
 /model/transformer/h.1/attn/Transpose_2_output_0(Permute), 12:05:05.386808, 3, npu_aicore
 /model/transformer/h.1/attn/Transpose_output_0(Permute), 12:05:05.386809, 4, npu_aicore
 /model/transformer/h.1/attn/Mul_1_output_0(Mul), 12:05:05.386809, 3, npu_aicore
 /model/transformer/h.1/attn/Mul_output_0(Mul), 12:05:05.386810, 2, npu_aicore
 /model/transformer/h.1/attn/MatMul_output_0(BatchMatMulV2), 12:05:05.386810, 21, npu_aicore
 /model/transformer/h.1/attn/Add_output_0(Add), 12:05:05.386811, 4, npu_aicore
 /model/transformer/h.1/attn/Softmax_output_0(Softmax), 12:05:05.386811, 4, npu_aicore
 /model/transformer/h.1/attn/MatMul_1_output_0(BatchMatMulV2), 12:05:05.386812, 21, npu_aicore
 /model/transformer/h.1/attn/Transpose_3_output_0(Permute), 12:05:05.386812, 4, npu_aicore
 /model/transformer/h.1/attn/c_proj/Reshape_output_0(Reshape), 12:05:05.386812, 3, npu_aicore
 /model/transformer/h.1/attn/c_proj/Gemm_output_0__matmul_converted_MatMul(MatMulV2), 12:05:05.386813, 21, npu_aicore
 /model/transformer/h.1/Add_output_0(Add), 12:05:05.386814, 3, npu_aicore
 transdata_for_nd_24(TransData), 12:05:05.386815, 6, npu_aicore
 /model/transformer/h.1/ln_2/LayerNormalization_output_0(LayerNorm), 12:05:05.386815, 6, npu_aicore
 transdata_for_nd_25(TransData), 12:05:05.386815, 7, npu_aicore
 /model/transformer/h.1/mlp/c_fc/Reshape_output_0(Reshape), 12:05:05.386816, 3, npu_aicore
 /model/transformer/h.1/mlp/c_fc/Gemm_output_0__matmul_converted_MatMul(MatMulV2), 12:05:05.386817, 22, npu_aicore
 transdata_for_nd_26(TransData), 12:05:05.386817, 6, npu_aicore
 /model/transformer/h.1/mlp/act/Mul_output_0(Mul), 12:05:05.386818, 2, npu_aicore
 /model/transformer/h.1/mlp/act/Pow_output_0(Pow), 12:05:05.386818, 3, npu_aicore
 transdata_for_nd_27(TransData), 12:05:05.386818, 4, npu_aicore
 /model/transformer/h.1/mlp/act/Mul_1_output_0(Mul), 12:05:05.386819, 2, npu_aicore
 /model/transformer/h.1/mlp/act/Add_output_0(Add), 12:05:05.386819, 2, npu_aicore
 /model/transformer/h.1/mlp/act/Mul_2_output_0(Mul), 12:05:05.386819, 2, npu_aicore
 /model/transformer/h.1/mlp/act/Tanh_output_0(Activation), 12:05:05.386820, 2, npu_aicore
 /model/transformer/h.1/mlp/act/Add_1_output_0(Add), 12:05:05.386820, 2, npu_aicore
 /model/transformer/h.1/mlp/act/Mul_3_output_0(Mul), 12:05:05.386821, 2, npu_aicore
 /model/transformer/h.1/mlp/c_proj/Reshape_output_0(Reshape), 12:05:05.386821, 3, npu_aicore
 /model/transformer/h.1/mlp/c_proj/Gemm_output_0__matmul_converted_MatMul(MatMulV2), 12:05:05.386822, 21, npu_aicore
 /model/transformer/h.1/Add_1_output_0(Add), 12:05:05.386822, 3, npu_aicore
 transdata_for_nd_28(TransData), 12:05:05.386822, 5, npu_aicore
 /model/transformer/ln_f/LayerNormalization_output_0(LayerNorm), 12:05:05.386823, 6, npu_aicore
 transdata_for_nd_29(TransData), 12:05:05.386823, 6, npu_aicore
 hidden_block1(Reshape), 12:05:05.386824, 6, npu_aicore
 logits__matmul_converted_MatMul_InReshape(Reshape), 12:05:05.386824, 7, npu_aicore
 logits__matmul_converted_MatMul(MatMulV2), 12:05:05.386825, 425, npu_aicore
 logits(Reshape), 12:05:05.386825, 78, npu_aicore
 /Reshape_output_0(Reshape), 12:05:05.386825, 21, npu_aicore
 netoutput_cast_6(CastT), 12:05:05.386825, 5, npu_aicore
 graphop_data_cast_14(CastT), 12:05:05.386825, 3, npu_aicore
 transdata_for_nd_16(TransData), 12:05:05.386826, 6, npu_aicore
 /model/transformer/h.0/ln_1/LayerNormalization_output_0(LayerNorm), 12:05:05.386826, 6, npu_aicore
 transdata_for_nd_17(TransData), 12:05:05.386826, 5, npu_aicore
 /model/transformer/h.0/attn/c_attn/Reshape_output_0(Reshape), 12:05:05.386827, 3, npu_aicore
 /model/transformer/h.0/attn/c_attn/Gemm_output_0__matmul_converted_MatMul(MatMulV2), 12:05:05.386827, 22, npu_aicore
 /model/transformer/h.0/attn/Split_output_0(SplitD), 12:05:05.386827, 8, npu_aicore
 /model/transformer/h.0/attn/Transpose_1_output_0(Permute), 12:05:05.386828, 3, npu_aicore
 /model/transformer/h.0/attn/Transpose_2_output_0(Permute), 12:05:05.386828, 3, npu_aicore
 /model/transformer/h.0/attn/Transpose_output_0(Permute), 12:05:05.386828, 3, npu_aicore
 /model/transformer/h.0/attn/Mul_1_output_0(Mul), 12:05:05.386829, 3, npu_aicore
 /model/transformer/h.0/attn/Mul_output_0(Mul), 12:05:05.386829, 3, npu_aicore
 /model/transformer/h.0/attn/MatMul_output_0(BatchMatMulV2), 12:05:05.386829, 21, npu_aicore
 /model/transformer/h.0/attn/Add_output_0(Add), 12:05:05.386829, 4, npu_aicore
 /model/transformer/h.0/attn/Softmax_output_0(Softmax), 12:05:05.386830, 4, npu_aicore
 /model/transformer/h.0/attn/MatMul_1_output_0(BatchMatMulV2), 12:05:05.386830, 20, npu_aicore
 /model/transformer/h.0/attn/Transpose_3_output_0(Permute), 12:05:05.386830, 3, npu_aicore
 /model/transformer/h.0/attn/c_proj/Reshape_output_0(Reshape), 12:05:05.386831, 3, npu_aicore
 /model/transformer/h.0/attn/c_proj/Gemm_output_0__matmul_converted_MatMul(MatMulV2), 12:05:05.386831, 21, npu_aicore
 /model/transformer/h.0/Add_output_0(Add), 12:05:05.386831, 2, npu_aicore
 transdata_for_nd_18(TransData), 12:05:05.386832, 5, npu_aicore
 /model/transformer/h.0/ln_2/LayerNormalization_output_0(LayerNorm), 12:05:05.386832, 6, npu_aicore
 transdata_for_nd_19(TransData), 12:05:05.386832, 7, npu_aicore
 /model/transformer/h.0/mlp/c_fc/Reshape_output_0(Reshape), 12:05:05.386833, 3, npu_aicore
 /model/transformer/h.0/mlp/c_fc/Gemm_output_0__matmul_converted_MatMul(MatMulV2), 12:05:05.386833, 20, npu_aicore
 transdata_for_nd_20(TransData), 12:05:05.386834, 5, npu_aicore
 /model/transformer/h.0/mlp/act/Mul_output_0(Mul), 12:05:05.386834, 2, npu_aicore
 /model/transformer/h.0/mlp/act/Pow_output_0(Pow), 12:05:05.386834, 3, npu_aicore
 transdata_for_nd_21(TransData), 12:05:05.386834, 3, npu_aicore
 /model/transformer/h.0/mlp/act/Mul_1_output_0(Mul), 12:05:05.386835, 2, npu_aicore
 /model/transformer/h.0/mlp/act/Add_output_0(Add), 12:05:05.386835, 2, npu_aicore
 /model/transformer/h.0/mlp/act/Mul_2_output_0(Mul), 12:05:05.386835, 2, npu_aicore
 /model/transformer/h.0/mlp/act/Tanh_output_0(Activation), 12:05:05.386836, 2, npu_aicore
 /model/transformer/h.0/mlp/act/Add_1_output_0(Add), 12:05:05.386836, 2, npu_aicore
 /model/transformer/h.0/mlp/act/Mul_3_output_0(Mul), 12:05:05.386836, 2, npu_aicore
 /model/transformer/h.0/mlp/c_proj/Reshape_output_0(Reshape), 12:05:05.386837, 3, npu_aicore
 /model/transformer/h.0/mlp/c_proj/Gemm_output_0__matmul_converted_MatMul(MatMulV2), 12:05:05.386837, 21, npu_aicore
 hidden_block0(Add), 12:05:05.386838, 2, npu_aicore
 netoutput_cast_23(CastT), 12:05:05.386838, 3, npu_aicore
 graphop_data_cast_30(CastT), 12:05:05.386838, 3, npu_aicore
 transdata_for_nd_22(TransData), 12:05:05.386839, 5, npu_aicore
 /model/transformer/h.1/ln_1/LayerNormalization_output_0(LayerNorm), 12:05:05.386839, 6, npu_aicore
 transdata_for_nd_23(TransData), 12:05:05.386840, 5, npu_aicore
 /model/transformer/h.1/attn/c_attn/Reshape_output_0(Reshape), 12:05:05.386840, 2, npu_aicore
 /model/transformer/h.1/attn/c_attn/Gemm_output_0__matmul_converted_MatMul(MatMulV2), 12:05:05.386840, 20, npu_aicore
 /model/transformer/h.1/attn/Split_output_0(SplitD), 12:05:05.386840, 7, npu_aicore
 /model/transformer/h.1/attn/Transpose_1_output_0(Permute), 12:05:05.386841, 2, npu_aicore
 /model/transformer/h.1/attn/Transpose_2_output_0(Permute), 12:05:05.386841, 2, npu_aicore
 /model/transformer/h.1/attn/Transpose_output_0(Permute), 12:05:05.386841, 2, npu_aicore
 /model/transformer/h.1/attn/Mul_1_output_0(Mul), 12:05:05.386842, 2, npu_aicore
 /model/transformer/h.1/attn/Mul_output_0(Mul), 12:05:05.386842, 2, npu_aicore
 /model/transformer/h.1/attn/MatMul_output_0(BatchMatMulV2), 12:05:05.386842, 20, npu_aicore
 /model/transformer/h.1/attn/Add_output_0(Add), 12:05:05.386843, 3, npu_aicore
 /model/transformer/h.1/attn/Softmax_output_0(Softmax), 12:05:05.386843, 4, npu_aicore
 /model/transformer/h.1/attn/MatMul_1_output_0(BatchMatMulV2), 12:05:05.386843, 21, npu_aicore
 /model/transformer/h.1/attn/Transpose_3_output_0(Permute), 12:05:05.386844, 2, npu_aicore
 /model/transformer/h.1/attn/c_proj/Reshape_output_0(Reshape), 12:05:05.386844, 3, npu_aicore
 /model/transformer/h.1/attn/c_proj/Gemm_output_0__matmul_converted_MatMul(MatMulV2), 12:05:05.386844, 20, npu_aicore
 /model/transformer/h.1/Add_output_0(Add), 12:05:05.386845, 2, npu_aicore
 transdata_for_nd_24(TransData), 12:05:05.386845, 5, npu_aicore
 /model/transformer/h.1/ln_2/LayerNormalization_output_0(LayerNorm), 12:05:05.386845, 5, npu_aicore
 transdata_for_nd_25(TransData), 12:05:05.386845, 5, npu_aicore
 /model/transformer/h.1/mlp/c_fc/Reshape_output_0(Reshape), 12:05:05.386846, 2, npu_aicore
 /model/transformer/h.1/mlp/c_fc/Gemm_output_0__matmul_converted_MatMul(MatMulV2), 12:05:05.386846, 21, npu_aicore
 transdata_for_nd_26(TransData), 12:05:05.386846, 5, npu_aicore
 /model/transformer/h.1/mlp/act/Mul_output_0(Mul), 12:05:05.386846, 2, npu_aicore
 /model/transformer/h.1/mlp/act/Pow_output_0(Pow), 12:05:05.386847, 3, npu_aicore
 transdata_for_nd_27(TransData), 12:05:05.386847, 3, npu_aicore
 /model/transformer/h.1/mlp/act/Mul_1_output_0(Mul), 12:05:05.386847, 2, npu_aicore
 /model/transformer/h.1/mlp/act/Add_output_0(Add), 12:05:05.386848, 2, npu_aicore
 /model/transformer/h.1/mlp/act/Mul_2_output_0(Mul), 12:05:05.386848, 2, npu_aicore
 /model/transformer/h.1/mlp/act/Tanh_output_0(Activation), 12:05:05.386848, 2, npu_aicore
 /model/transformer/h.1/mlp/act/Add_1_output_0(Add), 12:05:05.386849, 2, npu_aicore
 /model/transformer/h.1/mlp/act/Mul_3_output_0(Mul), 12:05:05.386849, 2, npu_aicore
 /model/transformer/h.1/mlp/c_proj/Reshape_output_0(Reshape), 12:05:05.386850, 2, npu_aicore
 /model/transformer/h.1/mlp/c_proj/Gemm_output_0__matmul_converted_MatMul(MatMulV2), 12:05:05.386850, 20, npu_aicore
 /model/transformer/h.1/Add_1_output_0(Add), 12:05:05.386850, 2, npu_aicore
 transdata_for_nd_28(TransData), 12:05:05.386851, 5, npu_aicore
 /model/transformer/ln_f/LayerNormalization_output_0(LayerNorm), 12:05:05.386851, 5, npu_aicore
 transdata_for_nd_29(TransData), 12:05:05.386851, 5, npu_aicore
 hidden_block1(Reshape), 12:05:05.386852, 3, npu_aicore
 logits__matmul_converted_MatMul_InReshape(Reshape), 12:05:05.386852, 6, npu_aicore
 logits__matmul_converted_MatMul(MatMulV2), 12:05:05.386852, 424, npu_aicore
 logits(Reshape), 12:05:05.386852, 75, npu_aicore
 /Reshape_output_0(Reshape), 12:05:05.386853, 21, npu_aicore
 netoutput_cast_6(CastT), 12:05:05.386853, 5, npu_aicore
 graphop_data_cast_14(CastT), 12:05:05.386854, 3, npu_aicore
 transdata_for_nd_16(TransData), 12:05:05.386854, 6, npu_aicore
 /model/transformer/h.0/ln_1/LayerNormalization_output_0(LayerNorm), 12:05:05.386854, 5, npu_aicore
 transdata_for_nd_17(TransData), 12:05:05.386855, 6, npu_aicore
 /model/transformer/h.0/attn/c_attn/Reshape_output_0(Reshape), 12:05:05.386855, 3, npu_aicore
 /model/transformer/h.0/attn/c_attn/Gemm_output_0__matmul_converted_MatMul(MatMulV2), 12:05:05.386855, 24, npu_aicore
 /model/transformer/h.0/attn/Split_output_0(SplitD), 12:05:05.386855, 9, npu_aicore
 /model/transformer/h.0/attn/Transpose_1_output_0(Permute), 12:05:05.386856, 3, npu_aicore
 /model/transformer/h.0/attn/Transpose_2_output_0(Permute), 12:05:05.386856, 2, npu_aicore
 /model/transformer/h.0/attn/Transpose_output_0(Permute), 12:05:05.386856, 3, npu_aicore
 /model/transformer/h.0/attn/Mul_1_output_0(Mul), 12:05:05.386857, 3, npu_aicore
 /model/transformer/h.0/attn/Mul_output_0(Mul), 12:05:05.386857, 2, npu_aicore
 /model/transformer/h.0/attn/MatMul_output_0(BatchMatMulV2), 12:05:05.386857, 23, npu_aicore
 /model/transformer/h.0/attn/Add_output_0(Add), 12:05:05.386857, 3, npu_aicore
 /model/transformer/h.0/attn/Softmax_output_0(Softmax), 12:05:05.386858, 4, npu_aicore
 /model/transformer/h.0/attn/MatMul_1_output_0(BatchMatMulV2), 12:05:05.386858, 23, npu_aicore
 /model/transformer/h.0/attn/Transpose_3_output_0(Permute), 12:05:05.386859, 3, npu_aicore
 /model/transformer/h.0/attn/c_proj/Reshape_output_0(Reshape), 12:05:05.386859, 3, npu_aicore
 /model/transformer/h.0/attn/c_proj/Gemm_output_0__matmul_converted_MatMul(MatMulV2), 12:05:05.386859, 24, npu_aicore
 /model/transformer/h.0/Add_output_0(Add), 12:05:05.386859, 2, npu_aicore
 transdata_for_nd_18(TransData), 12:05:05.386860, 6, npu_aicore
 /model/transformer/h.0/ln_2/LayerNormalization_output_0(LayerNorm), 12:05:05.386860, 5, npu_aicore
 transdata_for_nd_19(TransData), 12:05:05.386860, 6, npu_aicore
 /model/transformer/h.0/mlp/c_fc/Reshape_output_0(Reshape), 12:05:05.386860, 3, npu_aicore
 /model/transformer/h.0/mlp/c_fc/Gemm_output_0__matmul_converted_MatMul(MatMulV2), 12:05:05.386861, 23, npu_aicore
 transdata_for_nd_20(TransData), 12:05:05.386861, 6, npu_aicore
 /model/transformer/h.0/mlp/act/Mul_output_0(Mul), 12:05:05.386861, 3, npu_aicore
 /model/transformer/h.0/mlp/act/Pow_output_0(Pow), 12:05:05.386861, 3, npu_aicore
 transdata_for_nd_21(TransData), 12:05:05.386862, 4, npu_aicore
 /model/transformer/h.0/mlp/act/Mul_1_output_0(Mul), 12:05:05.386862, 2, npu_aicore
 /model/transformer/h.0/mlp/act/Add_output_0(Add), 12:05:05.386862, 2, npu_aicore
 /model/transformer/h.0/mlp/act/Mul_2_output_0(Mul), 12:05:05.386863, 3, npu_aicore
 /model/transformer/h.0/mlp/act/Tanh_output_0(Activation), 12:05:05.386863, 2, npu_aicore
 /model/transformer/h.0/mlp/act/Add_1_output_0(Add), 12:05:05.386864, 2, npu_aicore
 /model/transformer/h.0/mlp/act/Mul_3_output_0(Mul), 12:05:05.386864, 3, npu_aicore
 /model/transformer/h.0/mlp/c_proj/Reshape_output_0(Reshape), 12:05:05.386864, 3, npu_aicore
 /model/transformer/h.0/mlp/c_proj/Gemm_output_0__matmul_converted_MatMul(MatMulV2), 12:05:05.386865, 23, npu_aicore
 hidden_block0(Add), 12:05:05.386865, 2, npu_aicore
 netoutput_cast_23(CastT), 12:05:05.386865, 3, npu_aicore
 graphop_data_cast_30(CastT), 12:05:05.386866, 3, npu_aicore
 transdata_for_nd_22(TransData), 12:05:05.386866, 6, npu_aicore
 /model/transformer/h.1/ln_1/LayerNormalization_output_0(LayerNorm), 12:05:05.386866, 6, npu_aicore
 transdata_for_nd_23(TransData), 12:05:05.386867, 6, npu_aicore
 /model/transformer/h.1/attn/c_attn/Reshape_output_0(Reshape), 12:05:05.386867, 3, npu_aicore
 /model/transformer/h.1/attn/c_attn/Gemm_output_0__matmul_converted_MatMul(MatMulV2), 12:05:05.386867, 23, npu_aicore
 /model/transformer/h.1/attn/Split_output_0(SplitD), 12:05:05.386867, 8, npu_aicore
 /model/transformer/h.1/attn/Transpose_1_output_0(Permute), 12:05:05.386868, 3, npu_aicore
 /model/transformer/h.1/attn/Transpose_2_output_0(Permute), 12:05:05.386868, 3, npu_aicore
 /model/transformer/h.1/attn/Transpose_output_0(Permute), 12:05:05.386869, 3, npu_aicore
 /model/transformer/h.1/attn/Mul_1_output_0(Mul), 12:05:05.386869, 2, npu_aicore
 /model/transformer/h.1/attn/Mul_output_0(Mul), 12:05:05.386869, 2, npu_aicore
 /model/transformer/h.1/attn/MatMul_output_0(BatchMatMulV2), 12:05:05.386870, 23, npu_aicore
 /model/transformer/h.1/attn/Add_output_0(Add), 12:05:05.386870, 4, npu_aicore
 /model/transformer/h.1/attn/Softmax_output_0(Softmax), 12:05:05.386870, 4, npu_aicore
 /model/transformer/h.1/attn/MatMul_1_output_0(BatchMatMulV2), 12:05:05.386871, 23, npu_aicore
 /model/transformer/h.1/attn/Transpose_3_output_0(Permute), 12:05:05.386871, 3, npu_aicore
 /model/transformer/h.1/attn/c_proj/Reshape_output_0(Reshape), 12:05:05.386872, 3, npu_aicore
 /model/transformer/h.1/attn/c_proj/Gemm_output_0__matmul_converted_MatMul(MatMulV2), 12:05:05.386872, 23, npu_aicore
 /model/transformer/h.1/Add_output_0(Add), 12:05:05.386872, 2, npu_aicore
 transdata_for_nd_24(TransData), 12:05:05.386873, 7, npu_aicore
 /model/transformer/h.1/ln_2/LayerNormalization_output_0(LayerNorm), 12:05:05.386873, 5, npu_aicore
 transdata_for_nd_25(TransData), 12:05:05.386873, 6, npu_aicore
 /model/transformer/h.1/mlp/c_fc/Reshape_output_0(Reshape), 12:05:05.386874, 3, npu_aicore
 /model/transformer/h.1/mlp/c_fc/Gemm_output_0__matmul_converted_MatMul(MatMulV2), 12:05:05.386874, 24, npu_aicore
 transdata_for_nd_26(TransData), 12:05:05.386874, 6, npu_aicore
 /model/transformer/h.1/mlp/act/Mul_output_0(Mul), 12:05:05.386875, 3, npu_aicore
 /model/transformer/h.1/mlp/act/Pow_output_0(Pow), 12:05:05.386875, 3, npu_aicore
 transdata_for_nd_27(TransData), 12:05:05.386875, 4, npu_aicore
 /model/transformer/h.1/mlp/act/Mul_1_output_0(Mul), 12:05:05.386876, 2, npu_aicore
 /model/transformer/h.1/mlp/act/Add_output_0(Add), 12:05:05.386876, 2, npu_aicore
 /model/transformer/h.1/mlp/act/Mul_2_output_0(Mul), 12:05:05.386876, 2, npu_aicore
 /model/transformer/h.1/mlp/act/Tanh_output_0(Activation), 12:05:05.386877, 2, npu_aicore
 /model/transformer/h.1/mlp/act/Add_1_output_0(Add), 12:05:05.386877, 2, npu_aicore
 /model/transformer/h.1/mlp/act/Mul_3_output_0(Mul), 12:05:05.386877, 2, npu_aicore
 /model/transformer/h.1/mlp/c_proj/Reshape_output_0(Reshape), 12:05:05.386877, 3, npu_aicore
 /model/transformer/h.1/mlp/c_proj/Gemm_output_0__matmul_converted_MatMul(MatMulV2), 12:05:05.386878, 23, npu_aicore
 /model/transformer/h.1/Add_1_output_0(Add), 12:05:05.386878, 2, npu_aicore
 transdata_for_nd_28(TransData), 12:05:05.386878, 6, npu_aicore
 /model/transformer/ln_f/LayerNormalization_output_0(LayerNorm), 12:05:05.386879, 6, npu_aicore
 transdata_for_nd_29(TransData), 12:05:05.386879, 7, npu_aicore
 hidden_block1(Reshape), 12:05:05.386880, 3, npu_aicore
 logits__matmul_converted_MatMul_InReshape(Reshape), 12:05:05.386880, 8, npu_aicore
 logits__matmul_converted_MatMul(MatMulV2), 12:05:05.386880, 426, npu_aicore
 logits(Reshape), 12:05:05.386881, 105, npu_aicore
 /Reshape_output_0(Reshape), 12:05:05.386881, 21, npu_aicore
 netoutput_cast_6(CastT), 12:05:05.386881, 5, npu_aicore
 graphop_data_cast_14(CastT), 12:05:05.386882, 3, npu_aicore
 transdata_for_nd_16(TransData), 12:05:05.386882, 6, npu_aicore
 /model/transformer/h.0/ln_1/LayerNormalization_output_0(LayerNorm), 12:05:05.386882, 6, npu_aicore
 transdata_for_nd_17(TransData), 12:05:05.386883, 6, npu_aicore
 /model/transformer/h.0/attn/c_attn/Reshape_output_0(Reshape), 12:05:05.386883, 3, npu_aicore
 /model/transformer/h.0/attn/c_attn/Gemm_output_0__matmul_converted_MatMul(MatMulV2), 12:05:05.386883, 24, npu_aicore
 /model/transformer/h.0/attn/Split_output_0(SplitD), 12:05:05.386884, 8, npu_aicore
 /model/transformer/h.0/attn/Transpose_1_output_0(Permute), 12:05:05.386884, 3, npu_aicore
 /model/transformer/h.0/attn/Transpose_2_output_0(Permute), 12:05:05.386884, 2, npu_aicore
 /model/transformer/h.0/attn/Transpose_output_0(Permute), 12:05:05.386885, 3, npu_aicore
 /model/transformer/h.0/attn/Mul_1_output_0(Mul), 12:05:05.386885, 3, npu_aicore
 /model/transformer/h.0/attn/Mul_output_0(Mul), 12:05:05.386885, 2, npu_aicore
 /model/transformer/h.0/attn/MatMul_output_0(BatchMatMulV2), 12:05:05.386886, 23, npu_aicore
 /model/transformer/h.0/attn/Add_output_0(Add), 12:05:05.386886, 4, npu_aicore
 /model/transformer/h.0/attn/Softmax_output_0(Softmax), 12:05:05.386886, 5, npu_aicore
 /model/transformer/h.0/attn/MatMul_1_output_0(BatchMatMulV2), 12:05:05.386887, 23, npu_aicore
 /model/transformer/h.0/attn/Transpose_3_output_0(Permute), 12:05:05.386887, 3, npu_aicore
 /model/transformer/h.0/attn/c_proj/Reshape_output_0(Reshape), 12:05:05.386888, 3, npu_aicore
 /model/transformer/h.0/attn/c_proj/Gemm_output_0__matmul_converted_MatMul(MatMulV2), 12:05:05.386888, 24, npu_aicore
 /model/transformer/h.0/Add_output_0(Add), 12:05:05.386888, 3, npu_aicore
 transdata_for_nd_18(TransData), 12:05:05.386888, 7, npu_aicore
 /model/transformer/h.0/ln_2/LayerNormalization_output_0(LayerNorm), 12:05:05.386889, 7, npu_aicore
 transdata_for_nd_19(TransData), 12:05:05.386889, 6, npu_aicore
 /model/transformer/h.0/mlp/c_fc/Reshape_output_0(Reshape), 12:05:05.386889, 3, npu_aicore
 /model/transformer/h.0/mlp/c_fc/Gemm_output_0__matmul_converted_MatMul(MatMulV2), 12:05:05.386889, 23, npu_aicore
 transdata_for_nd_20(TransData), 12:05:05.386890, 6, npu_aicore
 /model/transformer/h.0/mlp/act/Mul_output_0(Mul), 12:05:05.386890, 4, npu_aicore
 /model/transformer/h.0/mlp/act/Pow_output_0(Pow), 12:05:05.386890, 4, npu_aicore
 transdata_for_nd_21(TransData), 12:05:05.386891, 5, npu_aicore
 /model/transformer/h.0/mlp/act/Mul_1_output_0(Mul), 12:05:05.386891, 3, npu_aicore
 /model/transformer/h.0/mlp/act/Add_output_0(Add), 12:05:05.386891, 3, npu_aicore
 /model/transformer/h.0/mlp/act/Mul_2_output_0(Mul), 12:05:05.386892, 3, npu_aicore
 /model/transformer/h.0/mlp/act/Tanh_output_0(Activation), 12:05:05.386892, 2, npu_aicore
 /model/transformer/h.0/mlp/act/Add_1_output_0(Add), 12:05:05.386892, 3, npu_aicore
 /model/transformer/h.0/mlp/act/Mul_3_output_0(Mul), 12:05:05.386893, 3, npu_aicore
 /model/transformer/h.0/mlp/c_proj/Reshape_output_0(Reshape), 12:05:05.386893, 3, npu_aicore
 /model/transformer/h.0/mlp/c_proj/Gemm_output_0__matmul_converted_MatMul(MatMulV2), 12:05:05.386893, 24, npu_aicore
 hidden_block0(Add), 12:05:05.386894, 3, npu_aicore
 netoutput_cast_23(CastT), 12:05:05.386894, 5, npu_aicore
 graphop_data_cast_30(CastT), 12:05:05.386894, 4, npu_aicore
 transdata_for_nd_22(TransData), 12:05:05.386895, 7, npu_aicore
 /model/transformer/h.1/ln_1/LayerNormalization_output_0(LayerNorm), 12:05:05.386895, 6, npu_aicore
 transdata_for_nd_23(TransData), 12:05:05.386895, 7, npu_aicore
 /model/transformer/h.1/attn/c_attn/Reshape_output_0(Reshape), 12:05:05.386896, 3, npu_aicore
 /model/transformer/h.1/attn/c_attn/Gemm_output_0__matmul_converted_MatMul(MatMulV2), 12:05:05.386896, 23, npu_aicore
 /model/transformer/h.1/attn/Split_output_0(SplitD), 12:05:05.386897, 8, npu_aicore
 /model/transformer/h.1/attn/Transpose_1_output_0(Permute), 12:05:05.386897, 3, npu_aicore
 /model/transformer/h.1/attn/Transpose_2_output_0(Permute), 12:05:05.386897, 3, npu_aicore
 /model/transformer/h.1/attn/Transpose_output_0(Permute), 12:05:05.386898, 3, npu_aicore
 /model/transformer/h.1/attn/Mul_1_output_0(Mul), 12:05:05.386898, 3, npu_aicore
 /model/transformer/h.1/attn/Mul_output_0(Mul), 12:05:05.386898, 2, npu_aicore
 /model/transformer/h.1/attn/MatMul_output_0(BatchMatMulV2), 12:05:05.386898, 24, npu_aicore
 /model/transformer/h.1/attn/Add_output_0(Add), 12:05:05.386899, 4, npu_aicore
 /model/transformer/h.1/attn/Softmax_output_0(Softmax), 12:05:05.386899, 4, npu_aicore
 /model/transformer/h.1/attn/MatMul_1_output_0(BatchMatMulV2), 12:05:05.386900, 23, npu_aicore
 /model/transformer/h.1/attn/Transpose_3_output_0(Permute), 12:05:05.386900, 4, npu_aicore
 /model/transformer/h.1/attn/c_proj/Reshape_output_0(Reshape), 12:05:05.386900, 3, npu_aicore
 /model/transformer/h.1/attn/c_proj/Gemm_output_0__matmul_converted_MatMul(MatMulV2), 12:05:05.386901, 24, npu_aicore
 /model/transformer/h.1/Add_output_0(Add), 12:05:05.386901, 3, npu_aicore
 transdata_for_nd_24(TransData), 12:05:05.386901, 7, npu_aicore
 /model/transformer/h.1/ln_2/LayerNormalization_output_0(LayerNorm), 12:05:05.386902, 7, npu_aicore
 transdata_for_nd_25(TransData), 12:05:05.386902, 7, npu_aicore
 /model/transformer/h.1/mlp/c_fc/Reshape_output_0(Reshape), 12:05:05.386902, 3, npu_aicore
 /model/transformer/h.1/mlp/c_fc/Gemm_output_0__matmul_converted_MatMul(MatMulV2), 12:05:05.386903, 24, npu_aicore
 transdata_for_nd_26(TransData), 12:05:05.386903, 6, npu_aicore
 /model/transformer/h.1/mlp/act/Mul_output_0(Mul), 12:05:05.386904, 3, npu_aicore
 /model/transformer/h.1/mlp/act/Pow_output_0(Pow), 12:05:05.386904, 3, npu_aicore
 transdata_for_nd_27(TransData), 12:05:05.386904, 4, npu_aicore
 /model/transformer/h.1/mlp/act/Mul_1_output_0(Mul), 12:05:05.386904, 2, npu_aicore
 /model/transformer/h.1/mlp/act/Add_output_0(Add), 12:05:05.386905, 2, npu_aicore
 /model/transformer/h.1/mlp/act/Mul_2_output_0(Mul), 12:05:05.386905, 2, npu_aicore
 /model/transformer/h.1/mlp/act/Tanh_output_0(Activation), 12:05:05.386905, 2, npu_aicore
 /model/transformer/h.1/mlp/act/Add_1_output_0(Add), 12:05:05.386906, 2, npu_aicore
 /model/transformer/h.1/mlp/act/Mul_3_output_0(Mul), 12:05:05.386906, 2, npu_aicore
 /model/transformer/h.1/mlp/c_proj/Reshape_output_0(Reshape), 12:05:05.386906, 3, npu_aicore
 /model/transformer/h.1/mlp/c_proj/Gemm_output_0__matmul_converted_MatMul(MatMulV2), 12:05:05.386907, 23, npu_aicore
 /model/transformer/h.1/Add_1_output_0(Add), 12:05:05.386907, 3, npu_aicore
 transdata_for_nd_28(TransData), 12:05:05.386907, 6, npu_aicore
 /model/transformer/ln_f/LayerNormalization_output_0(LayerNorm), 12:05:05.386908, 7, npu_aicore
 transdata_for_nd_29(TransData), 12:05:05.386908, 8, npu_aicore
 hidden_block1(Reshape), 12:05:05.386908, 6, npu_aicore
 logits__matmul_converted_MatMul_InReshape(Reshape), 12:05:05.386909, 8, npu_aicore
 logits__matmul_converted_MatMul(MatMulV2), 12:05:05.386909, 428, npu_aicore
 logits(Reshape), 12:05:05.386909, 105, npu_aicore
 /Reshape_output_0(Reshape), 12:05:05.386909, 21, npu_aicore
 netoutput_cast_6(CastT), 12:05:05.386910, 5, npu_aicore
 graphop_data_cast_14(CastT), 12:05:05.386910, 4, npu_aicore
 transdata_for_nd_16(TransData), 12:05:05.386910, 6, npu_aicore
 /model/transformer/h.0/ln_1/LayerNormalization_output_0(LayerNorm), 12:05:05.386911, 5, npu_aicore
 transdata_for_nd_17(TransData), 12:05:05.386911, 6, npu_aicore
 /model/transformer/h.0/attn/c_attn/Reshape_output_0(Reshape), 12:05:05.386911, 3, npu_aicore
 /model/transformer/h.0/attn/c_attn/Gemm_output_0__matmul_converted_MatMul(MatMulV2), 12:05:05.386912, 24, npu_aicore
 /model/transformer/h.0/attn/Split_output_0(SplitD), 12:05:05.386912, 8, npu_aicore
 /model/transformer/h.0/attn/Transpose_1_output_0(Permute), 12:05:05.386912, 3, npu_aicore
 /model/transformer/h.0/attn/Transpose_2_output_0(Permute), 12:05:05.386913, 2, npu_aicore
 /model/transformer/h.0/attn/Transpose_output_0(Permute), 12:05:05.386913, 3, npu_aicore
 /model/transformer/h.0/attn/Mul_1_output_0(Mul), 12:05:05.386913, 2, npu_aicore
 /model/transformer/h.0/attn/Mul_output_0(Mul), 12:05:05.386913, 2, npu_aicore
 /model/transformer/h.0/attn/MatMul_output_0(BatchMatMulV2), 12:05:05.386914, 23, npu_aicore
 /model/transformer/h.0/attn/Add_output_0(Add), 12:05:05.386914, 4, npu_aicore
 /model/transformer/h.0/attn/Softmax_output_0(Softmax), 12:05:05.386914, 4, npu_aicore
 /model/transformer/h.0/attn/MatMul_1_output_0(BatchMatMulV2), 12:05:05.386915, 23, npu_aicore
 /model/transformer/h.0/attn/Transpose_3_output_0(Permute), 12:05:05.386915, 3, npu_aicore
 /model/transformer/h.0/attn/c_proj/Reshape_output_0(Reshape), 12:05:05.386915, 3, npu_aicore
 /model/transformer/h.0/attn/c_proj/Gemm_output_0__matmul_converted_MatMul(MatMulV2), 12:05:05.386916, 24, npu_aicore
 /model/transformer/h.0/Add_output_0(Add), 12:05:05.386916, 3, npu_aicore
 transdata_for_nd_18(TransData), 12:05:05.386916, 7, npu_aicore
 /model/transformer/h.0/ln_2/LayerNormalization_output_0(LayerNorm), 12:05:05.386917, 6, npu_aicore
 transdata_for_nd_19(TransData), 12:05:05.386917, 6, npu_aicore
 /model/transformer/h.0/mlp/c_fc/Reshape_output_0(Reshape), 12:05:05.386917, 3, npu_aicore
 /model/transformer/h.0/mlp/c_fc/Gemm_output_0__matmul_converted_MatMul(MatMulV2), 12:05:05.386918, 23, npu_aicore
 transdata_for_nd_20(TransData), 12:05:05.386918, 6, npu_aicore
 /model/transformer/h.0/mlp/act/Mul_output_0(Mul), 12:05:05.386918, 3, npu_aicore
 /model/transformer/h.0/mlp/act/Pow_output_0(Pow), 12:05:05.386918, 3, npu_aicore
 transdata_for_nd_21(TransData), 12:05:05.386919, 4, npu_aicore
 /model/transformer/h.0/mlp/act/Mul_1_output_0(Mul), 12:05:05.386919, 2, npu_aicore
 /model/transformer/h.0/mlp/act/Add_output_0(Add), 12:05:05.386919, 2, npu_aicore
 /model/transformer/h.0/mlp/act/Mul_2_output_0(Mul), 12:05:05.386920, 2, npu_aicore
 /model/transformer/h.0/mlp/act/Tanh_output_0(Activation), 12:05:05.386920, 2, npu_aicore
 /model/transformer/h.0/mlp/act/Add_1_output_0(Add), 12:05:05.386920, 2, npu_aicore
 /model/transformer/h.0/mlp/act/Mul_3_output_0(Mul), 12:05:05.386921, 2, npu_aicore
 /model/transformer/h.0/mlp/c_proj/Reshape_output_0(Reshape), 12:05:05.386921, 3, npu_aicore
 /model/transformer/h.0/mlp/c_proj/Gemm_output_0__matmul_converted_MatMul(MatMulV2), 12:05:05.386921, 23, npu_aicore
 hidden_block0(Add), 12:05:05.386922, 2, npu_aicore
 netoutput_cast_23(CastT), 12:05:05.386922, 3, npu_aicore
 graphop_data_cast_30(CastT), 12:05:05.386922, 3, npu_aicore
 transdata_for_nd_22(TransData), 12:05:05.386923, 6, npu_aicore
 /model/transformer/h.1/ln_1/LayerNormalization_output_0(LayerNorm), 12:05:05.386923, 6, npu_aicore
 transdata_for_nd_23(TransData), 12:05:05.386924, 6, npu_aicore
 /model/transformer/h.1/attn/c_attn/Reshape_output_0(Reshape), 12:05:05.386924, 3, npu_aicore
 /model/transformer/h.1/attn/c_attn/Gemm_output_0__matmul_converted_MatMul(MatMulV2), 12:05:05.386924, 23, npu_aicore
 /model/transformer/h.1/attn/Split_output_0(SplitD), 12:05:05.386924, 8, npu_aicore
 /model/transformer/h.1/attn/Transpose_1_output_0(Permute), 12:05:05.386925, 3, npu_aicore
 /model/transformer/h.1/attn/Transpose_2_output_0(Permute), 12:05:05.386925, 2, npu_aicore
 /model/transformer/h.1/attn/Transpose_output_0(Permute), 12:05:05.386925, 3, npu_aicore
 /model/transformer/h.1/attn/Mul_1_output_0(Mul), 12:05:05.386925, 2, npu_aicore
 /model/transformer/h.1/attn/Mul_output_0(Mul), 12:05:05.386926, 2, npu_aicore
 /model/transformer/h.1/attn/MatMul_output_0(BatchMatMulV2), 12:05:05.386926, 23, npu_aicore
 /model/transformer/h.1/attn/Add_output_0(Add), 12:05:05.386927, 4, npu_aicore
 /model/transformer/h.1/attn/Softmax_output_0(Softmax), 12:05:05.386927, 4, npu_aicore
 /model/transformer/h.1/attn/MatMul_1_output_0(BatchMatMulV2), 12:05:05.386927, 23, npu_aicore
 /model/transformer/h.1/attn/Transpose_3_output_0(Permute), 12:05:05.386928, 3, npu_aicore
 /model/transformer/h.1/attn/c_proj/Reshape_output_0(Reshape), 12:05:05.386928, 3, npu_aicore
 /model/transformer/h.1/attn/c_proj/Gemm_output_0__matmul_converted_MatMul(MatMulV2), 12:05:05.386928, 23, npu_aicore
 /model/transformer/h.1/Add_output_0(Add), 12:05:05.386928, 2, npu_aicore
 transdata_for_nd_24(TransData), 12:05:05.386929, 7, npu_aicore
 /model/transformer/h.1/ln_2/LayerNormalization_output_0(LayerNorm), 12:05:05.386929, 5, npu_aicore
 transdata_for_nd_25(TransData), 12:05:05.386929, 6, npu_aicore
 /model/transformer/h.1/mlp/c_fc/Reshape_output_0(Reshape), 12:05:05.386929, 3, npu_aicore
 /model/transformer/h.1/mlp/c_fc/Gemm_output_0__matmul_converted_MatMul(MatMulV2), 12:05:05.386930, 23, npu_aicore
 transdata_for_nd_26(TransData), 12:05:05.386930, 6, npu_aicore
 /model/transformer/h.1/mlp/act/Mul_output_0(Mul), 12:05:05.386930, 3, npu_aicore
 /model/transformer/h.1/mlp/act/Pow_output_0(Pow), 12:05:05.386930, 3, npu_aicore
 transdata_for_nd_27(TransData), 12:05:05.386931, 4, npu_aicore
 /model/transformer/h.1/mlp/act/Mul_1_output_0(Mul), 12:05:05.386931, 2, npu_aicore
 /model/transformer/h.1/mlp/act/Add_output_0(Add), 12:05:05.386931, 3, npu_aicore
 /model/transformer/h.1/mlp/act/Mul_2_output_0(Mul), 12:05:05.386932, 2, npu_aicore
 /model/transformer/h.1/mlp/act/Tanh_output_0(Activation), 12:05:05.386932, 2, npu_aicore
 /model/transformer/h.1/mlp/act/Add_1_output_0(Add), 12:05:05.386932, 2, npu_aicore
 /model/transformer/h.1/mlp/act/Mul_3_output_0(Mul), 12:05:05.386933, 3, npu_aicore
 /model/transformer/h.1/mlp/c_proj/Reshape_output_0(Reshape), 12:05:05.386933, 3, npu_aicore
 /model/transformer/h.1/mlp/c_proj/Gemm_output_0__matmul_converted_MatMul(MatMulV2), 12:05:05.386934, 23, npu_aicore
 /model/transformer/h.1/Add_1_output_0(Add), 12:05:05.386934, 2, npu_aicore
 transdata_for_nd_28(TransData), 12:05:05.386934, 6, npu_aicore
 /model/transformer/ln_f/LayerNormalization_output_0(LayerNorm), 12:05:05.386935, 6, npu_aicore
 transdata_for_nd_29(TransData), 12:05:05.386935, 6, npu_aicore
 hidden_block1(Reshape), 12:05:05.386935, 3, npu_aicore
 logits__matmul_converted_MatMul_InReshape(Reshape), 12:05:05.386936, 8, npu_aicore
 logits__matmul_converted_MatMul(MatMulV2), 12:05:05.386936, 428, npu_aicore
 logits(Reshape), 12:05:05.386937, 105, npu_aicore
 /Reshape_output_0(Reshape), 12:05:05.397199, 21, npu_aicore
 netoutput_cast_6(CastT), 12:05:05.397200, 5, npu_aicore
 graphop_data_cast_14(CastT), 12:05:05.397200, 3, npu_aicore
 transdata_for_nd_16(TransData), 12:05:05.397201, 6, npu_aicore
 /model/transformer/h.0/ln_1/LayerNormalization_output_0(LayerNorm), 12:05:05.397201, 6, npu_aicore
 transdata_for_nd_17(TransData), 12:05:05.397201, 6, npu_aicore
 /model/transformer/h.0/attn/c_attn/Reshape_output_0(Reshape), 12:05:05.397202, 3, npu_aicore
 /model/transformer/h.0/attn/c_attn/Gemm_output_0__matmul_converted_MatMul(MatMulV2), 12:05:05.397202, 24, npu_aicore
 /model/transformer/h.0/attn/Split_output_0(SplitD), 12:05:05.397202, 9, npu_aicore
 /model/transformer/h.0/attn/Transpose_1_output_0(Permute), 12:05:05.397203, 3, npu_aicore
 /model/transformer/h.0/attn/Transpose_2_output_0(Permute), 12:05:05.397203, 3, npu_aicore
 /model/transformer/h.0/attn/Transpose_output_0(Permute), 12:05:05.397204, 3, npu_aicore
 /model/transformer/h.0/attn/Mul_1_output_0(Mul), 12:05:05.397204, 3, npu_aicore
 /model/transformer/h.0/attn/Mul_output_0(Mul), 12:05:05.397204, 2, npu_aicore
 /model/transformer/h.0/attn/MatMul_output_0(BatchMatMulV2), 12:05:05.397205, 23, npu_aicore
 /model/transformer/h.0/attn/Add_output_0(Add), 12:05:05.397205, 4, npu_aicore
 /model/transformer/h.0/attn/Softmax_output_0(Softmax), 12:05:05.397205, 4, npu_aicore
 /model/transformer/h.0/attn/MatMul_1_output_0(BatchMatMulV2), 12:05:05.397205, 23, npu_aicore
 /model/transformer/h.0/attn/Transpose_3_output_0(Permute), 12:05:05.397206, 3, npu_aicore
 /model/transformer/h.0/attn/c_proj/Reshape_output_0(Reshape), 12:05:05.397206, 3, npu_aicore
 /model/transformer/h.0/attn/c_proj/Gemm_output_0__matmul_converted_MatMul(MatMulV2), 12:05:05.397206, 24, npu_aicore
 /model/transformer/h.0/Add_output_0(Add), 12:05:05.397206, 2, npu_aicore
 transdata_for_nd_18(TransData), 12:05:05.397207, 6, npu_aicore
 /model/transformer/h.0/ln_2/LayerNormalization_output_0(LayerNorm), 12:05:05.397207, 5, npu_aicore
 transdata_for_nd_19(TransData), 12:05:05.397207, 6, npu_aicore
 /model/transformer/h.0/mlp/c_fc/Reshape_output_0(Reshape), 12:05:05.397207, 3, npu_aicore
 /model/transformer/h.0/mlp/c_fc/Gemm_output_0__matmul_converted_MatMul(MatMulV2), 12:05:05.397208, 23, npu_aicore
 transdata_for_nd_20(TransData), 12:05:05.397208, 6, npu_aicore
 /model/transformer/h.0/mlp/act/Mul_output_0(Mul), 12:05:05.397208, 3, npu_aicore
 /model/transformer/h.0/mlp/act/Pow_output_0(Pow), 12:05:05.397209, 3, npu_aicore
 transdata_for_nd_21(TransData), 12:05:05.397209, 4, npu_aicore
 /model/transformer/h.0/mlp/act/Mul_1_output_0(Mul), 12:05:05.397209, 2, npu_aicore
 /model/transformer/h.0/mlp/act/Add_output_0(Add), 12:05:05.397210, 2, npu_aicore
 /model/transformer/h.0/mlp/act/Mul_2_output_0(Mul), 12:05:05.397210, 2, npu_aicore
 /model/transformer/h.0/mlp/act/Tanh_output_0(Activation), 12:05:05.397210, 2, npu_aicore
 /model/transformer/h.0/mlp/act/Add_1_output_0(Add), 12:05:05.397211, 2, npu_aicore
 /model/transformer/h.0/mlp/act/Mul_3_output_0(Mul), 12:05:05.397211, 2, npu_aicore
 /model/transformer/h.0/mlp/c_proj/Reshape_output_0(Reshape), 12:05:05.397211, 3, npu_aicore
 /model/transformer/h.0/mlp/c_proj/Gemm_output_0__matmul_converted_MatMul(MatMulV2), 12:05:05.397212, 23, npu_aicore
 hidden_block0(Add), 12:05:05.397212, 2, npu_aicore
 netoutput_cast_23(CastT), 12:05:05.397212, 3, npu_aicore
 graphop_data_cast_30(CastT), 12:05:05.397213, 3, npu_aicore
 transdata_for_nd_22(TransData), 12:05:05.397213, 6, npu_aicore
 /model/transformer/h.1/ln_1/LayerNormalization_output_0(LayerNorm), 12:05:05.397214, 5, npu_aicore
 transdata_for_nd_23(TransData), 12:05:05.397214, 6, npu_aicore
 /model/transformer/h.1/attn/c_attn/Reshape_output_0(Reshape), 12:05:05.397215, 3, npu_aicore
 /model/transformer/h.1/attn/c_attn/Gemm_output_0__matmul_converted_MatMul(MatMulV2), 12:05:05.397215, 23, npu_aicore
 /model/transformer/h.1/attn/Split_output_0(SplitD), 12:05:05.397215, 8, npu_aicore
 /model/transformer/h.1/attn/Transpose_1_output_0(Permute), 12:05:05.397216, 3, npu_aicore
 /model/transformer/h.1/attn/Transpose_2_output_0(Permute), 12:05:05.397216, 2, npu_aicore
 /model/transformer/h.1/attn/Transpose_output_0(Permute), 12:05:05.397217, 3, npu_aicore
 /model/transformer/h.1/attn/Mul_1_output_0(Mul), 12:05:05.397217, 2, npu_aicore
 /model/transformer/h.1/attn/Mul_output_0(Mul), 12:05:05.397217, 2, npu_aicore
 /model/transformer/h.1/attn/MatMul_output_0(BatchMatMulV2), 12:05:05.397217, 23, npu_aicore
 /model/transformer/h.1/attn/Add_output_0(Add), 12:05:05.397218, 4, npu_aicore
 /model/transformer/h.1/attn/Softmax_output_0(Softmax), 12:05:05.397218, 4, npu_aicore
 /model/transformer/h.1/attn/MatMul_1_output_0(BatchMatMulV2), 12:05:05.397218, 23, npu_aicore
 /model/transformer/h.1/attn/Transpose_3_output_0(Permute), 12:05:05.397219, 3, npu_aicore
 /model/transformer/h.1/attn/c_proj/Reshape_output_0(Reshape), 12:05:05.397219, 3, npu_aicore
 /model/transformer/h.1/attn/c_proj/Gemm_output_0__matmul_converted_MatMul(MatMulV2), 12:05:05.397219, 23, npu_aicore
 /model/transformer/h.1/Add_output_0(Add), 12:05:05.397220, 2, npu_aicore
 transdata_for_nd_24(TransData), 12:05:05.397220, 7, npu_aicore
 /model/transformer/h.1/ln_2/LayerNormalization_output_0(LayerNorm), 12:05:05.397221, 5, npu_aicore
 transdata_for_nd_25(TransData), 12:05:05.397221, 6, npu_aicore
 /model/transformer/h.1/mlp/c_fc/Reshape_output_0(Reshape), 12:05:05.397221, 3, npu_aicore
 /model/transformer/h.1/mlp/c_fc/Gemm_output_0__matmul_converted_MatMul(MatMulV2), 12:05:05.397221, 24, npu_aicore
 transdata_for_nd_26(TransData), 12:05:05.397222, 6, npu_aicore
 /model/transformer/h.1/mlp/act/Mul_output_0(Mul), 12:05:05.397222, 3, npu_aicore
 /model/transformer/h.1/mlp/act/Pow_output_0(Pow), 12:05:05.397222, 4, npu_aicore
 transdata_for_nd_27(TransData), 12:05:05.397223, 4, npu_aicore
 /model/transformer/h.1/mlp/act/Mul_1_output_0(Mul), 12:05:05.397223, 3, npu_aicore
 /model/transformer/h.1/mlp/act/Add_output_0(Add), 12:05:05.397223, 2, npu_aicore
 /model/transformer/h.1/mlp/act/Mul_2_output_0(Mul), 12:05:05.397224, 2, npu_aicore
 /model/transformer/h.1/mlp/act/Tanh_output_0(Activation), 12:05:05.397224, 2, npu_aicore
 /model/transformer/h.1/mlp/act/Add_1_output_0(Add), 12:05:05.397224, 2, npu_aicore
 /model/transformer/h.1/mlp/act/Mul_3_output_0(Mul), 12:05:05.397225, 3, npu_aicore
 /model/transformer/h.1/mlp/c_proj/Reshape_output_0(Reshape), 12:05:05.397225, 4, npu_aicore
 /model/transformer/h.1/mlp/c_proj/Gemm_output_0__matmul_converted_MatMul(MatMulV2), 12:05:05.397225, 24, npu_aicore
 /model/transformer/h.1/Add_1_output_0(Add), 12:05:05.397226, 3, npu_aicore
 transdata_for_nd_28(TransData), 12:05:05.397226, 7, npu_aicore
 /model/transformer/ln_f/LayerNormalization_output_0(LayerNorm), 12:05:05.397226, 6, npu_aicore
 transdata_for_nd_29(TransData), 12:05:05.397227, 7, npu_aicore
 hidden_block1(Reshape), 12:05:05.397227, 4, npu_aicore
 logits__matmul_converted_MatMul_InReshape(Reshape), 12:05:05.397227, 8, npu_aicore
 logits__matmul_converted_MatMul(MatMulV2), 12:05:05.397228, 427, npu_aicore
 logits(Reshape), 12:05:05.397228, 102, npu_aicore
 /Reshape_output_0(Reshape), 12:05:05.397228, 21, npu_aicore
 netoutput_cast_6(CastT), 12:05:05.397229, 6, npu_aicore
 graphop_data_cast_14(CastT), 12:05:05.397229, 4, npu_aicore
 transdata_for_nd_16(TransData), 12:05:05.397229, 6, npu_aicore
 /model/transformer/h.0/ln_1/LayerNormalization_output_0(LayerNorm), 12:05:05.397230, 6, npu_aicore
 transdata_for_nd_17(TransData), 12:05:05.397230, 6, npu_aicore
 /model/transformer/h.0/attn/c_attn/Reshape_output_0(Reshape), 12:05:05.397230, 3, npu_aicore
 /model/transformer/h.0/attn/c_attn/Gemm_output_0__matmul_converted_MatMul(MatMulV2), 12:05:05.397231, 24, npu_aicore
 /model/transformer/h.0/attn/Split_output_0(SplitD), 12:05:05.397231, 10, npu_aicore
 /model/transformer/h.0/attn/Transpose_1_output_0(Permute), 12:05:05.397232, 4, npu_aicore
 /model/transformer/h.0/attn/Transpose_2_output_0(Permute), 12:05:05.397232, 4, npu_aicore
 /model/transformer/h.0/attn/Transpose_output_0(Permute), 12:05:05.397232, 4, npu_aicore
 /model/transformer/h.0/attn/Mul_1_output_0(Mul), 12:05:05.397232, 4, npu_aicore
 /model/transformer/h.0/attn/Mul_output_0(Mul), 12:05:05.397233, 3, npu_aicore
 /model/transformer/h.0/attn/MatMul_output_0(BatchMatMulV2), 12:05:05.397233, 24, npu_aicore
 /model/transformer/h.0/attn/Add_output_0(Add), 12:05:05.397234, 4, npu_aicore
 /model/transformer/h.0/attn/Softmax_output_0(Softmax), 12:05:05.397234, 5, npu_aicore
 /model/transformer/h.0/attn/MatMul_1_output_0(BatchMatMulV2), 12:05:05.397234, 24, npu_aicore
 /model/transformer/h.0/attn/Transpose_3_output_0(Permute), 12:05:05.397235, 4, npu_aicore
 /model/transformer/h.0/attn/c_proj/Reshape_output_0(Reshape), 12:05:05.397235, 3, npu_aicore
 /model/transformer/h.0/attn/c_proj/Gemm_output_0__matmul_converted_MatMul(MatMulV2), 12:05:05.397235, 24, npu_aicore
 /model/transformer/h.0/Add_output_0(Add), 12:05:05.397235, 3, npu_aicore
 transdata_for_nd_18(TransData), 12:05:05.397235, 7, npu_aicore
 /model/transformer/h.0/ln_2/LayerNormalization_output_0(LayerNorm), 12:05:05.397236, 8, npu_aicore
 transdata_for_nd_19(TransData), 12:05:05.397236, 9, npu_aicore
 /model/transformer/h.0/mlp/c_fc/Reshape_output_0(Reshape), 12:05:05.397236, 4, npu_aicore
 /model/transformer/h.0/mlp/c_fc/Gemm_output_0__matmul_converted_MatMul(MatMulV2), 12:05:05.397237, 24, npu_aicore
 transdata_for_nd_20(TransData), 12:05:05.397237, 6, npu_aicore
 /model/transformer/h.0/mlp/act/Mul_output_0(Mul), 12:05:05.397237, 4, npu_aicore
 /model/transformer/h.0/mlp/act/Pow_output_0(Pow), 12:05:05.397238, 4, npu_aicore
 transdata_for_nd_21(TransData), 12:05:05.397238, 4, npu_aicore
 /model/transformer/h.0/mlp/act/Mul_1_output_0(Mul), 12:05:05.397238, 3, npu_aicore
 /model/transformer/h.0/mlp/act/Add_output_0(Add), 12:05:05.397239, 3, npu_aicore
 /model/transformer/h.0/mlp/act/Mul_2_output_0(Mul), 12:05:05.397239, 3, npu_aicore
 /model/transformer/h.0/mlp/act/Tanh_output_0(Activation), 12:05:05.397239, 2, npu_aicore
 /model/transformer/h.0/mlp/act/Add_1_output_0(Add), 12:05:05.397240, 2, npu_aicore
 /model/transformer/h.0/mlp/act/Mul_3_output_0(Mul), 12:05:05.397240, 3, npu_aicore
 /model/transformer/h.0/mlp/c_proj/Reshape_output_0(Reshape), 12:05:05.397240, 3, npu_aicore
 /model/transformer/h.0/mlp/c_proj/Gemm_output_0__matmul_converted_MatMul(MatMulV2), 12:05:05.397241, 24, npu_aicore
 hidden_block0(Add), 12:05:05.397241, 3, npu_aicore
 netoutput_cast_23(CastT), 12:05:05.397241, 4, npu_aicore
 graphop_data_cast_30(CastT), 12:05:05.397242, 4, npu_aicore
 transdata_for_nd_22(TransData), 12:05:05.397242, 8, npu_aicore
 /model/transformer/h.1/ln_1/LayerNormalization_output_0(LayerNorm), 12:05:05.397242, 7, npu_aicore
 transdata_for_nd_23(TransData), 12:05:05.397243, 7, npu_aicore
 /model/transformer/h.1/attn/c_attn/Reshape_output_0(Reshape), 12:05:05.397243, 4, npu_aicore
 /model/transformer/h.1/attn/c_attn/Gemm_output_0__matmul_converted_MatMul(MatMulV2), 12:05:05.397243, 23, npu_aicore
 /model/transformer/h.1/attn/Split_output_0(SplitD), 12:05:05.397244, 9, npu_aicore
 /model/transformer/h.1/attn/Transpose_1_output_0(Permute), 12:05:05.397244, 4, npu_aicore
 /model/transformer/h.1/attn/Transpose_2_output_0(Permute), 12:05:05.397245, 4, npu_aicore
 /model/transformer/h.1/attn/Transpose_output_0(Permute), 12:05:05.397245, 4, npu_aicore
 /model/transformer/h.1/attn/Mul_1_output_0(Mul), 12:05:05.397245, 4, npu_aicore
 /model/transformer/h.1/attn/Mul_output_0(Mul), 12:05:05.397246, 3, npu_aicore
 /model/transformer/h.1/attn/MatMul_output_0(BatchMatMulV2), 12:05:05.397246, 24, npu_aicore
 /model/transformer/h.1/attn/Add_output_0(Add), 12:05:05.397246, 4, npu_aicore
 /model/transformer/h.1/attn/Softmax_output_0(Softmax), 12:05:05.397247, 5, npu_aicore
 /model/transformer/h.1/attn/MatMul_1_output_0(BatchMatMulV2), 12:05:05.397247, 24, npu_aicore
 /model/transformer/h.1/attn/Transpose_3_output_0(Permute), 12:05:05.397247, 5, npu_aicore
 /model/transformer/h.1/attn/c_proj/Reshape_output_0(Reshape), 12:05:05.397248, 3, npu_aicore
 /model/transformer/h.1/attn/c_proj/Gemm_output_0__matmul_converted_MatMul(MatMulV2), 12:05:05.397248, 24, npu_aicore
 /model/transformer/h.1/Add_output_0(Add), 12:05:05.397248, 3, npu_aicore
 transdata_for_nd_24(TransData), 12:05:05.397249, 7, npu_aicore
 /model/transformer/h.1/ln_2/LayerNormalization_output_0(LayerNorm), 12:05:05.397249, 8, npu_aicore
 transdata_for_nd_25(TransData), 12:05:05.397250, 9, npu_aicore
 /model/transformer/h.1/mlp/c_fc/Reshape_output_0(Reshape), 12:05:05.397250, 4, npu_aicore
 /model/transformer/h.1/mlp/c_fc/Gemm_output_0__matmul_converted_MatMul(MatMulV2), 12:05:05.397250, 25, npu_aicore
 transdata_for_nd_26(TransData), 12:05:05.397251, 7, npu_aicore
 /model/transformer/h.1/mlp/act/Mul_output_0(Mul), 12:05:05.397251, 3, npu_aicore
 /model/transformer/h.1/mlp/act/Pow_output_0(Pow), 12:05:05.397251, 4, npu_aicore
 transdata_for_nd_27(TransData), 12:05:05.397251, 4, npu_aicore
 /model/transformer/h.1/mlp/act/Mul_1_output_0(Mul), 12:05:05.397252, 3, npu_aicore
 /model/transformer/h.1/mlp/act/Add_output_0(Add), 12:05:05.397252, 3, npu_aicore
 /model/transformer/h.1/mlp/act/Mul_2_output_0(Mul), 12:05:05.397252, 3, npu_aicore
 /model/transformer/h.1/mlp/act/Tanh_output_0(Activation), 12:05:05.397253, 3, npu_aicore
 /model/transformer/h.1/mlp/act/Add_1_output_0(Add), 12:05:05.397253, 3, npu_aicore
 /model/transformer/h.1/mlp/act/Mul_3_output_0(Mul), 12:05:05.397253, 3, npu_aicore
 /model/transformer/h.1/mlp/c_proj/Reshape_output_0(Reshape), 12:05:05.397254, 3, npu_aicore
 /model/transformer/h.1/mlp/c_proj/Gemm_output_0__matmul_converted_MatMul(MatMulV2), 12:05:05.397254, 24, npu_aicore
 /model/transformer/h.1/Add_1_output_0(Add), 12:05:05.397254, 3, npu_aicore
 transdata_for_nd_28(TransData), 12:05:05.397255, 7, npu_aicore
 /model/transformer/ln_f/LayerNormalization_output_0(LayerNorm), 12:05:05.397255, 7, npu_aicore
 transdata_for_nd_29(TransData), 12:05:05.397256, 8, npu_aicore
 hidden_block1(Reshape), 12:05:05.397256, 8, npu_aicore
 logits__matmul_converted_MatMul_InReshape(Reshape), 12:05:05.397256, 9, npu_aicore
 logits__matmul_converted_MatMul(MatMulV2), 12:05:05.397256, 428, npu_aicore
 logits(Reshape), 12:05:05.397257, 106, npu_aicore
 /Reshape_output_0(Reshape), 12:05:05.397257, 21, npu_aicore
 netoutput_cast_6(CastT), 12:05:05.397257, 5, npu_aicore
 graphop_data_cast_14(CastT), 12:05:05.397257, 3, npu_aicore
 transdata_for_nd_16(TransData), 12:05:05.397258, 6, npu_aicore
 /model/transformer/h.0/ln_1/LayerNormalization_output_0(LayerNorm), 12:05:05.397258, 5, npu_aicore
 transdata_for_nd_17(TransData), 12:05:05.397259, 6, npu_aicore
 /model/transformer/h.0/attn/c_attn/Reshape_output_0(Reshape), 12:05:05.397259, 3, npu_aicore
 /model/transformer/h.0/attn/c_attn/Gemm_output_0__matmul_converted_MatMul(MatMulV2), 12:05:05.397259, 24, npu_aicore
 /model/transformer/h.0/attn/Split_output_0(SplitD), 12:05:05.397260, 8, npu_aicore
 /model/transformer/h.0/attn/Transpose_1_output_0(Permute), 12:05:05.397260, 3, npu_aicore
 /model/transformer/h.0/attn/Transpose_2_output_0(Permute), 12:05:05.397260, 2, npu_aicore
 /model/transformer/h.0/attn/Transpose_output_0(Permute), 12:05:05.397260, 3, npu_aicore
 /model/transformer/h.0/attn/Mul_1_output_0(Mul), 12:05:05.397260, 3, npu_aicore
 /model/transformer/h.0/attn/Mul_output_0(Mul), 12:05:05.397261, 2, npu_aicore
 /model/transformer/h.0/attn/MatMul_output_0(BatchMatMulV2), 12:05:05.397261, 23, npu_aicore
 /model/transformer/h.0/attn/Add_output_0(Add), 12:05:05.397262, 4, npu_aicore
 /model/transformer/h.0/attn/Softmax_output_0(Softmax), 12:05:05.397262, 4, npu_aicore
 /model/transformer/h.0/attn/MatMul_1_output_0(BatchMatMulV2), 12:05:05.397262, 23, npu_aicore
 /model/transformer/h.0/attn/Transpose_3_output_0(Permute), 12:05:05.397263, 3, npu_aicore
 /model/transformer/h.0/attn/c_proj/Reshape_output_0(Reshape), 12:05:05.397263, 3, npu_aicore
 /model/transformer/h.0/attn/c_proj/Gemm_output_0__matmul_converted_MatMul(MatMulV2), 12:05:05.397263, 23, npu_aicore
 /model/transformer/h.0/Add_output_0(Add), 12:05:05.397264, 2, npu_aicore
 transdata_for_nd_18(TransData), 12:05:05.397264, 6, npu_aicore
 /model/transformer/h.0/ln_2/LayerNormalization_output_0(LayerNorm), 12:05:05.397265, 5, npu_aicore
 transdata_for_nd_19(TransData), 12:05:05.397265, 6, npu_aicore
 /model/transformer/h.0/mlp/c_fc/Reshape_output_0(Reshape), 12:05:05.397265, 3, npu_aicore
 /model/transformer/h.0/mlp/c_fc/Gemm_output_0__matmul_converted_MatMul(MatMulV2), 12:05:05.397266, 23, npu_aicore
 transdata_for_nd_20(TransData), 12:05:05.397266, 6, npu_aicore
 /model/transformer/h.0/mlp/act/Mul_output_0(Mul), 12:05:05.397266, 3, npu_aicore
 /model/transformer/h.0/mlp/act/Pow_output_0(Pow), 12:05:05.397266, 3, npu_aicore
 transdata_for_nd_21(TransData), 12:05:05.397267, 4, npu_aicore
 /model/transformer/h.0/mlp/act/Mul_1_output_0(Mul), 12:05:05.397267, 2, npu_aicore
 /model/transformer/h.0/mlp/act/Add_output_0(Add), 12:05:05.397267, 2, npu_aicore
 /model/transformer/h.0/mlp/act/Mul_2_output_0(Mul), 12:05:05.397268, 2, npu_aicore
 /model/transformer/h.0/mlp/act/Tanh_output_0(Activation), 12:05:05.397268, 2, npu_aicore
 /model/transformer/h.0/mlp/act/Add_1_output_0(Add), 12:05:05.397269, 2, npu_aicore
 /model/transformer/h.0/mlp/act/Mul_3_output_0(Mul), 12:05:05.397269, 3, npu_aicore
 /model/transformer/h.0/mlp/c_proj/Reshape_output_0(Reshape), 12:05:05.397269, 3, npu_aicore
 /model/transformer/h.0/mlp/c_proj/Gemm_output_0__matmul_converted_MatMul(MatMulV2), 12:05:05.397270, 23, npu_aicore
 hidden_block0(Add), 12:05:05.397270, 2, npu_aicore
 netoutput_cast_23(CastT), 12:05:05.397270, 3, npu_aicore
 graphop_data_cast_30(CastT), 12:05:05.397271, 3, npu_aicore
 transdata_for_nd_22(TransData), 12:05:05.397271, 6, npu_aicore
 /model/transformer/h.1/ln_1/LayerNormalization_output_0(LayerNorm), 12:05:05.397271, 6, npu_aicore
 transdata_for_nd_23(TransData), 12:05:05.397272, 6, npu_aicore
 /model/transformer/h.1/attn/c_attn/Reshape_output_0(Reshape), 12:05:05.397272, 3, npu_aicore
 /model/transformer/h.1/attn/c_attn/Gemm_output_0__matmul_converted_MatMul(MatMulV2), 12:05:05.397272, 23, npu_aicore
 /model/transformer/h.1/attn/Split_output_0(SplitD), 12:05:05.397272, 8, npu_aicore
 /model/transformer/h.1/attn/Transpose_1_output_0(Permute), 12:05:05.397272, 3, npu_aicore
 /model/transformer/h.1/attn/Transpose_2_output_0(Permute), 12:05:05.397273, 2, npu_aicore
 /model/transformer/h.1/attn/Transpose_output_0(Permute), 12:05:05.397273, 3, npu_aicore
 /model/transformer/h.1/attn/Mul_1_output_0(Mul), 12:05:05.397274, 2, npu_aicore
 /model/transformer/h.1/attn/Mul_output_0(Mul), 12:05:05.397274, 2, npu_aicore
 /model/transformer/h.1/attn/MatMul_output_0(BatchMatMulV2), 12:05:05.397274, 23, npu_aicore
 /model/transformer/h.1/attn/Add_output_0(Add), 12:05:05.397275, 4, npu_aicore
 /model/transformer/h.1/attn/Softmax_output_0(Softmax), 12:05:05.397275, 4, npu_aicore
 /model/transformer/h.1/attn/MatMul_1_output_0(BatchMatMulV2), 12:05:05.397275, 23, npu_aicore
 /model/transformer/h.1/attn/Transpose_3_output_0(Permute), 12:05:05.397275, 3, npu_aicore
 /model/transformer/h.1/attn/c_proj/Reshape_output_0(Reshape), 12:05:05.397276, 3, npu_aicore
 /model/transformer/h.1/attn/c_proj/Gemm_output_0__matmul_converted_MatMul(MatMulV2), 12:05:05.397276, 24, npu_aicore
 /model/transformer/h.1/Add_output_0(Add), 12:05:05.397276, 2, npu_aicore
 transdata_for_nd_24(TransData), 12:05:05.397276, 6, npu_aicore
 /model/transformer/h.1/ln_2/LayerNormalization_output_0(LayerNorm), 12:05:05.397277, 6, npu_aicore
 transdata_for_nd_25(TransData), 12:05:05.397277, 7, npu_aicore
 /model/transformer/h.1/mlp/c_fc/Reshape_output_0(Reshape), 12:05:05.397277, 3, npu_aicore
 /model/transformer/h.1/mlp/c_fc/Gemm_output_0__matmul_converted_MatMul(MatMulV2), 12:05:05.397277, 24, npu_aicore
 transdata_for_nd_26(TransData), 12:05:05.397278, 6, npu_aicore
 /model/transformer/h.1/mlp/act/Mul_output_0(Mul), 12:05:05.397278, 3, npu_aicore
 /model/transformer/h.1/mlp/act/Pow_output_0(Pow), 12:05:05.397278, 3, npu_aicore
 transdata_for_nd_27(TransData), 12:05:05.397279, 4, npu_aicore
 /model/transformer/h.1/mlp/act/Mul_1_output_0(Mul), 12:05:05.397279, 2, npu_aicore
 /model/transformer/h.1/mlp/act/Add_output_0(Add), 12:05:05.397280, 2, npu_aicore
 /model/transformer/h.1/mlp/act/Mul_2_output_0(Mul), 12:05:05.397280, 2, npu_aicore
 /model/transformer/h.1/mlp/act/Tanh_output_0(Activation), 12:05:05.397280, 2, npu_aicore
 /model/transformer/h.1/mlp/act/Add_1_output_0(Add), 12:05:05.397281, 2, npu_aicore
 /model/transformer/h.1/mlp/act/Mul_3_output_0(Mul), 12:05:05.397281, 2, npu_aicore
 /model/transformer/h.1/mlp/c_proj/Reshape_output_0(Reshape), 12:05:05.397281, 3, npu_aicore
 /model/transformer/h.1/mlp/c_proj/Gemm_output_0__matmul_converted_MatMul(MatMulV2), 12:05:05.397282, 24, npu_aicore
 /model/transformer/h.1/Add_1_output_0(Add), 12:05:05.397282, 2, npu_aicore
 transdata_for_nd_28(TransData), 12:05:05.397282, 6, npu_aicore
 /model/transformer/ln_f/LayerNormalization_output_0(LayerNorm), 12:05:05.397283, 5, npu_aicore
 transdata_for_nd_29(TransData), 12:05:05.397283, 6, npu_aicore
 hidden_block1(Reshape), 12:05:05.397284, 3, npu_aicore
 logits__matmul_converted_MatMul_InReshape(Reshape), 12:05:05.397284, 8, npu_aicore
 logits__matmul_converted_MatMul(MatMulV2), 12:05:05.397284, 427, npu_aicore
 logits(Reshape), 12:05:05.397285, 103, npu_aicore
 /Reshape_output_0(Reshape), 12:05:05.397285, 21, npu_aicore
 netoutput_cast_6(CastT), 12:05:05.397285, 5, npu_aicore
 graphop_data_cast_14(CastT), 12:05:05.397286, 4, npu_aicore
 transdata_for_nd_16(TransData), 12:05:05.397286, 6, npu_aicore
 /model/transformer/h.0/ln_1/LayerNormalization_output_0(LayerNorm), 12:05:05.397286, 6, npu_aicore
 transdata_for_nd_17(TransData), 12:05:05.397286, 7, npu_aicore
 /model/transformer/h.0/attn/c_attn/Reshape_output_0(Reshape), 12:05:05.397287, 4, npu_aicore
 /model/transformer/h.0/attn/c_attn/Gemm_output_0__matmul_converted_MatMul(MatMulV2), 12:05:05.397287, 25, npu_aicore
 /model/transformer/h.0/attn/Split_output_0(SplitD), 12:05:05.397287, 9, npu_aicore
 /model/transformer/h.0/attn/Transpose_1_output_0(Permute), 12:05:05.397288, 4, npu_aicore
 /model/transformer/h.0/attn/Transpose_2_output_0(Permute), 12:05:05.397288, 3, npu_aicore
 /model/transformer/h.0/attn/Transpose_output_0(Permute), 12:05:05.397288, 4, npu_aicore
 /model/transformer/h.0/attn/Mul_1_output_0(Mul), 12:05:05.397289, 4, npu_aicore
 /model/transformer/h.0/attn/Mul_output_0(Mul), 12:05:05.397289, 3, npu_aicore
 /model/transformer/h.0/attn/MatMul_output_0(BatchMatMulV2), 12:05:05.397289, 24, npu_aicore
 /model/transformer/h.0/attn/Add_output_0(Add), 12:05:05.397290, 4, npu_aicore
 /model/transformer/h.0/attn/Softmax_output_0(Softmax), 12:05:05.397290, 4, npu_aicore
 /model/transformer/h.0/attn/MatMul_1_output_0(BatchMatMulV2), 12:05:05.397290, 23, npu_aicore
 /model/transformer/h.0/attn/Transpose_3_output_0(Permute), 12:05:05.397290, 4, npu_aicore
 /model/transformer/h.0/attn/c_proj/Reshape_output_0(Reshape), 12:05:05.397291, 3, npu_aicore
 /model/transformer/h.0/attn/c_proj/Gemm_output_0__matmul_converted_MatMul(MatMulV2), 12:05:05.397291, 24, npu_aicore
 /model/transformer/h.0/Add_output_0(Add), 12:05:05.397291, 3, npu_aicore
 transdata_for_nd_18(TransData), 12:05:05.397291, 7, npu_aicore
 /model/transformer/h.0/ln_2/LayerNormalization_output_0(LayerNorm), 12:05:05.397292, 8, npu_aicore
 transdata_for_nd_19(TransData), 12:05:05.397292, 9, npu_aicore
 /model/transformer/h.0/mlp/c_fc/Reshape_output_0(Reshape), 12:05:05.397292, 5, npu_aicore
 /model/transformer/h.0/mlp/c_fc/Gemm_output_0__matmul_converted_MatMul(MatMulV2), 12:05:05.397292, 24, npu_aicore
 transdata_for_nd_20(TransData), 12:05:05.397293, 6, npu_aicore
 /model/transformer/h.0/mlp/act/Mul_output_0(Mul), 12:05:05.397293, 3, npu_aicore
 /model/transformer/h.0/mlp/act/Pow_output_0(Pow), 12:05:05.397294, 3, npu_aicore
 transdata_for_nd_21(TransData), 12:05:05.397294, 4, npu_aicore
 /model/transformer/h.0/mlp/act/Mul_1_output_0(Mul), 12:05:05.397294, 2, npu_aicore
 /model/transformer/h.0/mlp/act/Add_output_0(Add), 12:05:05.397295, 2, npu_aicore
 /model/transformer/h.0/mlp/act/Mul_2_output_0(Mul), 12:05:05.397295, 2, npu_aicore
 /model/transformer/h.0/mlp/act/Tanh_output_0(Activation), 12:05:05.397295, 2, npu_aicore
 /model/transformer/h.0/mlp/act/Add_1_output_0(Add), 12:05:05.397296, 2, npu_aicore
 /model/transformer/h.0/mlp/act/Mul_3_output_0(Mul), 12:05:05.397296, 3, npu_aicore
 /model/transformer/h.0/mlp/c_proj/Reshape_output_0(Reshape), 12:05:05.397296, 3, npu_aicore
 /model/transformer/h.0/mlp/c_proj/Gemm_output_0__matmul_converted_MatMul(MatMulV2), 12:05:05.397297, 24, npu_aicore
 hidden_block0(Add), 12:05:05.397297, 3, npu_aicore
 netoutput_cast_23(CastT), 12:05:05.397297, 5, npu_aicore
 graphop_data_cast_30(CastT), 12:05:05.397298, 4, npu_aicore
 transdata_for_nd_22(TransData), 12:05:05.397298, 8, npu_aicore
 /model/transformer/h.1/ln_1/LayerNormalization_output_0(LayerNorm), 12:05:05.397298, 7, npu_aicore
 transdata_for_nd_23(TransData), 12:05:05.397299, 7, npu_aicore
 /model/transformer/h.1/attn/c_attn/Reshape_output_0(Reshape), 12:05:05.397299, 4, npu_aicore
 /model/transformer/h.1/attn/c_attn/Gemm_output_0__matmul_converted_MatMul(MatMulV2), 12:05:05.397299, 23, npu_aicore
 /model/transformer/h.1/attn/Split_output_0(SplitD), 12:05:05.397300, 9, npu_aicore
 /model/transformer/h.1/attn/Transpose_1_output_0(Permute), 12:05:05.397300, 4, npu_aicore
 /model/transformer/h.1/attn/Transpose_2_output_0(Permute), 12:05:05.397300, 4, npu_aicore
 /model/transformer/h.1/attn/Transpose_output_0(Permute), 12:05:05.397301, 4, npu_aicore
 /model/transformer/h.1/attn/Mul_1_output_0(Mul), 12:05:05.397301, 3, npu_aicore
 /model/transformer/h.1/attn/Mul_output_0(Mul), 12:05:05.397301, 3, npu_aicore
 /model/transformer/h.1/attn/MatMul_output_0(BatchMatMulV2), 12:05:05.397302, 24, npu_aicore
 /model/transformer/h.1/attn/Add_output_0(Add), 12:05:05.397302, 4, npu_aicore
 /model/transformer/h.1/attn/Softmax_output_0(Softmax), 12:05:05.397302, 5, npu_aicore
 /model/transformer/h.1/attn/MatMul_1_output_0(BatchMatMulV2), 12:05:05.397303, 24, npu_aicore
 /model/transformer/h.1/attn/Transpose_3_output_0(Permute), 12:05:05.397303, 5, npu_aicore
 /model/transformer/h.1/attn/c_proj/Reshape_output_0(Reshape), 12:05:05.397304, 3, npu_aicore
 /model/transformer/h.1/attn/c_proj/Gemm_output_0__matmul_converted_MatMul(MatMulV2), 12:05:05.397304, 24, npu_aicore
 /model/transformer/h.1/Add_output_0(Add), 12:05:05.397305, 3, npu_aicore
 transdata_for_nd_24(TransData), 12:05:05.397305, 7, npu_aicore
 /model/transformer/h.1/ln_2/LayerNormalization_output_0(LayerNorm), 12:05:05.397305, 8, npu_aicore
 transdata_for_nd_25(TransData), 12:05:05.397305, 9, npu_aicore
 /model/transformer/h.1/mlp/c_fc/Reshape_output_0(Reshape), 12:05:05.397306, 4, npu_aicore
 /model/transformer/h.1/mlp/c_fc/Gemm_output_0__matmul_converted_MatMul(MatMulV2), 12:05:05.397306, 25, npu_aicore
 transdata_for_nd_26(TransData), 12:05:05.397307, 7, npu_aicore
 /model/transformer/h.1/mlp/act/Mul_output_0(Mul), 12:05:05.397307, 3, npu_aicore
 /model/transformer/h.1/mlp/act/Pow_output_0(Pow), 12:05:05.397307, 4, npu_aicore
 transdata_for_nd_27(TransData), 12:05:05.397307, 4, npu_aicore
 /model/transformer/h.1/mlp/act/Mul_1_output_0(Mul), 12:05:05.397307, 3, npu_aicore
 /model/transformer/h.1/mlp/act/Add_output_0(Add), 12:05:05.397308, 3, npu_aicore
 /model/transformer/h.1/mlp/act/Mul_2_output_0(Mul), 12:05:05.397308, 3, npu_aicore
 /model/transformer/h.1/mlp/act/Tanh_output_0(Activation), 12:05:05.397308, 2, npu_aicore
 /model/transformer/h.1/mlp/act/Add_1_output_0(Add), 12:05:05.397309, 3, npu_aicore
 /model/transformer/h.1/mlp/act/Mul_3_output_0(Mul), 12:05:05.397309, 3, npu_aicore
 /model/transformer/h.1/mlp/c_proj/Reshape_output_0(Reshape), 12:05:05.397310, 5, npu_aicore
 /model/transformer/h.1/mlp/c_proj/Gemm_output_0__matmul_converted_MatMul(MatMulV2), 12:05:05.397310, 24, npu_aicore
 /model/transformer/h.1/Add_1_output_0(Add), 12:05:05.397310, 3, npu_aicore
 transdata_for_nd_28(TransData), 12:05:05.397311, 7, npu_aicore
 /model/transformer/ln_f/LayerNormalization_output_0(LayerNorm), 12:05:05.397311, 8, npu_aicore
 transdata_for_nd_29(TransData), 12:05:05.397311, 8, npu_aicore
 hidden_block1(Reshape), 12:05:05.397312, 8, npu_aicore
 logits__matmul_converted_MatMul_InReshape(Reshape), 12:05:05.397312, 9, npu_aicore
 logits__matmul_converted_MatMul(MatMulV2), 12:05:05.397312, 428, npu_aicore
 logits(Reshape), 12:05:05.397313, 105, npu_aicore
 /Reshape_output_0(Reshape), 12:05:05.397313, 21, npu_aicore
 netoutput_cast_6(CastT), 12:05:05.397313, 6, npu_aicore
 graphop_data_cast_14(CastT), 12:05:05.397314, 4, npu_aicore
 transdata_for_nd_16(TransData), 12:05:05.397314, 7, npu_aicore
 /model/transformer/h.0/ln_1/LayerNormalization_output_0(LayerNorm), 12:05:05.397314, 7, npu_aicore
 transdata_for_nd_17(TransData), 12:05:05.397315, 7, npu_aicore
 /model/transformer/h.0/attn/c_attn/Reshape_output_0(Reshape), 12:05:05.397315, 4, npu_aicore
 /model/transformer/h.0/attn/c_attn/Gemm_output_0__matmul_converted_MatMul(MatMulV2), 12:05:05.397315, 25, npu_aicore
 /model/transformer/h.0/attn/Split_output_0(SplitD), 12:05:05.397316, 10, npu_aicore
 /model/transformer/h.0/attn/Transpose_1_output_0(Permute), 12:05:05.397316, 4, npu_aicore
 /model/transformer/h.0/attn/Transpose_2_output_0(Permute), 12:05:05.397316, 4, npu_aicore
 /model/transformer/h.0/attn/Transpose_output_0(Permute), 12:05:05.397317, 4, npu_aicore
 /model/transformer/h.0/attn/Mul_1_output_0(Mul), 12:05:05.397317, 4, npu_aicore
 /model/transformer/h.0/attn/Mul_output_0(Mul), 12:05:05.397317, 3, npu_aicore
 /model/transformer/h.0/attn/MatMul_output_0(BatchMatMulV2), 12:05:05.397318, 24, npu_aicore
 /model/transformer/h.0/attn/Add_output_0(Add), 12:05:05.397318, 4, npu_aicore
 /model/transformer/h.0/attn/Softmax_output_0(Softmax), 12:05:05.397318, 5, npu_aicore
 /model/transformer/h.0/attn/MatMul_1_output_0(BatchMatMulV2), 12:05:05.397319, 24, npu_aicore
 /model/transformer/h.0/attn/Transpose_3_output_0(Permute), 12:05:05.397319, 4, npu_aicore
 /model/transformer/h.0/attn/c_proj/Reshape_output_0(Reshape), 12:05:05.397319, 4, npu_aicore
 /model/transformer/h.0/attn/c_proj/Gemm_output_0__matmul_converted_MatMul(MatMulV2), 12:05:05.397319, 24, npu_aicore
 /model/transformer/h.0/Add_output_0(Add), 12:05:05.397320, 3, npu_aicore
 transdata_for_nd_18(TransData), 12:05:05.397320, 7, npu_aicore
 /model/transformer/h.0/ln_2/LayerNormalization_output_0(LayerNorm), 12:05:05.397320, 8, npu_aicore
 transdata_for_nd_19(TransData), 12:05:05.397320, 9, npu_aicore
 /model/transformer/h.0/mlp/c_fc/Reshape_output_0(Reshape), 12:05:05.397321, 4, npu_aicore
 /model/transformer/h.0/mlp/c_fc/Gemm_output_0__matmul_converted_MatMul(MatMulV2), 12:05:05.397321, 23, npu_aicore
 transdata_for_nd_20(TransData), 12:05:05.397321, 6, npu_aicore
 /model/transformer/h.0/mlp/act/Mul_output_0(Mul), 12:05:05.397322, 3, npu_aicore
 /model/transformer/h.0/mlp/act/Pow_output_0(Pow), 12:05:05.397322, 4, npu_aicore
 transdata_for_nd_21(TransData), 12:05:05.397322, 4, npu_aicore
 /model/transformer/h.0/mlp/act/Mul_1_output_0(Mul), 12:05:05.397323, 3, npu_aicore
 /model/transformer/h.0/mlp/act/Add_output_0(Add), 12:05:05.397323, 3, npu_aicore
 /model/transformer/h.0/mlp/act/Mul_2_output_0(Mul), 12:05:05.397323, 3, npu_aicore
 /model/transformer/h.0/mlp/act/Tanh_output_0(Activation), 12:05:05.397324, 3, npu_aicore
 /model/transformer/h.0/mlp/act/Add_1_output_0(Add), 12:05:05.397324, 3, npu_aicore
 /model/transformer/h.0/mlp/act/Mul_3_output_0(Mul), 12:05:05.397324, 4, npu_aicore
 /model/transformer/h.0/mlp/c_proj/Reshape_output_0(Reshape), 12:05:05.397325, 3, npu_aicore
 /model/transformer/h.0/mlp/c_proj/Gemm_output_0__matmul_converted_MatMul(MatMulV2), 12:05:05.397325, 24, npu_aicore
 hidden_block0(Add), 12:05:05.397326, 3, npu_aicore
 netoutput_cast_23(CastT), 12:05:05.397326, 5, npu_aicore
 graphop_data_cast_30(CastT), 12:05:05.397326, 4, npu_aicore
 transdata_for_nd_22(TransData), 12:05:05.397327, 8, npu_aicore
 /model/transformer/h.1/ln_1/LayerNormalization_output_0(LayerNorm), 12:05:05.397327, 7, npu_aicore
 transdata_for_nd_23(TransData), 12:05:05.397327, 7, npu_aicore
 /model/transformer/h.1/attn/c_attn/Reshape_output_0(Reshape), 12:05:05.397327, 4, npu_aicore
 /model/transformer/h.1/attn/c_attn/Gemm_output_0__matmul_converted_MatMul(MatMulV2), 12:05:05.397328, 24, npu_aicore
 /model/transformer/h.1/attn/Split_output_0(SplitD), 12:05:05.397328, 9, npu_aicore
 /model/transformer/h.1/attn/Transpose_1_output_0(Permute), 12:05:05.397329, 4, npu_aicore
 /model/transformer/h.1/attn/Transpose_2_output_0(Permute), 12:05:05.397329, 4, npu_aicore
 /model/transformer/h.1/attn/Transpose_output_0(Permute), 12:05:05.397329, 4, npu_aicore
 /model/transformer/h.1/attn/Mul_1_output_0(Mul), 12:05:05.397330, 3, npu_aicore
 /model/transformer/h.1/attn/Mul_output_0(Mul), 12:05:05.397330, 3, npu_aicore
 /model/transformer/h.1/attn/MatMul_output_0(BatchMatMulV2), 12:05:05.397330, 25, npu_aicore
 /model/transformer/h.1/attn/Add_output_0(Add), 12:05:05.397331, 4, npu_aicore
 /model/transformer/h.1/attn/Softmax_output_0(Softmax), 12:05:05.397331, 4, npu_aicore
 /model/transformer/h.1/attn/MatMul_1_output_0(BatchMatMulV2), 12:05:05.397331, 24, npu_aicore
 /model/transformer/h.1/attn/Transpose_3_output_0(Permute), 12:05:05.397332, 5, npu_aicore
 /model/transformer/h.1/attn/c_proj/Reshape_output_0(Reshape), 12:05:05.397332, 3, npu_aicore
 /model/transformer/h.1/attn/c_proj/Gemm_output_0__matmul_converted_MatMul(MatMulV2), 12:05:05.397332, 24, npu_aicore
 /model/transformer/h.1/Add_output_0(Add), 12:05:05.397333, 3, npu_aicore
 transdata_for_nd_24(TransData), 12:05:05.397333, 7, npu_aicore
 /model/transformer/h.1/ln_2/LayerNormalization_output_0(LayerNorm), 12:05:05.397334, 8, npu_aicore
 transdata_for_nd_25(TransData), 12:05:05.397334, 9, npu_aicore
 /model/transformer/h.1/mlp/c_fc/Reshape_output_0(Reshape), 12:05:05.397334, 4, npu_aicore
 /model/transformer/h.1/mlp/c_fc/Gemm_output_0__matmul_converted_MatMul(MatMulV2), 12:05:05.397334, 24, npu_aicore
 transdata_for_nd_26(TransData), 12:05:05.397335, 7, npu_aicore
 /model/transformer/h.1/mlp/act/Mul_output_0(Mul), 12:05:05.397335, 3, npu_aicore
 /model/transformer/h.1/mlp/act/Pow_output_0(Pow), 12:05:05.397335, 4, npu_aicore
 transdata_for_nd_27(TransData), 12:05:05.397335, 4, npu_aicore
 /model/transformer/h.1/mlp/act/Mul_1_output_0(Mul), 12:05:05.397336, 3, npu_aicore
 /model/transformer/h.1/mlp/act/Add_output_0(Add), 12:05:05.397336, 3, npu_aicore
 /model/transformer/h.1/mlp/act/Mul_2_output_0(Mul), 12:05:05.397336, 3, npu_aicore
 /model/transformer/h.1/mlp/act/Tanh_output_0(Activation), 12:05:05.397337, 2, npu_aicore
 /model/transformer/h.1/mlp/act/Add_1_output_0(Add), 12:05:05.397337, 3, npu_aicore
 /model/transformer/h.1/mlp/act/Mul_3_output_0(Mul), 12:05:05.397337, 3, npu_aicore
 /model/transformer/h.1/mlp/c_proj/Reshape_output_0(Reshape), 12:05:05.397338, 3, npu_aicore
 /model/transformer/h.1/mlp/c_proj/Gemm_output_0__matmul_converted_MatMul(MatMulV2), 12:05:05.397338, 24, npu_aicore
 /model/transformer/h.1/Add_1_output_0(Add), 12:05:05.397338, 3, npu_aicore
 transdata_for_nd_28(TransData), 12:05:05.397339, 7, npu_aicore
 /model/transformer/ln_f/LayerNormalization_output_0(LayerNorm), 12:05:05.397339, 7, npu_aicore
 transdata_for_nd_29(TransData), 12:05:05.397339, 8, npu_aicore
 hidden_block1(Reshape), 12:05:05.397340, 9, npu_aicore
 logits__matmul_converted_MatMul_InReshape(Reshape), 12:05:05.397340, 9, npu_aicore
 logits__matmul_converted_MatMul(MatMulV2), 12:05:05.397340, 449, npu_aicore
 logits(Reshape), 12:05:05.397340, 130, npu_aicore
 /Reshape_output_0(Reshape), 12:05:05.397341, 23, npu_aicore
 netoutput_cast_6(CastT), 12:05:05.397341, 9, npu_aicore
 graphop_data_cast_14(CastT), 12:05:05.397341, 7, npu_aicore
 transdata_for_nd_16(TransData), 12:05:05.397342, 8, npu_aicore
 /model/transformer/h.0/ln_1/LayerNormalization_output_0(LayerNorm), 12:05:05.397342, 10, npu_aicore
 transdata_for_nd_17(TransData), 12:05:05.397342, 9, npu_aicore
 /model/transformer/h.0/attn/c_attn/Reshape_output_0(Reshape), 12:05:05.397343, 6, npu_aicore
 /model/transformer/h.0/attn/c_attn/Gemm_output_0__matmul_converted_MatMul(MatMulV2), 12:05:05.397343, 32, npu_aicore
 /model/transformer/h.0/attn/Split_output_0(SplitD), 12:05:05.397343, 12, npu_aicore
 /model/transformer/h.0/attn/Transpose_1_output_0(Permute), 12:05:05.397343, 5, npu_aicore
 /model/transformer/h.0/attn/Transpose_2_output_0(Permute), 12:05:05.397344, 5, npu_aicore
 /model/transformer/h.0/attn/Transpose_output_0(Permute), 12:05:05.397344, 6, npu_aicore
 /model/transformer/h.0/attn/Mul_1_output_0(Mul), 12:05:05.397345, 5, npu_aicore
 /model/transformer/h.0/attn/Mul_output_0(Mul), 12:05:05.397345, 3, npu_aicore
 /model/transformer/h.0/attn/MatMul_output_0(BatchMatMulV2), 12:05:05.397345, 31, npu_aicore
 /model/transformer/h.0/attn/Add_output_0(Add), 12:05:05.397345, 7, npu_aicore
 /model/transformer/h.0/attn/Softmax_output_0(Softmax), 12:05:05.397346, 7, npu_aicore
 /model/transformer/h.0/attn/MatMul_1_output_0(BatchMatMulV2), 12:05:05.397346, 31, npu_aicore
 /model/transformer/h.0/attn/Transpose_3_output_0(Permute), 12:05:05.397346, 6, npu_aicore
 /model/transformer/h.0/attn/c_proj/Reshape_output_0(Reshape), 12:05:05.397347, 5, npu_aicore
 /model/transformer/h.0/attn/c_proj/Gemm_output_0__matmul_converted_MatMul(MatMulV2), 12:05:05.397347, 33, npu_aicore
 /model/transformer/h.0/Add_output_0(Add), 12:05:05.397347, 4, npu_aicore
 transdata_for_nd_18(TransData), 12:05:05.397348, 10, npu_aicore
 /model/transformer/h.0/ln_2/LayerNormalization_output_0(LayerNorm), 12:05:05.397348, 9, npu_aicore
 transdata_for_nd_19(TransData), 12:05:05.397348, 10, npu_aicore
 /model/transformer/h.0/mlp/c_fc/Reshape_output_0(Reshape), 12:05:05.397349, 5, npu_aicore
 /model/transformer/h.0/mlp/c_fc/Gemm_output_0__matmul_converted_MatMul(MatMulV2), 12:05:05.397349, 30, npu_aicore
 transdata_for_nd_20(TransData), 12:05:05.397349, 7, npu_aicore
 /model/transformer/h.0/mlp/act/Mul_output_0(Mul), 12:05:05.397350, 3, npu_aicore
 /model/transformer/h.0/mlp/act/Pow_output_0(Pow), 12:05:05.397350, 3, npu_aicore
 transdata_for_nd_21(TransData), 12:05:05.397350, 4, npu_aicore
 /model/transformer/h.0/mlp/act/Mul_1_output_0(Mul), 12:05:05.397350, 2, npu_aicore
 /model/transformer/h.0/mlp/act/Add_output_0(Add), 12:05:05.397351, 3, npu_aicore
 /model/transformer/h.0/mlp/act/Mul_2_output_0(Mul), 12:05:05.397352, 2, npu_aicore
 /model/transformer/h.0/mlp/act/Tanh_output_0(Activation), 12:05:05.397352, 2, npu_aicore
 /model/transformer/h.0/mlp/act/Add_1_output_0(Add), 12:05:05.397352, 2, npu_aicore
 /model/transformer/h.0/mlp/act/Mul_3_output_0(Mul), 12:05:05.397353, 3, npu_aicore
 /model/transformer/h.0/mlp/c_proj/Reshape_output_0(Reshape), 12:05:05.397353, 3, npu_aicore
 /model/transformer/h.0/mlp/c_proj/Gemm_output_0__matmul_converted_MatMul(MatMulV2), 12:05:05.397353, 24, npu_aicore
 hidden_block0(Add), 12:05:05.397354, 2, npu_aicore
 netoutput_cast_23(CastT), 12:05:05.397354, 5, npu_aicore
 graphop_data_cast_30(CastT), 12:05:05.397355, 4, npu_aicore
 transdata_for_nd_22(TransData), 12:05:05.397355, 6, npu_aicore
 /model/transformer/h.1/ln_1/LayerNormalization_output_0(LayerNorm), 12:05:05.397355, 6, npu_aicore
 transdata_for_nd_23(TransData), 12:05:05.397355, 6, npu_aicore
 /model/transformer/h.1/attn/c_attn/Reshape_output_0(Reshape), 12:05:05.397356, 3, npu_aicore
 /model/transformer/h.1/attn/c_attn/Gemm_output_0__matmul_converted_MatMul(MatMulV2), 12:05:05.397356, 23, npu_aicore
 /model/transformer/h.1/attn/Split_output_0(SplitD), 12:05:05.397356, 8, npu_aicore
 /model/transformer/h.1/attn/Transpose_1_output_0(Permute), 12:05:05.397357, 3, npu_aicore
 /model/transformer/h.1/attn/Transpose_2_output_0(Permute), 12:05:05.397357, 2, npu_aicore
 /model/transformer/h.1/attn/Transpose_output_0(Permute), 12:05:05.397357, 3, npu_aicore
 /model/transformer/h.1/attn/Mul_1_output_0(Mul), 12:05:05.397358, 2, npu_aicore
 /model/transformer/h.1/attn/Mul_output_0(Mul), 12:05:05.397358, 2, npu_aicore
 /model/transformer/h.1/attn/MatMul_output_0(BatchMatMulV2), 12:05:05.397358, 24, npu_aicore
 /model/transformer/h.1/attn/Add_output_0(Add), 12:05:05.397359, 4, npu_aicore
 /model/transformer/h.1/attn/Softmax_output_0(Softmax), 12:05:05.397359, 4, npu_aicore
 /model/transformer/h.1/attn/MatMul_1_output_0(BatchMatMulV2), 12:05:05.397359, 24, npu_aicore
 /model/transformer/h.1/attn/Transpose_3_output_0(Permute), 12:05:05.397360, 5, npu_aicore
 /model/transformer/h.1/attn/c_proj/Reshape_output_0(Reshape), 12:05:05.397360, 3, npu_aicore
 /model/transformer/h.1/attn/c_proj/Gemm_output_0__matmul_converted_MatMul(MatMulV2), 12:05:05.397360, 24, npu_aicore
 /model/transformer/h.1/Add_output_0(Add), 12:05:05.397360, 3, npu_aicore
 transdata_for_nd_24(TransData), 12:05:05.397360, 7, npu_aicore
 /model/transformer/h.1/ln_2/LayerNormalization_output_0(LayerNorm), 12:05:05.397361, 8, npu_aicore
 transdata_for_nd_25(TransData), 12:05:05.397361, 9, npu_aicore
 /model/transformer/h.1/mlp/c_fc/Reshape_output_0(Reshape), 12:05:05.397362, 3, npu_aicore
 /model/transformer/h.1/mlp/c_fc/Gemm_output_0__matmul_converted_MatMul(MatMulV2), 12:05:05.397362, 26, npu_aicore
 transdata_for_nd_26(TransData), 12:05:05.397362, 7, npu_aicore
 /model/transformer/h.1/mlp/act/Mul_output_0(Mul), 12:05:05.397362, 3, npu_aicore
 /model/transformer/h.1/mlp/act/Pow_output_0(Pow), 12:05:05.397363, 4, npu_aicore
 transdata_for_nd_27(TransData), 12:05:05.397363, 4, npu_aicore
 /model/transformer/h.1/mlp/act/Mul_1_output_0(Mul), 12:05:05.397364, 3, npu_aicore
 /model/transformer/h.1/mlp/act/Add_output_0(Add), 12:05:05.397364, 3, npu_aicore
 /model/transformer/h.1/mlp/act/Mul_2_output_0(Mul), 12:05:05.397365, 3, npu_aicore
 /model/transformer/h.1/mlp/act/Tanh_output_0(Activation), 12:05:05.397365, 2, npu_aicore
 /model/transformer/h.1/mlp/act/Add_1_output_0(Add), 12:05:05.397365, 3, npu_aicore
 /model/transformer/h.1/mlp/act/Mul_3_output_0(Mul), 12:05:05.397365, 3, npu_aicore
 /model/transformer/h.1/mlp/c_proj/Reshape_output_0(Reshape), 12:05:05.397366, 3, npu_aicore
 /model/transformer/h.1/mlp/c_proj/Gemm_output_0__matmul_converted_MatMul(MatMulV2), 12:05:05.397366, 24, npu_aicore
 /model/transformer/h.1/Add_1_output_0(Add), 12:05:05.397367, 3, npu_aicore
 transdata_for_nd_28(TransData), 12:05:05.397367, 7, npu_aicore
 /model/transformer/ln_f/LayerNormalization_output_0(LayerNorm), 12:05:05.397367, 7, npu_aicore
 transdata_for_nd_29(TransData), 12:05:05.397368, 8, npu_aicore
 hidden_block1(Reshape), 12:05:05.397368, 9, npu_aicore
 logits__matmul_converted_MatMul_InReshape(Reshape), 12:05:05.397368, 9, npu_aicore
 logits__matmul_converted_MatMul(MatMulV2), 12:05:05.397369, 428, npu_aicore
 logits(Reshape), 12:05:05.397369, 105, npu_aicore
 /Reshape_output_0(Reshape), 12:05:05.407550, 21, npu_aicore
 netoutput_cast_6(CastT), 12:05:05.407552, 6, npu_aicore
 graphop_data_cast_14(CastT), 12:05:05.407553, 4, npu_aicore
 transdata_for_nd_16(TransData), 12:05:05.407553, 7, npu_aicore
 /model/transformer/h.0/ln_1/LayerNormalization_output_0(LayerNorm), 12:05:05.407554, 7, npu_aicore
 transdata_for_nd_17(TransData), 12:05:05.407555, 7, npu_aicore
 /model/transformer/h.0/attn/c_attn/Reshape_output_0(Reshape), 12:05:05.407556, 4, npu_aicore
 /model/transformer/h.0/attn/c_attn/Gemm_output_0__matmul_converted_MatMul(MatMulV2), 12:05:05.407556, 25, npu_aicore
 /model/transformer/h.0/attn/Split_output_0(SplitD), 12:05:05.407557, 10, npu_aicore
 /model/transformer/h.0/attn/Transpose_1_output_0(Permute), 12:05:05.407558, 4, npu_aicore
 /model/transformer/h.0/attn/Transpose_2_output_0(Permute), 12:05:05.407558, 4, npu_aicore
 /model/transformer/h.0/attn/Transpose_output_0(Permute), 12:05:05.407559, 4, npu_aicore
 /model/transformer/h.0/attn/Mul_1_output_0(Mul), 12:05:05.407560, 4, npu_aicore
 /model/transformer/h.0/attn/Mul_output_0(Mul), 12:05:05.407561, 3, npu_aicore
 /model/transformer/h.0/attn/MatMul_output_0(BatchMatMulV2), 12:05:05.407561, 24, npu_aicore
 /model/transformer/h.0/attn/Add_output_0(Add), 12:05:05.407562, 4, npu_aicore
 /model/transformer/h.0/attn/Softmax_output_0(Softmax), 12:05:05.407562, 5, npu_aicore
 /model/transformer/h.0/attn/MatMul_1_output_0(BatchMatMulV2), 12:05:05.407563, 24, npu_aicore
 /model/transformer/h.0/attn/Transpose_3_output_0(Permute), 12:05:05.407564, 4, npu_aicore
 /model/transformer/h.0/attn/c_proj/Reshape_output_0(Reshape), 12:05:05.407564, 3, npu_aicore
 /model/transformer/h.0/attn/c_proj/Gemm_output_0__matmul_converted_MatMul(MatMulV2), 12:05:05.407565, 24, npu_aicore
 /model/transformer/h.0/Add_output_0(Add), 12:05:05.407565, 3, npu_aicore
 transdata_for_nd_18(TransData), 12:05:05.407566, 6, npu_aicore
 /model/transformer/h.0/ln_2/LayerNormalization_output_0(LayerNorm), 12:05:05.407567, 8, npu_aicore
 transdata_for_nd_19(TransData), 12:05:05.407567, 9, npu_aicore
 /model/transformer/h.0/mlp/c_fc/Reshape_output_0(Reshape), 12:05:05.407568, 5, npu_aicore
 /model/transformer/h.0/mlp/c_fc/Gemm_output_0__matmul_converted_MatMul(MatMulV2), 12:05:05.407569, 25, npu_aicore
 transdata_for_nd_20(TransData), 12:05:05.407570, 6, npu_aicore
 /model/transformer/h.0/mlp/act/Mul_output_0(Mul), 12:05:05.407570, 3, npu_aicore
 /model/transformer/h.0/mlp/act/Pow_output_0(Pow), 12:05:05.407571, 4, npu_aicore
 transdata_for_nd_21(TransData), 12:05:05.407572, 4, npu_aicore
 /model/transformer/h.0/mlp/act/Mul_1_output_0(Mul), 12:05:05.407573, 3, npu_aicore
 /model/transformer/h.0/mlp/act/Add_output_0(Add), 12:05:05.407573, 3, npu_aicore
 /model/transformer/h.0/mlp/act/Mul_2_output_0(Mul), 12:05:05.407574, 3, npu_aicore
 /model/transformer/h.0/mlp/act/Tanh_output_0(Activation), 12:05:05.407575, 2, npu_aicore
 /model/transformer/h.0/mlp/act/Add_1_output_0(Add), 12:05:05.407576, 3, npu_aicore
 /model/transformer/h.0/mlp/act/Mul_3_output_0(Mul), 12:05:05.407576, 4, npu_aicore
 /model/transformer/h.0/mlp/c_proj/Reshape_output_0(Reshape), 12:05:05.407577, 3, npu_aicore
 /model/transformer/h.0/mlp/c_proj/Gemm_output_0__matmul_converted_MatMul(MatMulV2), 12:05:05.407578, 24, npu_aicore
 hidden_block0(Add), 12:05:05.407579, 3, npu_aicore
 netoutput_cast_23(CastT), 12:05:05.407580, 4, npu_aicore
 graphop_data_cast_30(CastT), 12:05:05.407580, 4, npu_aicore
 transdata_for_nd_22(TransData), 12:05:05.407581, 6, npu_aicore
 /model/transformer/h.1/ln_1/LayerNormalization_output_0(LayerNorm), 12:05:05.407582, 6, npu_aicore
 transdata_for_nd_23(TransData), 12:05:05.407583, 6, npu_aicore
 /model/transformer/h.1/attn/c_attn/Reshape_output_0(Reshape), 12:05:05.407583, 3, npu_aicore
 /model/transformer/h.1/attn/c_attn/Gemm_output_0__matmul_converted_MatMul(MatMulV2), 12:05:05.407584, 23, npu_aicore
 /model/transformer/h.1/attn/Split_output_0(SplitD), 12:05:05.407585, 8, npu_aicore
 /model/transformer/h.1/attn/Transpose_1_output_0(Permute), 12:05:05.407585, 3, npu_aicore
 /model/transformer/h.1/attn/Transpose_2_output_0(Permute), 12:05:05.407586, 3, npu_aicore
 /model/transformer/h.1/attn/Transpose_output_0(Permute), 12:05:05.407587, 3, npu_aicore
 /model/transformer/h.1/attn/Mul_1_output_0(Mul), 12:05:05.407588, 3, npu_aicore
 /model/transformer/h.1/attn/Mul_output_0(Mul), 12:05:05.407589, 2, npu_aicore
 /model/transformer/h.1/attn/MatMul_output_0(BatchMatMulV2), 12:05:05.407589, 23, npu_aicore
 /model/transformer/h.1/attn/Add_output_0(Add), 12:05:05.407590, 3, npu_aicore
 /model/transformer/h.1/attn/Softmax_output_0(Softmax), 12:05:05.407591, 4, npu_aicore
 /model/transformer/h.1/attn/MatMul_1_output_0(BatchMatMulV2), 12:05:05.407592, 23, npu_aicore
 /model/transformer/h.1/attn/Transpose_3_output_0(Permute), 12:05:05.407592, 3, npu_aicore
 /model/transformer/h.1/attn/c_proj/Reshape_output_0(Reshape), 12:05:05.407593, 3, npu_aicore
 /model/transformer/h.1/attn/c_proj/Gemm_output_0__matmul_converted_MatMul(MatMulV2), 12:05:05.407594, 24, npu_aicore
 /model/transformer/h.1/Add_output_0(Add), 12:05:05.407595, 2, npu_aicore
 transdata_for_nd_24(TransData), 12:05:05.407595, 7, npu_aicore
 /model/transformer/h.1/ln_2/LayerNormalization_output_0(LayerNorm), 12:05:05.407596, 5, npu_aicore
 transdata_for_nd_25(TransData), 12:05:05.407597, 7, npu_aicore
 /model/transformer/h.1/mlp/c_fc/Reshape_output_0(Reshape), 12:05:05.407598, 3, npu_aicore
 /model/transformer/h.1/mlp/c_fc/Gemm_output_0__matmul_converted_MatMul(MatMulV2), 12:05:05.407598, 24, npu_aicore
 transdata_for_nd_26(TransData), 12:05:05.407599, 6, npu_aicore
 /model/transformer/h.1/mlp/act/Mul_output_0(Mul), 12:05:05.407600, 3, npu_aicore
 /model/transformer/h.1/mlp/act/Pow_output_0(Pow), 12:05:05.407600, 3, npu_aicore
 transdata_for_nd_27(TransData), 12:05:05.407601, 4, npu_aicore
 /model/transformer/h.1/mlp/act/Mul_1_output_0(Mul), 12:05:05.407602, 2, npu_aicore
 /model/transformer/h.1/mlp/act/Add_output_0(Add), 12:05:05.407602, 3, npu_aicore
 /model/transformer/h.1/mlp/act/Mul_2_output_0(Mul), 12:05:05.407603, 2, npu_aicore
 /model/transformer/h.1/mlp/act/Tanh_output_0(Activation), 12:05:05.407604, 2, npu_aicore
 /model/transformer/h.1/mlp/act/Add_1_output_0(Add), 12:05:05.407605, 3, npu_aicore
 /model/transformer/h.1/mlp/act/Mul_3_output_0(Mul), 12:05:05.407605, 2, npu_aicore
 /model/transformer/h.1/mlp/c_proj/Reshape_output_0(Reshape), 12:05:05.407606, 3, npu_aicore
 /model/transformer/h.1/mlp/c_proj/Gemm_output_0__matmul_converted_MatMul(MatMulV2), 12:05:05.407607, 23, npu_aicore
 /model/transformer/h.1/Add_1_output_0(Add), 12:05:05.407608, 2, npu_aicore
 transdata_for_nd_28(TransData), 12:05:05.407608, 6, npu_aicore
 /model/transformer/ln_f/LayerNormalization_output_0(LayerNorm), 12:05:05.407609, 5, npu_aicore
 transdata_for_nd_29(TransData), 12:05:05.407610, 6, npu_aicore
 hidden_block1(Reshape), 12:05:05.407611, 3, npu_aicore
 logits__matmul_converted_MatMul_InReshape(Reshape), 12:05:05.407611, 8, npu_aicore
 logits__matmul_converted_MatMul(MatMulV2), 12:05:05.407612, 427, npu_aicore
 logits(Reshape), 12:05:05.407612, 100, npu_aicore
 /Reshape_output_0(Reshape), 12:05:05.407613, 21, npu_aicore
 netoutput_cast_6(CastT), 12:05:05.407614, 4, npu_aicore
 graphop_data_cast_14(CastT), 12:05:05.407615, 3, npu_aicore
 transdata_for_nd_16(TransData), 12:05:05.407615, 6, npu_aicore
 /model/transformer/h.0/ln_1/LayerNormalization_output_0(LayerNorm), 12:05:05.407616, 6, npu_aicore
 transdata_for_nd_17(TransData), 12:05:05.407617, 6, npu_aicore
 /model/transformer/h.0/attn/c_attn/Reshape_output_0(Reshape), 12:05:05.407618, 3, npu_aicore
 /model/transformer/h.0/attn/c_attn/Gemm_output_0__matmul_converted_MatMul(MatMulV2), 12:05:05.407618, 24, npu_aicore
 /model/transformer/h.0/attn/Split_output_0(SplitD), 12:05:05.407619, 9, npu_aicore
 /model/transformer/h.0/attn/Transpose_1_output_0(Permute), 12:05:05.407620, 3, npu_aicore
 /model/transformer/h.0/attn/Transpose_2_output_0(Permute), 12:05:05.407620, 2, npu_aicore
 /model/transformer/h.0/attn/Transpose_output_0(Permute), 12:05:05.407621, 3, npu_aicore
 /model/transformer/h.0/attn/Mul_1_output_0(Mul), 12:05:05.407622, 3, npu_aicore
 /model/transformer/h.0/attn/Mul_output_0(Mul), 12:05:05.407623, 2, npu_aicore
 /model/transformer/h.0/attn/MatMul_output_0(BatchMatMulV2), 12:05:05.407623, 22, npu_aicore
 /model/transformer/h.0/attn/Add_output_0(Add), 12:05:05.407624, 4, npu_aicore
 /model/transformer/h.0/attn/Softmax_output_0(Softmax), 12:05:05.407625, 4, npu_aicore
 /model/transformer/h.0/attn/MatMul_1_output_0(BatchMatMulV2), 12:05:05.407625, 23, npu_aicore
 /model/transformer/h.0/attn/Transpose_3_output_0(Permute), 12:05:05.407626, 3, npu_aicore
 /model/transformer/h.0/attn/c_proj/Reshape_output_0(Reshape), 12:05:05.407626, 3, npu_aicore
 /model/transformer/h.0/attn/c_proj/Gemm_output_0__matmul_converted_MatMul(MatMulV2), 12:05:05.407627, 23, npu_aicore
 /model/transformer/h.0/Add_output_0(Add), 12:05:05.407628, 2, npu_aicore
 transdata_for_nd_18(TransData), 12:05:05.407628, 6, npu_aicore
 /model/transformer/h.0/ln_2/LayerNormalization_output_0(LayerNorm), 12:05:05.407629, 6, npu_aicore
 transdata_for_nd_19(TransData), 12:05:05.407630, 6, npu_aicore
 /model/transformer/h.0/mlp/c_fc/Reshape_output_0(Reshape), 12:05:05.407631, 3, npu_aicore
 /model/transformer/h.0/mlp/c_fc/Gemm_output_0__matmul_converted_MatMul(MatMulV2), 12:05:05.407631, 23, npu_aicore
 transdata_for_nd_20(TransData), 12:05:05.407632, 6, npu_aicore
 /model/transformer/h.0/mlp/act/Mul_output_0(Mul), 12:05:05.407633, 3, npu_aicore
 /model/transformer/h.0/mlp/act/Pow_output_0(Pow), 12:05:05.407634, 3, npu_aicore
 transdata_for_nd_21(TransData), 12:05:05.407634, 4, npu_aicore
 /model/transformer/h.0/mlp/act/Mul_1_output_0(Mul), 12:05:05.407635, 2, npu_aicore
 /model/transformer/h.0/mlp/act/Add_output_0(Add), 12:05:05.407636, 2, npu_aicore
 /model/transformer/h.0/mlp/act/Mul_2_output_0(Mul), 12:05:05.407636, 3, npu_aicore
 /model/transformer/h.0/mlp/act/Tanh_output_0(Activation), 12:05:05.407637, 2, npu_aicore
 /model/transformer/h.0/mlp/act/Add_1_output_0(Add), 12:05:05.407638, 2, npu_aicore
 /model/transformer/h.0/mlp/act/Mul_3_output_0(Mul), 12:05:05.407639, 3, npu_aicore
 /model/transformer/h.0/mlp/c_proj/Reshape_output_0(Reshape), 12:05:05.407639, 3, npu_aicore
 /model/transformer/h.0/mlp/c_proj/Gemm_output_0__matmul_converted_MatMul(MatMulV2), 12:05:05.407640, 24, npu_aicore
 hidden_block0(Add), 12:05:05.407641, 2, npu_aicore
 netoutput_cast_23(CastT), 12:05:05.407642, 3, npu_aicore
 graphop_data_cast_30(CastT), 12:05:05.407643, 3, npu_aicore
 transdata_for_nd_22(TransData), 12:05:05.407643, 6, npu_aicore
 /model/transformer/h.1/ln_1/LayerNormalization_output_0(LayerNorm), 12:05:05.407644, 5, npu_aicore
 transdata_for_nd_23(TransData), 12:05:05.407645, 6, npu_aicore
 /model/transformer/h.1/attn/c_attn/Reshape_output_0(Reshape), 12:05:05.407645, 3, npu_aicore
 /model/transformer/h.1/attn/c_attn/Gemm_output_0__matmul_converted_MatMul(MatMulV2), 12:05:05.407646, 23, npu_aicore
 /model/transformer/h.1/attn/Split_output_0(SplitD), 12:05:05.407647, 8, npu_aicore
 /model/transformer/h.1/attn/Transpose_1_output_0(Permute), 12:05:05.407648, 3, npu_aicore
 /model/transformer/h.1/attn/Transpose_2_output_0(Permute), 12:05:05.407648, 3, npu_aicore
 /model/transformer/h.1/attn/Transpose_output_0(Permute), 12:05:05.407649, 3, npu_aicore
 /model/transformer/h.1/attn/Mul_1_output_0(Mul), 12:05:05.407650, 2, npu_aicore
 /model/transformer/h.1/attn/Mul_output_0(Mul), 12:05:05.407651, 2, npu_aicore
 /model/transformer/h.1/attn/MatMul_output_0(BatchMatMulV2), 12:05:05.407651, 23, npu_aicore
 /model/transformer/h.1/attn/Add_output_0(Add), 12:05:05.407652, 3, npu_aicore
 /model/transformer/h.1/attn/Softmax_output_0(Softmax), 12:05:05.407653, 4, npu_aicore
 /model/transformer/h.1/attn/MatMul_1_output_0(BatchMatMulV2), 12:05:05.407654, 23, npu_aicore
 /model/transformer/h.1/attn/Transpose_3_output_0(Permute), 12:05:05.407654, 3, npu_aicore
 /model/transformer/h.1/attn/c_proj/Reshape_output_0(Reshape), 12:05:05.407655, 3, npu_aicore
 /model/transformer/h.1/attn/c_proj/Gemm_output_0__matmul_converted_MatMul(MatMulV2), 12:05:05.407656, 24, npu_aicore
 /model/transformer/h.1/Add_output_0(Add), 12:05:05.407657, 2, npu_aicore
 transdata_for_nd_24(TransData), 12:05:05.407657, 7, npu_aicore
 /model/transformer/h.1/ln_2/LayerNormalization_output_0(LayerNorm), 12:05:05.407658, 5, npu_aicore
 transdata_for_nd_25(TransData), 12:05:05.407659, 6, npu_aicore
 /model/transformer/h.1/mlp/c_fc/Reshape_output_0(Reshape), 12:05:05.407659, 3, npu_aicore
 /model/transformer/h.1/mlp/c_fc/Gemm_output_0__matmul_converted_MatMul(MatMulV2), 12:05:05.407660, 23, npu_aicore
 transdata_for_nd_26(TransData), 12:05:05.407661, 6, npu_aicore
 /model/transformer/h.1/mlp/act/Mul_output_0(Mul), 12:05:05.407662, 3, npu_aicore
 /model/transformer/h.1/mlp/act/Pow_output_0(Pow), 12:05:05.407662, 3, npu_aicore
 transdata_for_nd_27(TransData), 12:05:05.407663, 4, npu_aicore
 /model/transformer/h.1/mlp/act/Mul_1_output_0(Mul), 12:05:05.407664, 2, npu_aicore
 /model/transformer/h.1/mlp/act/Add_output_0(Add), 12:05:05.407665, 2, npu_aicore
 /model/transformer/h.1/mlp/act/Mul_2_output_0(Mul), 12:05:05.407665, 2, npu_aicore
 /model/transformer/h.1/mlp/act/Tanh_output_0(Activation), 12:05:05.407666, 2, npu_aicore
 /model/transformer/h.1/mlp/act/Add_1_output_0(Add), 12:05:05.407667, 2, npu_aicore
 /model/transformer/h.1/mlp/act/Mul_3_output_0(Mul), 12:05:05.407667, 2, npu_aicore
 /model/transformer/h.1/mlp/c_proj/Reshape_output_0(Reshape), 12:05:05.407668, 3, npu_aicore
 /model/transformer/h.1/mlp/c_proj/Gemm_output_0__matmul_converted_MatMul(MatMulV2), 12:05:05.407669, 23, npu_aicore
 /model/transformer/h.1/Add_1_output_0(Add), 12:05:05.407670, 2, npu_aicore
 transdata_for_nd_28(TransData), 12:05:05.407670, 6, npu_aicore
 /model/transformer/ln_f/LayerNormalization_output_0(LayerNorm), 12:05:05.407671, 6, npu_aicore
 transdata_for_nd_29(TransData), 12:05:05.407671, 6, npu_aicore
 hidden_block1(Reshape), 12:05:05.407672, 3, npu_aicore
 logits__matmul_converted_MatMul_InReshape(Reshape), 12:05:05.407673, 8, npu_aicore
 logits__matmul_converted_MatMul(MatMulV2), 12:05:05.407674, 427, npu_aicore
 logits(Reshape), 12:05:05.407674, 105, npu_aicore
 /Reshape_output_0(Reshape), 12:05:05.407675, 21, npu_aicore
 netoutput_cast_6(CastT), 12:05:05.407676, 5, npu_aicore
 graphop_data_cast_14(CastT), 12:05:05.407677, 3, npu_aicore
 transdata_for_nd_16(TransData), 12:05:05.407677, 6, npu_aicore
 /model/transformer/h.0/ln_1/LayerNormalization_output_0(LayerNorm), 12:05:05.407678, 6, npu_aicore
 transdata_for_nd_17(TransData), 12:05:05.407678, 7, npu_aicore
 /model/transformer/h.0/attn/c_attn/Reshape_output_0(Reshape), 12:05:05.407679, 3, npu_aicore
 /model/transformer/h.0/attn/c_attn/Gemm_output_0__matmul_converted_MatMul(MatMulV2), 12:05:05.407680, 25, npu_aicore
 /model/transformer/h.0/attn/Split_output_0(SplitD), 12:05:05.407680, 10, npu_aicore
 /model/transformer/h.0/attn/Transpose_1_output_0(Permute), 12:05:05.407681, 4, npu_aicore
 /model/transformer/h.0/attn/Transpose_2_output_0(Permute), 12:05:05.407682, 3, npu_aicore
 /model/transformer/h.0/attn/Transpose_output_0(Permute), 12:05:05.407682, 4, npu_aicore
 /model/transformer/h.0/attn/Mul_1_output_0(Mul), 12:05:05.407683, 4, npu_aicore
 /model/transformer/h.0/attn/Mul_output_0(Mul), 12:05:05.407684, 3, npu_aicore
 /model/transformer/h.0/attn/MatMul_output_0(BatchMatMulV2), 12:05:05.407685, 24, npu_aicore
 /model/transformer/h.0/attn/Add_output_0(Add), 12:05:05.407685, 4, npu_aicore
 /model/transformer/h.0/attn/Softmax_output_0(Softmax), 12:05:05.407686, 5, npu_aicore
 /model/transformer/h.0/attn/MatMul_1_output_0(BatchMatMulV2), 12:05:05.407687, 23, npu_aicore
 /model/transformer/h.0/attn/Transpose_3_output_0(Permute), 12:05:05.407688, 4, npu_aicore
 /model/transformer/h.0/attn/c_proj/Reshape_output_0(Reshape), 12:05:05.407689, 4, npu_aicore
 /model/transformer/h.0/attn/c_proj/Gemm_output_0__matmul_converted_MatMul(MatMulV2), 12:05:05.407690, 25, npu_aicore
 /model/transformer/h.0/Add_output_0(Add), 12:05:05.407690, 3, npu_aicore
 transdata_for_nd_18(TransData), 12:05:05.407691, 7, npu_aicore
 /model/transformer/h.0/ln_2/LayerNormalization_output_0(LayerNorm), 12:05:05.407691, 8, npu_aicore
 transdata_for_nd_19(TransData), 12:05:05.407692, 9, npu_aicore
 /model/transformer/h.0/mlp/c_fc/Reshape_output_0(Reshape), 12:05:05.407693, 4, npu_aicore
 /model/transformer/h.0/mlp/c_fc/Gemm_output_0__matmul_converted_MatMul(MatMulV2), 12:05:05.407694, 24, npu_aicore
 transdata_for_nd_20(TransData), 12:05:05.407694, 7, npu_aicore
 /model/transformer/h.0/mlp/act/Mul_output_0(Mul), 12:05:05.407695, 3, npu_aicore
 /model/transformer/h.0/mlp/act/Pow_output_0(Pow), 12:05:05.407696, 4, npu_aicore
 transdata_for_nd_21(TransData), 12:05:05.407697, 4, npu_aicore
 /model/transformer/h.0/mlp/act/Mul_1_output_0(Mul), 12:05:05.407697, 4, npu_aicore
 /model/transformer/h.0/mlp/act/Add_output_0(Add), 12:05:05.407698, 3, npu_aicore
 /model/transformer/h.0/mlp/act/Mul_2_output_0(Mul), 12:05:05.407699, 3, npu_aicore
 /model/transformer/h.0/mlp/act/Tanh_output_0(Activation), 12:05:05.407700, 3, npu_aicore
 /model/transformer/h.0/mlp/act/Add_1_output_0(Add), 12:05:05.407700, 2, npu_aicore
 /model/transformer/h.0/mlp/act/Mul_3_output_0(Mul), 12:05:05.407701, 4, npu_aicore
 /model/transformer/h.0/mlp/c_proj/Reshape_output_0(Reshape), 12:05:05.407702, 3, npu_aicore
 /model/transformer/h.0/mlp/c_proj/Gemm_output_0__matmul_converted_MatMul(MatMulV2), 12:05:05.407703, 25, npu_aicore
 hidden_block0(Add), 12:05:05.407703, 3, npu_aicore
 netoutput_cast_23(CastT), 12:05:05.407704, 5, npu_aicore
 graphop_data_cast_30(CastT), 12:05:05.407705, 4, npu_aicore
 transdata_for_nd_22(TransData), 12:05:05.407705, 8, npu_aicore
 /model/transformer/h.1/ln_1/LayerNormalization_output_0(LayerNorm), 12:05:05.407706, 7, npu_aicore
 transdata_for_nd_23(TransData), 12:05:05.407707, 7, npu_aicore
 /model/transformer/h.1/attn/c_attn/Reshape_output_0(Reshape), 12:05:05.407707, 4, npu_aicore
 /model/transformer/h.1/attn/c_attn/Gemm_output_0__matmul_converted_MatMul(MatMulV2), 12:05:05.407708, 24, npu_aicore
 /model/transformer/h.1/attn/Split_output_0(SplitD), 12:05:05.407709, 9, npu_aicore
 /model/transformer/h.1/attn/Transpose_1_output_0(Permute), 12:05:05.407710, 4, npu_aicore
 /model/transformer/h.1/attn/Transpose_2_output_0(Permute), 12:05:05.407711, 4, npu_aicore
 /model/transformer/h.1/attn/Transpose_output_0(Permute), 12:05:05.407711, 4, npu_aicore
 /model/transformer/h.1/attn/Mul_1_output_0(Mul), 12:05:05.407712, 4, npu_aicore
 /model/transformer/h.1/attn/Mul_output_0(Mul), 12:05:05.407713, 3, npu_aicore
 /model/transformer/h.1/attn/MatMul_output_0(BatchMatMulV2), 12:05:05.407713, 24, npu_aicore
 /model/transformer/h.1/attn/Add_output_0(Add), 12:05:05.407714, 4, npu_aicore
 /model/transformer/h.1/attn/Softmax_output_0(Softmax), 12:05:05.407715, 4, npu_aicore
 /model/transformer/h.1/attn/MatMul_1_output_0(BatchMatMulV2), 12:05:05.407715, 24, npu_aicore
 /model/transformer/h.1/attn/Transpose_3_output_0(Permute), 12:05:05.407716, 5, npu_aicore
 /model/transformer/h.1/attn/c_proj/Reshape_output_0(Reshape), 12:05:05.407716, 3, npu_aicore
 /model/transformer/h.1/attn/c_proj/Gemm_output_0__matmul_converted_MatMul(MatMulV2), 12:05:05.407717, 25, npu_aicore
 /model/transformer/h.1/Add_output_0(Add), 12:05:05.407717, 3, npu_aicore
 transdata_for_nd_24(TransData), 12:05:05.407718, 7, npu_aicore
 /model/transformer/h.1/ln_2/LayerNormalization_output_0(LayerNorm), 12:05:05.407719, 9, npu_aicore
 transdata_for_nd_25(TransData), 12:05:05.407720, 8, npu_aicore
 /model/transformer/h.1/mlp/c_fc/Reshape_output_0(Reshape), 12:05:05.407721, 4, npu_aicore
 /model/transformer/h.1/mlp/c_fc/Gemm_output_0__matmul_converted_MatMul(MatMulV2), 12:05:05.407722, 26, npu_aicore
 transdata_for_nd_26(TransData), 12:05:05.407722, 7, npu_aicore
 /model/transformer/h.1/mlp/act/Mul_output_0(Mul), 12:05:05.407723, 3, npu_aicore
 /model/transformer/h.1/mlp/act/Pow_output_0(Pow), 12:05:05.407724, 4, npu_aicore
 transdata_for_nd_27(TransData), 12:05:05.407725, 4, npu_aicore
 /model/transformer/h.1/mlp/act/Mul_1_output_0(Mul), 12:05:05.407725, 3, npu_aicore
 /model/transformer/h.1/mlp/act/Add_output_0(Add), 12:05:05.407726, 3, npu_aicore
 /model/transformer/h.1/mlp/act/Mul_2_output_0(Mul), 12:05:05.407727, 3, npu_aicore
 /model/transformer/h.1/mlp/act/Tanh_output_0(Activation), 12:05:05.407727, 2, npu_aicore
 /model/transformer/h.1/mlp/act/Add_1_output_0(Add), 12:05:05.407728, 3, npu_aicore
 /model/transformer/h.1/mlp/act/Mul_3_output_0(Mul), 12:05:05.407729, 3, npu_aicore
 /model/transformer/h.1/mlp/c_proj/Reshape_output_0(Reshape), 12:05:05.407730, 3, npu_aicore
 /model/transformer/h.1/mlp/c_proj/Gemm_output_0__matmul_converted_MatMul(MatMulV2), 12:05:05.407730, 24, npu_aicore
 /model/transformer/h.1/Add_1_output_0(Add), 12:05:05.407731, 3, npu_aicore
 transdata_for_nd_28(TransData), 12:05:05.407732, 7, npu_aicore
 /model/transformer/ln_f/LayerNormalization_output_0(LayerNorm), 12:05:05.407732, 8, npu_aicore
 transdata_for_nd_29(TransData), 12:05:05.407733, 8, npu_aicore
 hidden_block1(Reshape), 12:05:05.407734, 9, npu_aicore
 logits__matmul_converted_MatMul_InReshape(Reshape), 12:05:05.407735, 9, npu_aicore
 logits__matmul_converted_MatMul(MatMulV2), 12:05:05.407735, 427, npu_aicore
 logits(Reshape), 12:05:05.407736, 107, npu_aicore
 /Reshape_output_0(Reshape), 12:05:05.407737, 22, npu_aicore
 netoutput_cast_6(CastT), 12:05:05.407737, 6, npu_aicore
 graphop_data_cast_14(CastT), 12:05:05.407738, 4, npu_aicore
 transdata_for_nd_16(TransData), 12:05:05.407739, 7, npu_aicore
 /model/transformer/h.0/ln_1/LayerNormalization_output_0(LayerNorm), 12:05:05.407740, 7, npu_aicore
 transdata_for_nd_17(TransData), 12:05:05.407740, 7, npu_aicore
 /model/transformer/h.0/attn/c_attn/Reshape_output_0(Reshape), 12:05:05.407741, 4, npu_aicore
 /model/transformer/h.0/attn/c_attn/Gemm_output_0__matmul_converted_MatMul(MatMulV2), 12:05:05.407742, 25, npu_aicore
 /model/transformer/h.0/attn/Split_output_0(SplitD), 12:05:05.407742, 9, npu_aicore
 /model/transformer/h.0/attn/Transpose_1_output_0(Permute), 12:05:05.407743, 3, npu_aicore
 /model/transformer/h.0/attn/Transpose_2_output_0(Permute), 12:05:05.407744, 2, npu_aicore
 /model/transformer/h.0/attn/Transpose_output_0(Permute), 12:05:05.407745, 3, npu_aicore
 /model/transformer/h.0/attn/Mul_1_output_0(Mul), 12:05:05.407745, 3, npu_aicore
 /model/transformer/h.0/attn/Mul_output_0(Mul), 12:05:05.407746, 2, npu_aicore
 /model/transformer/h.0/attn/MatMul_output_0(BatchMatMulV2), 12:05:05.407746, 23, npu_aicore
 /model/transformer/h.0/attn/Add_output_0(Add), 12:05:05.407747, 3, npu_aicore
 /model/transformer/h.0/attn/Softmax_output_0(Softmax), 12:05:05.407748, 4, npu_aicore
 /model/transformer/h.0/attn/MatMul_1_output_0(BatchMatMulV2), 12:05:05.407749, 23, npu_aicore
 /model/transformer/h.0/attn/Transpose_3_output_0(Permute), 12:05:05.407749, 4, npu_aicore
 /model/transformer/h.0/attn/c_proj/Reshape_output_0(Reshape), 12:05:05.407750, 3, npu_aicore
 /model/transformer/h.0/attn/c_proj/Gemm_output_0__matmul_converted_MatMul(MatMulV2), 12:05:05.407750, 25, npu_aicore
 /model/transformer/h.0/Add_output_0(Add), 12:05:05.407751, 3, npu_aicore
 transdata_for_nd_18(TransData), 12:05:05.407752, 7, npu_aicore
 /model/transformer/h.0/ln_2/LayerNormalization_output_0(LayerNorm), 12:05:05.407752, 8, npu_aicore
 transdata_for_nd_19(TransData), 12:05:05.407753, 9, npu_aicore
 /model/transformer/h.0/mlp/c_fc/Reshape_output_0(Reshape), 12:05:05.407754, 6, npu_aicore
 /model/transformer/h.0/mlp/c_fc/Gemm_output_0__matmul_converted_MatMul(MatMulV2), 12:05:05.407755, 24, npu_aicore
 transdata_for_nd_20(TransData), 12:05:05.407756, 6, npu_aicore
 /model/transformer/h.0/mlp/act/Mul_output_0(Mul), 12:05:05.407756, 4, npu_aicore
 /model/transformer/h.0/mlp/act/Pow_output_0(Pow), 12:05:05.407757, 4, npu_aicore
 transdata_for_nd_21(TransData), 12:05:05.407758, 4, npu_aicore
 /model/transformer/h.0/mlp/act/Mul_1_output_0(Mul), 12:05:05.407759, 3, npu_aicore
 /model/transformer/h.0/mlp/act/Add_output_0(Add), 12:05:05.407759, 3, npu_aicore
 /model/transformer/h.0/mlp/act/Mul_2_output_0(Mul), 12:05:05.407760, 3, npu_aicore
 /model/transformer/h.0/mlp/act/Tanh_output_0(Activation), 12:05:05.407761, 2, npu_aicore
 /model/transformer/h.0/mlp/act/Add_1_output_0(Add), 12:05:05.407761, 3, npu_aicore
 /model/transformer/h.0/mlp/act/Mul_3_output_0(Mul), 12:05:05.407762, 4, npu_aicore
 /model/transformer/h.0/mlp/c_proj/Reshape_output_0(Reshape), 12:05:05.407763, 3, npu_aicore
 /model/transformer/h.0/mlp/c_proj/Gemm_output_0__matmul_converted_MatMul(MatMulV2), 12:05:05.407764, 24, npu_aicore
 hidden_block0(Add), 12:05:05.407765, 3, npu_aicore
 netoutput_cast_23(CastT), 12:05:05.407765, 5, npu_aicore
 graphop_data_cast_30(CastT), 12:05:05.407766, 4, npu_aicore
 transdata_for_nd_22(TransData), 12:05:05.407767, 8, npu_aicore
 /model/transformer/h.1/ln_1/LayerNormalization_output_0(LayerNorm), 12:05:05.407768, 7, npu_aicore
 transdata_for_nd_23(TransData), 12:05:05.407769, 7, npu_aicore
 /model/transformer/h.1/attn/c_attn/Reshape_output_0(Reshape), 12:05:05.407769, 4, npu_aicore
 /model/transformer/h.1/attn/c_attn/Gemm_output_0__matmul_converted_MatMul(MatMulV2), 12:05:05.407770, 24, npu_aicore
 /model/transformer/h.1/attn/Split_output_0(SplitD), 12:05:05.407771, 9, npu_aicore
 /model/transformer/h.1/attn/Transpose_1_output_0(Permute), 12:05:05.407772, 4, npu_aicore
 /model/transformer/h.1/attn/Transpose_2_output_0(Permute), 12:05:05.407772, 4, npu_aicore
 /model/transformer/h.1/attn/Transpose_output_0(Permute), 12:05:05.407773, 5, npu_aicore
 /model/transformer/h.1/attn/Mul_1_output_0(Mul), 12:05:05.407774, 3, npu_aicore
 /model/transformer/h.1/attn/Mul_output_0(Mul), 12:05:05.407775, 3, npu_aicore
 /model/transformer/h.1/attn/MatMul_output_0(BatchMatMulV2), 12:05:05.407775, 24, npu_aicore
 /model/transformer/h.1/attn/Add_output_0(Add), 12:05:05.407776, 4, npu_aicore
 /model/transformer/h.1/attn/Softmax_output_0(Softmax), 12:05:05.407777, 4, npu_aicore
 /model/transformer/h.1/attn/MatMul_1_output_0(BatchMatMulV2), 12:05:05.407778, 24, npu_aicore
 /model/transformer/h.1/attn/Transpose_3_output_0(Permute), 12:05:05.407779, 5, npu_aicore
 /model/transformer/h.1/attn/c_proj/Reshape_output_0(Reshape), 12:05:05.407779, 3, npu_aicore
 /model/transformer/h.1/attn/c_proj/Gemm_output_0__matmul_converted_MatMul(MatMulV2), 12:05:05.407780, 24, npu_aicore
 /model/transformer/h.1/Add_output_0(Add), 12:05:05.407781, 3, npu_aicore
 transdata_for_nd_24(TransData), 12:05:05.407782, 7, npu_aicore
 /model/transformer/h.1/ln_2/LayerNormalization_output_0(LayerNorm), 12:05:05.407782, 8, npu_aicore
 transdata_for_nd_25(TransData), 12:05:05.407783, 9, npu_aicore
 /model/transformer/h.1/mlp/c_fc/Reshape_output_0(Reshape), 12:05:05.407784, 4, npu_aicore
 /model/transformer/h.1/mlp/c_fc/Gemm_output_0__matmul_converted_MatMul(MatMulV2), 12:05:05.407784, 25, npu_aicore
 transdata_for_nd_26(TransData), 12:05:05.407785, 7, npu_aicore
 /model/transformer/h.1/mlp/act/Mul_output_0(Mul), 12:05:05.407785, 3, npu_aicore
 /model/transformer/h.1/mlp/act/Pow_output_0(Pow), 12:05:05.407786, 4, npu_aicore
 transdata_for_nd_27(TransData), 12:05:05.407787, 5, npu_aicore
 /model/transformer/h.1/mlp/act/Mul_1_output_0(Mul), 12:05:05.407788, 3, npu_aicore
 /model/transformer/h.1/mlp/act/Add_output_0(Add), 12:05:05.407788, 3, npu_aicore
 /model/transformer/h.1/mlp/act/Mul_2_output_0(Mul), 12:05:05.407790, 3, npu_aicore
 /model/transformer/h.1/mlp/act/Tanh_output_0(Activation), 12:05:05.407790, 2, npu_aicore
 /model/transformer/h.1/mlp/act/Add_1_output_0(Add), 12:05:05.407791, 3, npu_aicore
 /model/transformer/h.1/mlp/act/Mul_3_output_0(Mul), 12:05:05.407792, 3, npu_aicore
 /model/transformer/h.1/mlp/c_proj/Reshape_output_0(Reshape), 12:05:05.407792, 3, npu_aicore
 /model/transformer/h.1/mlp/c_proj/Gemm_output_0__matmul_converted_MatMul(MatMulV2), 12:05:05.407793, 23, npu_aicore
 /model/transformer/h.1/Add_1_output_0(Add), 12:05:05.407794, 3, npu_aicore
 transdata_for_nd_28(TransData), 12:05:05.407795, 7, npu_aicore
 /model/transformer/ln_f/LayerNormalization_output_0(LayerNorm), 12:05:05.407795, 7, npu_aicore
 transdata_for_nd_29(TransData), 12:05:05.407796, 8, npu_aicore
 hidden_block1(Reshape), 12:05:05.407797, 8, npu_aicore
 logits__matmul_converted_MatMul_InReshape(Reshape), 12:05:05.407797, 9, npu_aicore
 logits__matmul_converted_MatMul(MatMulV2), 12:05:05.407798, 428, npu_aicore
 logits(Reshape), 12:05:05.407799, 104, npu_aicore
 /Reshape_output_0(Reshape), 12:05:05.407800, 21, npu_aicore
 netoutput_cast_6(CastT), 12:05:05.407800, 5, npu_aicore
 graphop_data_cast_14(CastT), 12:05:05.407801, 3, npu_aicore
 transdata_for_nd_16(TransData), 12:05:05.407802, 7, npu_aicore
 /model/transformer/h.0/ln_1/LayerNormalization_output_0(LayerNorm), 12:05:05.407803, 6, npu_aicore
 transdata_for_nd_17(TransData), 12:05:05.407804, 7, npu_aicore
 /model/transformer/h.0/attn/c_attn/Reshape_output_0(Reshape), 12:05:05.407804, 3, npu_aicore
 /model/transformer/h.0/attn/c_attn/Gemm_output_0__matmul_converted_MatMul(MatMulV2), 12:05:05.407805, 25, npu_aicore
 /model/transformer/h.0/attn/Split_output_0(SplitD), 12:05:05.407806, 10, npu_aicore
 /model/transformer/h.0/attn/Transpose_1_output_0(Permute), 12:05:05.407807, 4, npu_aicore
 /model/transformer/h.0/attn/Transpose_2_output_0(Permute), 12:05:05.407807, 4, npu_aicore
 /model/transformer/h.0/attn/Transpose_output_0(Permute), 12:05:05.407808, 4, npu_aicore
 /model/transformer/h.0/attn/Mul_1_output_0(Mul), 12:05:05.407809, 3, npu_aicore
 /model/transformer/h.0/attn/Mul_output_0(Mul), 12:05:05.407809, 3, npu_aicore
 /model/transformer/h.0/attn/MatMul_output_0(BatchMatMulV2), 12:05:05.407810, 24, npu_aicore
 /model/transformer/h.0/attn/Add_output_0(Add), 12:05:05.407811, 4, npu_aicore
 /model/transformer/h.0/attn/Softmax_output_0(Softmax), 12:05:05.407811, 5, npu_aicore
 /model/transformer/h.0/attn/MatMul_1_output_0(BatchMatMulV2), 12:05:05.407812, 23, npu_aicore
 /model/transformer/h.0/attn/Transpose_3_output_0(Permute), 12:05:05.407813, 4, npu_aicore
 /model/transformer/h.0/attn/c_proj/Reshape_output_0(Reshape), 12:05:05.407813, 3, npu_aicore
 /model/transformer/h.0/attn/c_proj/Gemm_output_0__matmul_converted_MatMul(MatMulV2), 12:05:05.407814, 24, npu_aicore
 /model/transformer/h.0/Add_output_0(Add), 12:05:05.407815, 3, npu_aicore
 transdata_for_nd_18(TransData), 12:05:05.407816, 7, npu_aicore
 /model/transformer/h.0/ln_2/LayerNormalization_output_0(LayerNorm), 12:05:05.407816, 8, npu_aicore
 transdata_for_nd_19(TransData), 12:05:05.407817, 9, npu_aicore
 /model/transformer/h.0/mlp/c_fc/Reshape_output_0(Reshape), 12:05:05.407818, 4, npu_aicore
 /model/transformer/h.0/mlp/c_fc/Gemm_output_0__matmul_converted_MatMul(MatMulV2), 12:05:05.407819, 24, npu_aicore
 transdata_for_nd_20(TransData), 12:05:05.407819, 6, npu_aicore
 /model/transformer/h.0/mlp/act/Mul_output_0(Mul), 12:05:05.407820, 3, npu_aicore
 /model/transformer/h.0/mlp/act/Pow_output_0(Pow), 12:05:05.407821, 4, npu_aicore
 transdata_for_nd_21(TransData), 12:05:05.407822, 4, npu_aicore
 /model/transformer/h.0/mlp/act/Mul_1_output_0(Mul), 12:05:05.407822, 3, npu_aicore
 /model/transformer/h.0/mlp/act/Add_output_0(Add), 12:05:05.407823, 4, npu_aicore
 /model/transformer/h.0/mlp/act/Mul_2_output_0(Mul), 12:05:05.407824, 3, npu_aicore
 /model/transformer/h.0/mlp/act/Tanh_output_0(Activation), 12:05:05.407825, 2, npu_aicore
 /model/transformer/h.0/mlp/act/Add_1_output_0(Add), 12:05:05.407825, 3, npu_aicore
 /model/transformer/h.0/mlp/act/Mul_3_output_0(Mul), 12:05:05.407826, 4, npu_aicore
 /model/transformer/h.0/mlp/c_proj/Reshape_output_0(Reshape), 12:05:05.407827, 3, npu_aicore
 /model/transformer/h.0/mlp/c_proj/Gemm_output_0__matmul_converted_MatMul(MatMulV2), 12:05:05.407827, 24, npu_aicore
 hidden_block0(Add), 12:05:05.407828, 3, npu_aicore
 netoutput_cast_23(CastT), 12:05:05.407829, 5, npu_aicore
 graphop_data_cast_30(CastT), 12:05:05.407830, 4, npu_aicore
 transdata_for_nd_22(TransData), 12:05:05.407831, 8, npu_aicore
 /model/transformer/h.1/ln_1/LayerNormalization_output_0(LayerNorm), 12:05:05.407831, 7, npu_aicore
 transdata_for_nd_23(TransData), 12:05:05.407832, 7, npu_aicore
 /model/transformer/h.1/attn/c_attn/Reshape_output_0(Reshape), 12:05:05.407833, 3, npu_aicore
 /model/transformer/h.1/attn/c_attn/Gemm_output_0__matmul_converted_MatMul(MatMulV2), 12:05:05.407833, 23, npu_aicore
 /model/transformer/h.1/attn/Split_output_0(SplitD), 12:05:05.407834, 8, npu_aicore
 /model/transformer/h.1/attn/Transpose_1_output_0(Permute), 12:05:05.407835, 3, npu_aicore
 /model/transformer/h.1/attn/Transpose_2_output_0(Permute), 12:05:05.407836, 3, npu_aicore
 /model/transformer/h.1/attn/Transpose_output_0(Permute), 12:05:05.407837, 3, npu_aicore
 /model/transformer/h.1/attn/Mul_1_output_0(Mul), 12:05:05.407837, 3, npu_aicore
 /model/transformer/h.1/attn/Mul_output_0(Mul), 12:05:05.407838, 3, npu_aicore
 /model/transformer/h.1/attn/MatMul_output_0(BatchMatMulV2), 12:05:05.407839, 23, npu_aicore
 /model/transformer/h.1/attn/Add_output_0(Add), 12:05:05.407840, 4, npu_aicore
 /model/transformer/h.1/attn/Softmax_output_0(Softmax), 12:05:05.407840, 4, npu_aicore
 /model/transformer/h.1/attn/MatMul_1_output_0(BatchMatMulV2), 12:05:05.407841, 23, npu_aicore
 /model/transformer/h.1/attn/Transpose_3_output_0(Permute), 12:05:05.407842, 4, npu_aicore
 /model/transformer/h.1/attn/c_proj/Reshape_output_0(Reshape), 12:05:05.407843, 3, npu_aicore
 /model/transformer/h.1/attn/c_proj/Gemm_output_0__matmul_converted_MatMul(MatMulV2), 12:05:05.407843, 24, npu_aicore
 /model/transformer/h.1/Add_output_0(Add), 12:05:05.407844, 3, npu_aicore
 transdata_for_nd_24(TransData), 12:05:05.407845, 7, npu_aicore
 /model/transformer/h.1/ln_2/LayerNormalization_output_0(LayerNorm), 12:05:05.407845, 8, npu_aicore
 transdata_for_nd_25(TransData), 12:05:05.407846, 9, npu_aicore
 /model/transformer/h.1/mlp/c_fc/Reshape_output_0(Reshape), 12:05:05.407847, 4, npu_aicore
 /model/transformer/h.1/mlp/c_fc/Gemm_output_0__matmul_converted_MatMul(MatMulV2), 12:05:05.407847, 26, npu_aicore
 transdata_for_nd_26(TransData), 12:05:05.407849, 7, npu_aicore
 /model/transformer/h.1/mlp/act/Mul_output_0(Mul), 12:05:05.407850, 3, npu_aicore
 /model/transformer/h.1/mlp/act/Pow_output_0(Pow), 12:05:05.407850, 4, npu_aicore
 transdata_for_nd_27(TransData), 12:05:05.407851, 4, npu_aicore
 /model/transformer/h.1/mlp/act/Mul_1_output_0(Mul), 12:05:05.407852, 3, npu_aicore
 /model/transformer/h.1/mlp/act/Add_output_0(Add), 12:05:05.407852, 3, npu_aicore
 /model/transformer/h.1/mlp/act/Mul_2_output_0(Mul), 12:05:05.407853, 3, npu_aicore
 /model/transformer/h.1/mlp/act/Tanh_output_0(Activation), 12:05:05.407854, 2, npu_aicore
 /model/transformer/h.1/mlp/act/Add_1_output_0(Add), 12:05:05.407855, 3, npu_aicore
 /model/transformer/h.1/mlp/act/Mul_3_output_0(Mul), 12:05:05.407855, 3, npu_aicore
 /model/transformer/h.1/mlp/c_proj/Reshape_output_0(Reshape), 12:05:05.407856, 3, npu_aicore
 /model/transformer/h.1/mlp/c_proj/Gemm_output_0__matmul_converted_MatMul(MatMulV2), 12:05:05.407857, 24, npu_aicore
 /model/transformer/h.1/Add_1_output_0(Add), 12:05:05.407857, 3, npu_aicore
 transdata_for_nd_28(TransData), 12:05:05.407858, 7, npu_aicore
 /model/transformer/ln_f/LayerNormalization_output_0(LayerNorm), 12:05:05.407859, 7, npu_aicore
 transdata_for_nd_29(TransData), 12:05:05.407859, 8, npu_aicore
 hidden_block1(Reshape), 12:05:05.407860, 7, npu_aicore
 logits__matmul_converted_MatMul_InReshape(Reshape), 12:05:05.407861, 9, npu_aicore
 logits__matmul_converted_MatMul(MatMulV2), 12:05:05.407862, 428, npu_aicore
 logits(Reshape), 12:05:05.407862, 108, npu_aicore
 /Reshape_output_0(Reshape), 12:05:05.417962, 22, npu_aicore
 netoutput_cast_6(CastT), 12:05:05.417964, 5, npu_aicore
 graphop_data_cast_14(CastT), 12:05:05.417964, 4, npu_aicore
 transdata_for_nd_16(TransData), 12:05:05.417964, 8, npu_aicore
 /model/transformer/h.0/ln_1/LayerNormalization_output_0(LayerNorm), 12:05:05.417965, 7, npu_aicore
 transdata_for_nd_17(TransData), 12:05:05.417965, 7, npu_aicore
 /model/transformer/h.0/attn/c_attn/Reshape_output_0(Reshape), 12:05:05.417965, 4, npu_aicore
 /model/transformer/h.0/attn/c_attn/Gemm_output_0__matmul_converted_MatMul(MatMulV2), 12:05:05.417966, 25, npu_aicore
 /model/transformer/h.0/attn/Split_output_0(SplitD), 12:05:05.417966, 10, npu_aicore
 /model/transformer/h.0/attn/Transpose_1_output_0(Permute), 12:05:05.417966, 4, npu_aicore
 /model/transformer/h.0/attn/Transpose_2_output_0(Permute), 12:05:05.417967, 3, npu_aicore
 /model/transformer/h.0/attn/Transpose_output_0(Permute), 12:05:05.417967, 4, npu_aicore
 /model/transformer/h.0/attn/Mul_1_output_0(Mul), 12:05:05.417967, 4, npu_aicore
 /model/transformer/h.0/attn/Mul_output_0(Mul), 12:05:05.417968, 3, npu_aicore
 /model/transformer/h.0/attn/MatMul_output_0(BatchMatMulV2), 12:05:05.417968, 25, npu_aicore
 /model/transformer/h.0/attn/Add_output_0(Add), 12:05:05.417968, 4, npu_aicore
 /model/transformer/h.0/attn/Softmax_output_0(Softmax), 12:05:05.417969, 5, npu_aicore
 /model/transformer/h.0/attn/MatMul_1_output_0(BatchMatMulV2), 12:05:05.417969, 23, npu_aicore
 /model/transformer/h.0/attn/Transpose_3_output_0(Permute), 12:05:05.417970, 4, npu_aicore
 /model/transformer/h.0/attn/c_proj/Reshape_output_0(Reshape), 12:05:05.417970, 4, npu_aicore
 /model/transformer/h.0/attn/c_proj/Gemm_output_0__matmul_converted_MatMul(MatMulV2), 12:05:05.417970, 25, npu_aicore
 /model/transformer/h.0/Add_output_0(Add), 12:05:05.417970, 3, npu_aicore
 transdata_for_nd_18(TransData), 12:05:05.417971, 7, npu_aicore
 /model/transformer/h.0/ln_2/LayerNormalization_output_0(LayerNorm), 12:05:05.417971, 8, npu_aicore
 transdata_for_nd_19(TransData), 12:05:05.417971, 9, npu_aicore
 /model/transformer/h.0/mlp/c_fc/Reshape_output_0(Reshape), 12:05:05.417972, 5, npu_aicore
 /model/transformer/h.0/mlp/c_fc/Gemm_output_0__matmul_converted_MatMul(MatMulV2), 12:05:05.417972, 24, npu_aicore
 transdata_for_nd_20(TransData), 12:05:05.417972, 6, npu_aicore
 /model/transformer/h.0/mlp/act/Mul_output_0(Mul), 12:05:05.417972, 3, npu_aicore
 /model/transformer/h.0/mlp/act/Pow_output_0(Pow), 12:05:05.417973, 4, npu_aicore
 transdata_for_nd_21(TransData), 12:05:05.417973, 4, npu_aicore
 /model/transformer/h.0/mlp/act/Mul_1_output_0(Mul), 12:05:05.417974, 3, npu_aicore
 /model/transformer/h.0/mlp/act/Add_output_0(Add), 12:05:05.417974, 3, npu_aicore
 /model/transformer/h.0/mlp/act/Mul_2_output_0(Mul), 12:05:05.417974, 3, npu_aicore
 /model/transformer/h.0/mlp/act/Tanh_output_0(Activation), 12:05:05.417975, 2, npu_aicore
 /model/transformer/h.0/mlp/act/Add_1_output_0(Add), 12:05:05.417975, 3, npu_aicore
 /model/transformer/h.0/mlp/act/Mul_3_output_0(Mul), 12:05:05.417976, 4, npu_aicore
 /model/transformer/h.0/mlp/c_proj/Reshape_output_0(Reshape), 12:05:05.417976, 3, npu_aicore
 /model/transformer/h.0/mlp/c_proj/Gemm_output_0__matmul_converted_MatMul(MatMulV2), 12:05:05.417976, 24, npu_aicore
 hidden_block0(Add), 12:05:05.417977, 3, npu_aicore
 netoutput_cast_23(CastT), 12:05:05.417977, 5, npu_aicore
 graphop_data_cast_30(CastT), 12:05:05.417977, 4, npu_aicore
 transdata_for_nd_22(TransData), 12:05:05.417978, 8, npu_aicore
 /model/transformer/h.1/ln_1/LayerNormalization_output_0(LayerNorm), 12:05:05.417978, 7, npu_aicore
 transdata_for_nd_23(TransData), 12:05:05.417978, 7, npu_aicore
 /model/transformer/h.1/attn/c_attn/Reshape_output_0(Reshape), 12:05:05.417979, 4, npu_aicore
 /model/transformer/h.1/attn/c_attn/Gemm_output_0__matmul_converted_MatMul(MatMulV2), 12:05:05.417979, 23, npu_aicore
 /model/transformer/h.1/attn/Split_output_0(SplitD), 12:05:05.417980, 8, npu_aicore
 /model/transformer/h.1/attn/Transpose_1_output_0(Permute), 12:05:05.417980, 3, npu_aicore
 /model/transformer/h.1/attn/Transpose_2_output_0(Permute), 12:05:05.417980, 3, npu_aicore
 /model/transformer/h.1/attn/Transpose_output_0(Permute), 12:05:05.417980, 3, npu_aicore
 /model/transformer/h.1/attn/Mul_1_output_0(Mul), 12:05:05.417981, 3, npu_aicore
 /model/transformer/h.1/attn/Mul_output_0(Mul), 12:05:05.417981, 2, npu_aicore
 /model/transformer/h.1/attn/MatMul_output_0(BatchMatMulV2), 12:05:05.417981, 24, npu_aicore
 /model/transformer/h.1/attn/Add_output_0(Add), 12:05:05.417982, 4, npu_aicore
 /model/transformer/h.1/attn/Softmax_output_0(Softmax), 12:05:05.417982, 4, npu_aicore
 /model/transformer/h.1/attn/MatMul_1_output_0(BatchMatMulV2), 12:05:05.417982, 23, npu_aicore
 /model/transformer/h.1/attn/Transpose_3_output_0(Permute), 12:05:05.417982, 4, npu_aicore
 /model/transformer/h.1/attn/c_proj/Reshape_output_0(Reshape), 12:05:05.417982, 3, npu_aicore
 /model/transformer/h.1/attn/c_proj/Gemm_output_0__matmul_converted_MatMul(MatMulV2), 12:05:05.417983, 24, npu_aicore
 /model/transformer/h.1/Add_output_0(Add), 12:05:05.417983, 3, npu_aicore
 transdata_for_nd_24(TransData), 12:05:05.417984, 7, npu_aicore
 /model/transformer/h.1/ln_2/LayerNormalization_output_0(LayerNorm), 12:05:05.417984, 6, npu_aicore
 transdata_for_nd_25(TransData), 12:05:05.417984, 7, npu_aicore
 /model/transformer/h.1/mlp/c_fc/Reshape_output_0(Reshape), 12:05:05.417985, 4, npu_aicore
 /model/transformer/h.1/mlp/c_fc/Gemm_output_0__matmul_converted_MatMul(MatMulV2), 12:05:05.417985, 24, npu_aicore
 transdata_for_nd_26(TransData), 12:05:05.417985, 6, npu_aicore
 /model/transformer/h.1/mlp/act/Mul_output_0(Mul), 12:05:05.417986, 3, npu_aicore
 /model/transformer/h.1/mlp/act/Pow_output_0(Pow), 12:05:05.417986, 3, npu_aicore
 transdata_for_nd_27(TransData), 12:05:05.417987, 4, npu_aicore
 /model/transformer/h.1/mlp/act/Mul_1_output_0(Mul), 12:05:05.417987, 2, npu_aicore
 /model/transformer/h.1/mlp/act/Add_output_0(Add), 12:05:05.417987, 2, npu_aicore
 /model/transformer/h.1/mlp/act/Mul_2_output_0(Mul), 12:05:05.417988, 2, npu_aicore
 /model/transformer/h.1/mlp/act/Tanh_output_0(Activation), 12:05:05.417988, 2, npu_aicore
 /model/transformer/h.1/mlp/act/Add_1_output_0(Add), 12:05:05.417988, 2, npu_aicore
 /model/transformer/h.1/mlp/act/Mul_3_output_0(Mul), 12:05:05.417989, 2, npu_aicore
 /model/transformer/h.1/mlp/c_proj/Reshape_output_0(Reshape), 12:05:05.417989, 3, npu_aicore
 /model/transformer/h.1/mlp/c_proj/Gemm_output_0__matmul_converted_MatMul(MatMulV2), 12:05:05.417990, 24, npu_aicore
 /model/transformer/h.1/Add_1_output_0(Add), 12:05:05.417990, 3, npu_aicore
 transdata_for_nd_28(TransData), 12:05:05.417990, 6, npu_aicore
 /model/transformer/ln_f/LayerNormalization_output_0(LayerNorm), 12:05:05.417991, 6, npu_aicore
 transdata_for_nd_29(TransData), 12:05:05.417991, 6, npu_aicore
 hidden_block1(Reshape), 12:05:05.417991, 4, npu_aicore
 logits__matmul_converted_MatMul_InReshape(Reshape), 12:05:05.417992, 8, npu_aicore
 logits__matmul_converted_MatMul(MatMulV2), 12:05:05.417992, 427, npu_aicore
 logits(Reshape), 12:05:05.417992, 104, npu_aicore
 /Reshape_output_0(Reshape), 12:05:05.417992, 20, npu_aicore
 netoutput_cast_6(CastT), 12:05:05.417993, 5, npu_aicore
 graphop_data_cast_14(CastT), 12:05:05.417993, 3, npu_aicore
 transdata_for_nd_16(TransData), 12:05:05.417994, 5, npu_aicore
 /model/transformer/h.0/ln_1/LayerNormalization_output_0(LayerNorm), 12:05:05.417994, 5, npu_aicore
 transdata_for_nd_17(TransData), 12:05:05.417994, 5, npu_aicore
 /model/transformer/h.0/attn/c_attn/Reshape_output_0(Reshape), 12:05:05.417995, 2, npu_aicore
 /model/transformer/h.0/attn/c_attn/Gemm_output_0__matmul_converted_MatMul(MatMulV2), 12:05:05.417995, 20, npu_aicore
 /model/transformer/h.0/attn/Split_output_0(SplitD), 12:05:05.417995, 7, npu_aicore
 /model/transformer/h.0/attn/Transpose_1_output_0(Permute), 12:05:05.417996, 2, npu_aicore
 /model/transformer/h.0/attn/Transpose_2_output_0(Permute), 12:05:05.417996, 2, npu_aicore
 /model/transformer/h.0/attn/Transpose_output_0(Permute), 12:05:05.417996, 2, npu_aicore
 /model/transformer/h.0/attn/Mul_1_output_0(Mul), 12:05:05.417996, 2, npu_aicore
 /model/transformer/h.0/attn/Mul_output_0(Mul), 12:05:05.417997, 2, npu_aicore
 /model/transformer/h.0/attn/MatMul_output_0(BatchMatMulV2), 12:05:05.417997, 19, npu_aicore
 /model/transformer/h.0/attn/Add_output_0(Add), 12:05:05.417997, 3, npu_aicore
 /model/transformer/h.0/attn/Softmax_output_0(Softmax), 12:05:05.417998, 3, npu_aicore
 /model/transformer/h.0/attn/MatMul_1_output_0(BatchMatMulV2), 12:05:05.417998, 19, npu_aicore
 /model/transformer/h.0/attn/Transpose_3_output_0(Permute), 12:05:05.417998, 2, npu_aicore
 /model/transformer/h.0/attn/c_proj/Reshape_output_0(Reshape), 12:05:05.417998, 2, npu_aicore
 /model/transformer/h.0/attn/c_proj/Gemm_output_0__matmul_converted_MatMul(MatMulV2), 12:05:05.417999, 19, npu_aicore
 /model/transformer/h.0/Add_output_0(Add), 12:05:05.417999, 2, npu_aicore
 transdata_for_nd_18(TransData), 12:05:05.418000, 5, npu_aicore
 /model/transformer/h.0/ln_2/LayerNormalization_output_0(LayerNorm), 12:05:05.418000, 5, npu_aicore
 transdata_for_nd_19(TransData), 12:05:05.418000, 5, npu_aicore
 /model/transformer/h.0/mlp/c_fc/Reshape_output_0(Reshape), 12:05:05.418001, 2, npu_aicore
 /model/transformer/h.0/mlp/c_fc/Gemm_output_0__matmul_converted_MatMul(MatMulV2), 12:05:05.418001, 19, npu_aicore
 transdata_for_nd_20(TransData), 12:05:05.418002, 5, npu_aicore
 /model/transformer/h.0/mlp/act/Mul_output_0(Mul), 12:05:05.418002, 2, npu_aicore
 /model/transformer/h.0/mlp/act/Pow_output_0(Pow), 12:05:05.418002, 2, npu_aicore
 transdata_for_nd_21(TransData), 12:05:05.418003, 3, npu_aicore
 /model/transformer/h.0/mlp/act/Mul_1_output_0(Mul), 12:05:05.418003, 2, npu_aicore
 /model/transformer/h.0/mlp/act/Add_output_0(Add), 12:05:05.418003, 2, npu_aicore
 /model/transformer/h.0/mlp/act/Mul_2_output_0(Mul), 12:05:05.418003, 2, npu_aicore
 /model/transformer/h.0/mlp/act/Tanh_output_0(Activation), 12:05:05.418004, 2, npu_aicore
 /model/transformer/h.0/mlp/act/Add_1_output_0(Add), 12:05:05.418004, 2, npu_aicore
 /model/transformer/h.0/mlp/act/Mul_3_output_0(Mul), 12:05:05.418005, 2, npu_aicore
 /model/transformer/h.0/mlp/c_proj/Reshape_output_0(Reshape), 12:05:05.418005, 2, npu_aicore
 /model/transformer/h.0/mlp/c_proj/Gemm_output_0__matmul_converted_MatMul(MatMulV2), 12:05:05.418005, 20, npu_aicore
 hidden_block0(Add), 12:05:05.418006, 2, npu_aicore
 netoutput_cast_23(CastT), 12:05:05.418006, 3, npu_aicore
 graphop_data_cast_30(CastT), 12:05:05.418006, 3, npu_aicore
 transdata_for_nd_22(TransData), 12:05:05.418007, 5, npu_aicore
 /model/transformer/h.1/ln_1/LayerNormalization_output_0(LayerNorm), 12:05:05.418007, 5, npu_aicore
 transdata_for_nd_23(TransData), 12:05:05.418007, 5, npu_aicore
 /model/transformer/h.1/attn/c_attn/Reshape_output_0(Reshape), 12:05:05.418008, 2, npu_aicore
 /model/transformer/h.1/attn/c_attn/Gemm_output_0__matmul_converted_MatMul(MatMulV2), 12:05:05.418008, 19, npu_aicore
 /model/transformer/h.1/attn/Split_output_0(SplitD), 12:05:05.418009, 6, npu_aicore
 /model/transformer/h.1/attn/Transpose_1_output_0(Permute), 12:05:05.418009, 2, npu_aicore
 /model/transformer/h.1/attn/Transpose_2_output_0(Permute), 12:05:05.418009, 2, npu_aicore
 /model/transformer/h.1/attn/Transpose_output_0(Permute), 12:05:05.418010, 2, npu_aicore
 /model/transformer/h.1/attn/Mul_1_output_0(Mul), 12:05:05.418010, 2, npu_aicore
 /model/transformer/h.1/attn/Mul_output_0(Mul), 12:05:05.418010, 2, npu_aicore
 /model/transformer/h.1/attn/MatMul_output_0(BatchMatMulV2), 12:05:05.418011, 19, npu_aicore
 /model/transformer/h.1/attn/Add_output_0(Add), 12:05:05.418011, 3, npu_aicore
 /model/transformer/h.1/attn/Softmax_output_0(Softmax), 12:05:05.418012, 3, npu_aicore
 /model/transformer/h.1/attn/MatMul_1_output_0(BatchMatMulV2), 12:05:05.418012, 19, npu_aicore
 /model/transformer/h.1/attn/Transpose_3_output_0(Permute), 12:05:05.418012, 2, npu_aicore
 /model/transformer/h.1/attn/c_proj/Reshape_output_0(Reshape), 12:05:05.418013, 3, npu_aicore
 /model/transformer/h.1/attn/c_proj/Gemm_output_0__matmul_converted_MatMul(MatMulV2), 12:05:05.418013, 19, npu_aicore
 /model/transformer/h.1/Add_output_0(Add), 12:05:05.418013, 2, npu_aicore
 transdata_for_nd_24(TransData), 12:05:05.418014, 5, npu_aicore
 /model/transformer/h.1/ln_2/LayerNormalization_output_0(LayerNorm), 12:05:05.418014, 5, npu_aicore
 transdata_for_nd_25(TransData), 12:05:05.418014, 5, npu_aicore
 /model/transformer/h.1/mlp/c_fc/Reshape_output_0(Reshape), 12:05:05.418015, 2, npu_aicore
 /model/transformer/h.1/mlp/c_fc/Gemm_output_0__matmul_converted_MatMul(MatMulV2), 12:05:05.418015, 19, npu_aicore
 transdata_for_nd_26(TransData), 12:05:05.418015, 5, npu_aicore
 /model/transformer/h.1/mlp/act/Mul_output_0(Mul), 12:05:05.418016, 2, npu_aicore
 /model/transformer/h.1/mlp/act/Pow_output_0(Pow), 12:05:05.418016, 2, npu_aicore
 transdata_for_nd_27(TransData), 12:05:05.418016, 3, npu_aicore
 /model/transformer/h.1/mlp/act/Mul_1_output_0(Mul), 12:05:05.418017, 2, npu_aicore
 /model/transformer/h.1/mlp/act/Add_output_0(Add), 12:05:05.418017, 2, npu_aicore
 /model/transformer/h.1/mlp/act/Mul_2_output_0(Mul), 12:05:05.418017, 2, npu_aicore
 /model/transformer/h.1/mlp/act/Tanh_output_0(Activation), 12:05:05.418018, 2, npu_aicore
 /model/transformer/h.1/mlp/act/Add_1_output_0(Add), 12:05:05.418018, 2, npu_aicore
 /model/transformer/h.1/mlp/act/Mul_3_output_0(Mul), 12:05:05.418019, 2, npu_aicore
 /model/transformer/h.1/mlp/c_proj/Reshape_output_0(Reshape), 12:05:05.418019, 2, npu_aicore
 /model/transformer/h.1/mlp/c_proj/Gemm_output_0__matmul_converted_MatMul(MatMulV2), 12:05:05.418019, 19, npu_aicore
 /model/transformer/h.1/Add_1_output_0(Add), 12:05:05.418020, 2, npu_aicore
 transdata_for_nd_28(TransData), 12:05:05.418020, 5, npu_aicore
 /model/transformer/ln_f/LayerNormalization_output_0(LayerNorm), 12:05:05.418020, 5, npu_aicore
 transdata_for_nd_29(TransData), 12:05:05.418021, 5, npu_aicore
 hidden_block1(Reshape), 12:05:05.418021, 2, npu_aicore
 logits__matmul_converted_MatMul_InReshape(Reshape), 12:05:05.418021, 6, npu_aicore
 logits__matmul_converted_MatMul(MatMulV2), 12:05:05.418022, 423, npu_aicore
 logits(Reshape), 12:05:05.418022, 70, npu_aicore
 /Reshape_output_0(Reshape), 12:05:05.418022, 21, npu_aicore
 netoutput_cast_6(CastT), 12:05:05.418023, 5, npu_aicore
 graphop_data_cast_14(CastT), 12:05:05.418023, 3, npu_aicore
 transdata_for_nd_16(TransData), 12:05:05.418023, 5, npu_aicore
 /model/transformer/h.0/ln_1/LayerNormalization_output_0(LayerNorm), 12:05:05.418024, 5, npu_aicore
 transdata_for_nd_17(TransData), 12:05:05.418024, 5, npu_aicore
 /model/transformer/h.0/attn/c_attn/Reshape_output_0(Reshape), 12:05:05.418025, 2, npu_aicore
 /model/transformer/h.0/attn/c_attn/Gemm_output_0__matmul_converted_MatMul(MatMulV2), 12:05:05.418025, 21, npu_aicore
 /model/transformer/h.0/attn/Split_output_0(SplitD), 12:05:05.418025, 7, npu_aicore
 /model/transformer/h.0/attn/Transpose_1_output_0(Permute), 12:05:05.418026, 3, npu_aicore
 /model/transformer/h.0/attn/Transpose_2_output_0(Permute), 12:05:05.418026, 2, npu_aicore
 /model/transformer/h.0/attn/Transpose_output_0(Permute), 12:05:05.418026, 3, npu_aicore
 /model/transformer/h.0/attn/Mul_1_output_0(Mul), 12:05:05.418027, 3, npu_aicore
 /model/transformer/h.0/attn/Mul_output_0(Mul), 12:05:05.418027, 2, npu_aicore
 /model/transformer/h.0/attn/MatMul_output_0(BatchMatMulV2), 12:05:05.418027, 20, npu_aicore
 /model/transformer/h.0/attn/Add_output_0(Add), 12:05:05.418027, 3, npu_aicore
 /model/transformer/h.0/attn/Softmax_output_0(Softmax), 12:05:05.418028, 3, npu_aicore
 /model/transformer/h.0/attn/MatMul_1_output_0(BatchMatMulV2), 12:05:05.418028, 19, npu_aicore
 /model/transformer/h.0/attn/Transpose_3_output_0(Permute), 12:05:05.418028, 3, npu_aicore
 /model/transformer/h.0/attn/c_proj/Reshape_output_0(Reshape), 12:05:05.418029, 3, npu_aicore
 /model/transformer/h.0/attn/c_proj/Gemm_output_0__matmul_converted_MatMul(MatMulV2), 12:05:05.418029, 21, npu_aicore
 /model/transformer/h.0/Add_output_0(Add), 12:05:05.418029, 2, npu_aicore
 transdata_for_nd_18(TransData), 12:05:05.418030, 5, npu_aicore
 /model/transformer/h.0/ln_2/LayerNormalization_output_0(LayerNorm), 12:05:05.418030, 6, npu_aicore
 transdata_for_nd_19(TransData), 12:05:05.418030, 6, npu_aicore
 /model/transformer/h.0/mlp/c_fc/Reshape_output_0(Reshape), 12:05:05.418031, 2, npu_aicore
 /model/transformer/h.0/mlp/c_fc/Gemm_output_0__matmul_converted_MatMul(MatMulV2), 12:05:05.418031, 20, npu_aicore
 transdata_for_nd_20(TransData), 12:05:05.418032, 5, npu_aicore
 /model/transformer/h.0/mlp/act/Mul_output_0(Mul), 12:05:05.418032, 2, npu_aicore
 /model/transformer/h.0/mlp/act/Pow_output_0(Pow), 12:05:05.418032, 3, npu_aicore
 transdata_for_nd_21(TransData), 12:05:05.418032, 3, npu_aicore
 /model/transformer/h.0/mlp/act/Mul_1_output_0(Mul), 12:05:05.418033, 2, npu_aicore
 /model/transformer/h.0/mlp/act/Add_output_0(Add), 12:05:05.418034, 2, npu_aicore
 /model/transformer/h.0/mlp/act/Mul_2_output_0(Mul), 12:05:05.418034, 2, npu_aicore
 /model/transformer/h.0/mlp/act/Tanh_output_0(Activation), 12:05:05.418034, 2, npu_aicore
 /model/transformer/h.0/mlp/act/Add_1_output_0(Add), 12:05:05.418035, 2, npu_aicore
 /model/transformer/h.0/mlp/act/Mul_3_output_0(Mul), 12:05:05.418035, 2, npu_aicore
 /model/transformer/h.0/mlp/c_proj/Reshape_output_0(Reshape), 12:05:05.418035, 2, npu_aicore
 /model/transformer/h.0/mlp/c_proj/Gemm_output_0__matmul_converted_MatMul(MatMulV2), 12:05:05.418036, 20, npu_aicore
 hidden_block0(Add), 12:05:05.418036, 2, npu_aicore
 netoutput_cast_23(CastT), 12:05:05.418037, 3, npu_aicore
 graphop_data_cast_30(CastT), 12:05:05.418037, 3, npu_aicore
 transdata_for_nd_22(TransData), 12:05:05.418037, 5, npu_aicore
 /model/transformer/h.1/ln_1/LayerNormalization_output_0(LayerNorm), 12:05:05.418038, 5, npu_aicore
 transdata_for_nd_23(TransData), 12:05:05.418038, 5, npu_aicore
 /model/transformer/h.1/attn/c_attn/Reshape_output_0(Reshape), 12:05:05.418038, 3, npu_aicore
 /model/transformer/h.1/attn/c_attn/Gemm_output_0__matmul_converted_MatMul(MatMulV2), 12:05:05.418039, 20, npu_aicore
 /model/transformer/h.1/attn/Split_output_0(SplitD), 12:05:05.418039, 7, npu_aicore
 /model/transformer/h.1/attn/Transpose_1_output_0(Permute), 12:05:05.418040, 3, npu_aicore
 /model/transformer/h.1/attn/Transpose_2_output_0(Permute), 12:05:05.418040, 2, npu_aicore
 /model/transformer/h.1/attn/Transpose_output_0(Permute), 12:05:05.418040, 3, npu_aicore
 /model/transformer/h.1/attn/Mul_1_output_0(Mul), 12:05:05.418041, 2, npu_aicore
 /model/transformer/h.1/attn/Mul_output_0(Mul), 12:05:05.418041, 2, npu_aicore
 /model/transformer/h.1/attn/MatMul_output_0(BatchMatMulV2), 12:05:05.418042, 20, npu_aicore
 /model/transformer/h.1/attn/Add_output_0(Add), 12:05:05.418042, 3, npu_aicore
 /model/transformer/h.1/attn/Softmax_output_0(Softmax), 12:05:05.418043, 3, npu_aicore
 /model/transformer/h.1/attn/MatMul_1_output_0(BatchMatMulV2), 12:05:05.418043, 20, npu_aicore
 /model/transformer/h.1/attn/Transpose_3_output_0(Permute), 12:05:05.418044, 3, npu_aicore
 /model/transformer/h.1/attn/c_proj/Reshape_output_0(Reshape), 12:05:05.418044, 3, npu_aicore
 /model/transformer/h.1/attn/c_proj/Gemm_output_0__matmul_converted_MatMul(MatMulV2), 12:05:05.418044, 20, npu_aicore
 /model/transformer/h.1/Add_output_0(Add), 12:05:05.418044, 2, npu_aicore
 transdata_for_nd_24(TransData), 12:05:05.418045, 5, npu_aicore
 /model/transformer/h.1/ln_2/LayerNormalization_output_0(LayerNorm), 12:05:05.418045, 6, npu_aicore
 transdata_for_nd_25(TransData), 12:05:05.418045, 6, npu_aicore
 /model/transformer/h.1/mlp/c_fc/Reshape_output_0(Reshape), 12:05:05.418046, 2, npu_aicore
 /model/transformer/h.1/mlp/c_fc/Gemm_output_0__matmul_converted_MatMul(MatMulV2), 12:05:05.418046, 20, npu_aicore
 transdata_for_nd_26(TransData), 12:05:05.418046, 5, npu_aicore
 /model/transformer/h.1/mlp/act/Mul_output_0(Mul), 12:05:05.418047, 2, npu_aicore
 /model/transformer/h.1/mlp/act/Pow_output_0(Pow), 12:05:05.418047, 3, npu_aicore
 transdata_for_nd_27(TransData), 12:05:05.418047, 3, npu_aicore
 /model/transformer/h.1/mlp/act/Mul_1_output_0(Mul), 12:05:05.418048, 2, npu_aicore
 /model/transformer/h.1/mlp/act/Add_output_0(Add), 12:05:05.418048, 2, npu_aicore
 /model/transformer/h.1/mlp/act/Mul_2_output_0(Mul), 12:05:05.418049, 2, npu_aicore
 /model/transformer/h.1/mlp/act/Tanh_output_0(Activation), 12:05:05.418049, 2, npu_aicore
 /model/transformer/h.1/mlp/act/Add_1_output_0(Add), 12:05:05.418049, 2, npu_aicore
 /model/transformer/h.1/mlp/act/Mul_3_output_0(Mul), 12:05:05.418049, 2, npu_aicore
 /model/transformer/h.1/mlp/c_proj/Reshape_output_0(Reshape), 12:05:05.418050, 2, npu_aicore
 /model/transformer/h.1/mlp/c_proj/Gemm_output_0__matmul_converted_MatMul(MatMulV2), 12:05:05.418050, 20, npu_aicore
 /model/transformer/h.1/Add_1_output_0(Add), 12:05:05.418050, 2, npu_aicore
 transdata_for_nd_28(TransData), 12:05:05.418050, 5, npu_aicore
 /model/transformer/ln_f/LayerNormalization_output_0(LayerNorm), 12:05:05.418051, 5, npu_aicore
 transdata_for_nd_29(TransData), 12:05:05.418051, 5, npu_aicore
 hidden_block1(Reshape), 12:05:05.418052, 6, npu_aicore
 logits__matmul_converted_MatMul_InReshape(Reshape), 12:05:05.418052, 6, npu_aicore
 logits__matmul_converted_MatMul(MatMulV2), 12:05:05.418052, 424, npu_aicore
 logits(Reshape), 12:05:05.418053, 70, npu_aicore
 /Reshape_output_0(Reshape), 12:05:05.418053, 21, npu_aicore
 netoutput_cast_6(CastT), 12:05:05.418053, 5, npu_aicore
 graphop_data_cast_14(CastT), 12:05:05.418053, 3, npu_aicore
 transdata_for_nd_16(TransData), 12:05:05.418054, 5, npu_aicore
 /model/transformer/h.0/ln_1/LayerNormalization_output_0(LayerNorm), 12:05:05.418054, 5, npu_aicore
 transdata_for_nd_17(TransData), 12:05:05.418054, 5, npu_aicore
 /model/transformer/h.0/attn/c_attn/Reshape_output_0(Reshape), 12:05:05.418055, 3, npu_aicore
 /model/transformer/h.0/attn/c_attn/Gemm_output_0__matmul_converted_MatMul(MatMulV2), 12:05:05.418055, 21, npu_aicore
 /model/transformer/h.0/attn/Split_output_0(SplitD), 12:05:05.418055, 7, npu_aicore
 /model/transformer/h.0/attn/Transpose_1_output_0(Permute), 12:05:05.418056, 3, npu_aicore
 /model/transformer/h.0/attn/Transpose_2_output_0(Permute), 12:05:05.418056, 2, npu_aicore
 /model/transformer/h.0/attn/Transpose_output_0(Permute), 12:05:05.418057, 3, npu_aicore
 /model/transformer/h.0/attn/Mul_1_output_0(Mul), 12:05:05.418057, 3, npu_aicore
 /model/transformer/h.0/attn/Mul_output_0(Mul), 12:05:05.418057, 2, npu_aicore
 /model/transformer/h.0/attn/MatMul_output_0(BatchMatMulV2), 12:05:05.418058, 20, npu_aicore
 /model/transformer/h.0/attn/Add_output_0(Add), 12:05:05.418058, 3, npu_aicore
 /model/transformer/h.0/attn/Softmax_output_0(Softmax), 12:05:05.418059, 3, npu_aicore
 /model/transformer/h.0/attn/MatMul_1_output_0(BatchMatMulV2), 12:05:05.418059, 19, npu_aicore
 /model/transformer/h.0/attn/Transpose_3_output_0(Permute), 12:05:05.418059, 3, npu_aicore
 /model/transformer/h.0/attn/c_proj/Reshape_output_0(Reshape), 12:05:05.418059, 3, npu_aicore
 /model/transformer/h.0/attn/c_proj/Gemm_output_0__matmul_converted_MatMul(MatMulV2), 12:05:05.418060, 21, npu_aicore
 /model/transformer/h.0/Add_output_0(Add), 12:05:05.418060, 2, npu_aicore
 transdata_for_nd_18(TransData), 12:05:05.418060, 5, npu_aicore
 /model/transformer/h.0/ln_2/LayerNormalization_output_0(LayerNorm), 12:05:05.418061, 6, npu_aicore
 transdata_for_nd_19(TransData), 12:05:05.418061, 6, npu_aicore
 /model/transformer/h.0/mlp/c_fc/Reshape_output_0(Reshape), 12:05:05.418061, 3, npu_aicore
 /model/transformer/h.0/mlp/c_fc/Gemm_output_0__matmul_converted_MatMul(MatMulV2), 12:05:05.418062, 20, npu_aicore
 transdata_for_nd_20(TransData), 12:05:05.418062, 5, npu_aicore
 /model/transformer/h.0/mlp/act/Mul_output_0(Mul), 12:05:05.418062, 2, npu_aicore
 /model/transformer/h.0/mlp/act/Pow_output_0(Pow), 12:05:05.418063, 3, npu_aicore
 transdata_for_nd_21(TransData), 12:05:05.418063, 3, npu_aicore
 /model/transformer/h.0/mlp/act/Mul_1_output_0(Mul), 12:05:05.418064, 2, npu_aicore
 /model/transformer/h.0/mlp/act/Add_output_0(Add), 12:05:05.418064, 2, npu_aicore
 /model/transformer/h.0/mlp/act/Mul_2_output_0(Mul), 12:05:05.418064, 2, npu_aicore
 /model/transformer/h.0/mlp/act/Tanh_output_0(Activation), 12:05:05.418065, 2, npu_aicore
 /model/transformer/h.0/mlp/act/Add_1_output_0(Add), 12:05:05.418065, 2, npu_aicore
 /model/transformer/h.0/mlp/act/Mul_3_output_0(Mul), 12:05:05.418065, 2, npu_aicore
 /model/transformer/h.0/mlp/c_proj/Reshape_output_0(Reshape), 12:05:05.418066, 2, npu_aicore
 /model/transformer/h.0/mlp/c_proj/Gemm_output_0__matmul_converted_MatMul(MatMulV2), 12:05:05.418066, 20, npu_aicore
 hidden_block0(Add), 12:05:05.418066, 2, npu_aicore
 netoutput_cast_23(CastT), 12:05:05.418066, 3, npu_aicore
 graphop_data_cast_30(CastT), 12:05:05.418067, 3, npu_aicore
 transdata_for_nd_22(TransData), 12:05:05.418067, 5, npu_aicore
 /model/transformer/h.1/ln_1/LayerNormalization_output_0(LayerNorm), 12:05:05.418067, 5, npu_aicore
 transdata_for_nd_23(TransData), 12:05:05.418068, 5, npu_aicore
 /model/transformer/h.1/attn/c_attn/Reshape_output_0(Reshape), 12:05:05.418068, 3, npu_aicore
 /model/transformer/h.1/attn/c_attn/Gemm_output_0__matmul_converted_MatMul(MatMulV2), 12:05:05.418069, 19, npu_aicore
 /model/transformer/h.1/attn/Split_output_0(SplitD), 12:05:05.418069, 7, npu_aicore
 /model/transformer/h.1/attn/Transpose_1_output_0(Permute), 12:05:05.418069, 3, npu_aicore
 /model/transformer/h.1/attn/Transpose_2_output_0(Permute), 12:05:05.418069, 3, npu_aicore
 /model/transformer/h.1/attn/Transpose_output_0(Permute), 12:05:05.418070, 3, npu_aicore
 /model/transformer/h.1/attn/Mul_1_output_0(Mul), 12:05:05.418070, 2, npu_aicore
 /model/transformer/h.1/attn/Mul_output_0(Mul), 12:05:05.418070, 2, npu_aicore
 /model/transformer/h.1/attn/MatMul_output_0(BatchMatMulV2), 12:05:05.418070, 20, npu_aicore
 /model/transformer/h.1/attn/Add_output_0(Add), 12:05:05.418071, 3, npu_aicore
 /model/transformer/h.1/attn/Softmax_output_0(Softmax), 12:05:05.418071, 3, npu_aicore
 /model/transformer/h.1/attn/MatMul_1_output_0(BatchMatMulV2), 12:05:05.418071, 20, npu_aicore
 /model/transformer/h.1/attn/Transpose_3_output_0(Permute), 12:05:05.418072, 4, npu_aicore
 /model/transformer/h.1/attn/c_proj/Reshape_output_0(Reshape), 12:05:05.418072, 3, npu_aicore
 /model/transformer/h.1/attn/c_proj/Gemm_output_0__matmul_converted_MatMul(MatMulV2), 12:05:05.418072, 20, npu_aicore
 /model/transformer/h.1/Add_output_0(Add), 12:05:05.418073, 2, npu_aicore
 transdata_for_nd_24(TransData), 12:05:05.418073, 5, npu_aicore
 /model/transformer/h.1/ln_2/LayerNormalization_output_0(LayerNorm), 12:05:05.418074, 6, npu_aicore
 transdata_for_nd_25(TransData), 12:05:05.418074, 6, npu_aicore
 /model/transformer/h.1/mlp/c_fc/Reshape_output_0(Reshape), 12:05:05.418074, 2, npu_aicore
 /model/transformer/h.1/mlp/c_fc/Gemm_output_0__matmul_converted_MatMul(MatMulV2), 12:05:05.418075, 21, npu_aicore
 transdata_for_nd_26(TransData), 12:05:05.418075, 5, npu_aicore
 /model/transformer/h.1/mlp/act/Mul_output_0(Mul), 12:05:05.418076, 2, npu_aicore
 /model/transformer/h.1/mlp/act/Pow_output_0(Pow), 12:05:05.418076, 2, npu_aicore
 transdata_for_nd_27(TransData), 12:05:05.418076, 3, npu_aicore
 /model/transformer/h.1/mlp/act/Mul_1_output_0(Mul), 12:05:05.418077, 2, npu_aicore
 /model/transformer/h.1/mlp/act/Add_output_0(Add), 12:05:05.418077, 2, npu_aicore
 /model/transformer/h.1/mlp/act/Mul_2_output_0(Mul), 12:05:05.418077, 2, npu_aicore
 /model/transformer/h.1/mlp/act/Tanh_output_0(Activation), 12:05:05.418078, 2, npu_aicore
 /model/transformer/h.1/mlp/act/Add_1_output_0(Add), 12:05:05.418078, 2, npu_aicore
 /model/transformer/h.1/mlp/act/Mul_3_output_0(Mul), 12:05:05.418079, 2, npu_aicore
 /model/transformer/h.1/mlp/c_proj/Reshape_output_0(Reshape), 12:05:05.418079, 2, npu_aicore
 /model/transformer/h.1/mlp/c_proj/Gemm_output_0__matmul_converted_MatMul(MatMulV2), 12:05:05.418079, 20, npu_aicore
 /model/transformer/h.1/Add_1_output_0(Add), 12:05:05.418080, 2, npu_aicore
 transdata_for_nd_28(TransData), 12:05:05.418080, 5, npu_aicore
 /model/transformer/ln_f/LayerNormalization_output_0(LayerNorm), 12:05:05.418081, 5, npu_aicore
 transdata_for_nd_29(TransData), 12:05:05.418081, 5, npu_aicore
 hidden_block1(Reshape), 12:05:05.418081, 5, npu_aicore
 logits__matmul_converted_MatMul_InReshape(Reshape), 12:05:05.418081, 6, npu_aicore
 logits__matmul_converted_MatMul(MatMulV2), 12:05:05.418082, 423, npu_aicore
 logits(Reshape), 12:05:05.418082, 70, npu_aicore
 /Reshape_output_0(Reshape), 12:05:05.418082, 21, npu_aicore
 netoutput_cast_6(CastT), 12:05:05.418083, 5, npu_aicore
 graphop_data_cast_14(CastT), 12:05:05.418083, 3, npu_aicore
 transdata_for_nd_16(TransData), 12:05:05.418083, 5, npu_aicore
 /model/transformer/h.0/ln_1/LayerNormalization_output_0(LayerNorm), 12:05:05.418084, 5, npu_aicore
 transdata_for_nd_17(TransData), 12:05:05.418084, 5, npu_aicore
 /model/transformer/h.0/attn/c_attn/Reshape_output_0(Reshape), 12:05:05.418085, 2, npu_aicore
 /model/transformer/h.0/attn/c_attn/Gemm_output_0__matmul_converted_MatMul(MatMulV2), 12:05:05.418085, 20, npu_aicore
 /model/transformer/h.0/attn/Split_output_0(SplitD), 12:05:05.418085, 7, npu_aicore
 /model/transformer/h.0/attn/Transpose_1_output_0(Permute), 12:05:05.418086, 2, npu_aicore
 /model/transformer/h.0/attn/Transpose_2_output_0(Permute), 12:05:05.418086, 2, npu_aicore
 /model/transformer/h.0/attn/Transpose_output_0(Permute), 12:05:05.418086, 2, npu_aicore
 /model/transformer/h.0/attn/Mul_1_output_0(Mul), 12:05:05.418087, 3, npu_aicore
 /model/transformer/h.0/attn/Mul_output_0(Mul), 12:05:05.418087, 2, npu_aicore
 /model/transformer/h.0/attn/MatMul_output_0(BatchMatMulV2), 12:05:05.418087, 20, npu_aicore
 /model/transformer/h.0/attn/Add_output_0(Add), 12:05:05.418087, 3, npu_aicore
 /model/transformer/h.0/attn/Softmax_output_0(Softmax), 12:05:05.418087, 4, npu_aicore
 /model/transformer/h.0/attn/MatMul_1_output_0(BatchMatMulV2), 12:05:05.418088, 20, npu_aicore
 /model/transformer/h.0/attn/Transpose_3_output_0(Permute), 12:05:05.418088, 3, npu_aicore
 /model/transformer/h.0/attn/c_proj/Reshape_output_0(Reshape), 12:05:05.418089, 2, npu_aicore
 /model/transformer/h.0/attn/c_proj/Gemm_output_0__matmul_converted_MatMul(MatMulV2), 12:05:05.418089, 20, npu_aicore
 /model/transformer/h.0/Add_output_0(Add), 12:05:05.418089, 2, npu_aicore
 transdata_for_nd_18(TransData), 12:05:05.418090, 5, npu_aicore
 /model/transformer/h.0/ln_2/LayerNormalization_output_0(LayerNorm), 12:05:05.418090, 6, npu_aicore
 transdata_for_nd_19(TransData), 12:05:05.418091, 6, npu_aicore
 /model/transformer/h.0/mlp/c_fc/Reshape_output_0(Reshape), 12:05:05.418091, 2, npu_aicore
 /model/transformer/h.0/mlp/c_fc/Gemm_output_0__matmul_converted_MatMul(MatMulV2), 12:05:05.418091, 19, npu_aicore
 transdata_for_nd_20(TransData), 12:05:05.418092, 5, npu_aicore
 /model/transformer/h.0/mlp/act/Mul_output_0(Mul), 12:05:05.418092, 2, npu_aicore
 /model/transformer/h.0/mlp/act/Pow_output_0(Pow), 12:05:05.418092, 3, npu_aicore
 transdata_for_nd_21(TransData), 12:05:05.418093, 3, npu_aicore
 /model/transformer/h.0/mlp/act/Mul_1_output_0(Mul), 12:05:05.418093, 2, npu_aicore
 /model/transformer/h.0/mlp/act/Add_output_0(Add), 12:05:05.418094, 2, npu_aicore
 /model/transformer/h.0/mlp/act/Mul_2_output_0(Mul), 12:05:05.418094, 2, npu_aicore
 /model/transformer/h.0/mlp/act/Tanh_output_0(Activation), 12:05:05.418094, 2, npu_aicore
 /model/transformer/h.0/mlp/act/Add_1_output_0(Add), 12:05:05.418095, 2, npu_aicore
 /model/transformer/h.0/mlp/act/Mul_3_output_0(Mul), 12:05:05.418095, 3, npu_aicore
 /model/transformer/h.0/mlp/c_proj/Reshape_output_0(Reshape), 12:05:05.418095, 2, npu_aicore
 /model/transformer/h.0/mlp/c_proj/Gemm_output_0__matmul_converted_MatMul(MatMulV2), 12:05:05.418096, 20, npu_aicore
 hidden_block0(Add), 12:05:05.418096, 2, npu_aicore
 netoutput_cast_23(CastT), 12:05:05.418096, 3, npu_aicore
 graphop_data_cast_30(CastT), 12:05:05.418097, 3, npu_aicore
 transdata_for_nd_22(TransData), 12:05:05.418097, 5, npu_aicore
 /model/transformer/h.1/ln_1/LayerNormalization_output_0(LayerNorm), 12:05:05.418097, 5, npu_aicore
 transdata_for_nd_23(TransData), 12:05:05.418098, 5, npu_aicore
 /model/transformer/h.1/attn/c_attn/Reshape_output_0(Reshape), 12:05:05.418098, 3, npu_aicore
 /model/transformer/h.1/attn/c_attn/Gemm_output_0__matmul_converted_MatMul(MatMulV2), 12:05:05.418099, 20, npu_aicore
 /model/transformer/h.1/attn/Split_output_0(SplitD), 12:05:05.418099, 7, npu_aicore
 /model/transformer/h.1/attn/Transpose_1_output_0(Permute), 12:05:05.418099, 3, npu_aicore
 /model/transformer/h.1/attn/Transpose_2_output_0(Permute), 12:05:05.418100, 2, npu_aicore
 /model/transformer/h.1/attn/Transpose_output_0(Permute), 12:05:05.418100, 3, npu_aicore
 /model/transformer/h.1/attn/Mul_1_output_0(Mul), 12:05:05.418100, 2, npu_aicore
 /model/transformer/h.1/attn/Mul_output_0(Mul), 12:05:05.418101, 2, npu_aicore
 /model/transformer/h.1/attn/MatMul_output_0(BatchMatMulV2), 12:05:05.418101, 20, npu_aicore
 /model/transformer/h.1/attn/Add_output_0(Add), 12:05:05.418102, 3, npu_aicore
 /model/transformer/h.1/attn/Softmax_output_0(Softmax), 12:05:05.418102, 3, npu_aicore
 /model/transformer/h.1/attn/MatMul_1_output_0(BatchMatMulV2), 12:05:05.418102, 20, npu_aicore
 /model/transformer/h.1/attn/Transpose_3_output_0(Permute), 12:05:05.418103, 4, npu_aicore
 /model/transformer/h.1/attn/c_proj/Reshape_output_0(Reshape), 12:05:05.418103, 2, npu_aicore
 /model/transformer/h.1/attn/c_proj/Gemm_output_0__matmul_converted_MatMul(MatMulV2), 12:05:05.418103, 20, npu_aicore
 /model/transformer/h.1/Add_output_0(Add), 12:05:05.418104, 2, npu_aicore
 transdata_for_nd_24(TransData), 12:05:05.418104, 5, npu_aicore
 /model/transformer/h.1/ln_2/LayerNormalization_output_0(LayerNorm), 12:05:05.418104, 6, npu_aicore
 transdata_for_nd_25(TransData), 12:05:05.418104, 6, npu_aicore
 /model/transformer/h.1/mlp/c_fc/Reshape_output_0(Reshape), 12:05:05.418105, 2, npu_aicore
 /model/transformer/h.1/mlp/c_fc/Gemm_output_0__matmul_converted_MatMul(MatMulV2), 12:05:05.418105, 22, npu_aicore
 transdata_for_nd_26(TransData), 12:05:05.418105, 5, npu_aicore
 /model/transformer/h.1/mlp/act/Mul_output_0(Mul), 12:05:05.418106, 2, npu_aicore
 /model/transformer/h.1/mlp/act/Pow_output_0(Pow), 12:05:05.418106, 3, npu_aicore
 transdata_for_nd_27(TransData), 12:05:05.418107, 3, npu_aicore
 /model/transformer/h.1/mlp/act/Mul_1_output_0(Mul), 12:05:05.418107, 2, npu_aicore
 /model/transformer/h.1/mlp/act/Add_output_0(Add), 12:05:05.418107, 2, npu_aicore
 /model/transformer/h.1/mlp/act/Mul_2_output_0(Mul), 12:05:05.418108, 2, npu_aicore
 /model/transformer/h.1/mlp/act/Tanh_output_0(Activation), 12:05:05.418108, 2, npu_aicore
 /model/transformer/h.1/mlp/act/Add_1_output_0(Add), 12:05:05.418108, 2, npu_aicore
 /model/transformer/h.1/mlp/act/Mul_3_output_0(Mul), 12:05:05.418109, 2, npu_aicore
 /model/transformer/h.1/mlp/c_proj/Reshape_output_0(Reshape), 12:05:05.418110, 2, npu_aicore
 /model/transformer/h.1/mlp/c_proj/Gemm_output_0__matmul_converted_MatMul(MatMulV2), 12:05:05.418110, 20, npu_aicore
 /model/transformer/h.1/Add_1_output_0(Add), 12:05:05.418110, 2, npu_aicore
 transdata_for_nd_28(TransData), 12:05:05.418110, 5, npu_aicore
 /model/transformer/ln_f/LayerNormalization_output_0(LayerNorm), 12:05:05.418111, 5, npu_aicore
 transdata_for_nd_29(TransData), 12:05:05.418111, 5, npu_aicore
 hidden_block1(Reshape), 12:05:05.418112, 6, npu_aicore
 logits__matmul_converted_MatMul_InReshape(Reshape), 12:05:05.418112, 7, npu_aicore
 logits__matmul_converted_MatMul(MatMulV2), 12:05:05.418113, 424, npu_aicore
 logits(Reshape), 12:05:05.418113, 105, npu_aicore
 /Reshape_output_0(Reshape), 12:05:05.418113, 21, npu_aicore
 netoutput_cast_6(CastT), 12:05:05.418114, 5, npu_aicore
 graphop_data_cast_14(CastT), 12:05:05.418114, 4, npu_aicore
 transdata_for_nd_16(TransData), 12:05:05.418115, 6, npu_aicore
 /model/transformer/h.0/ln_1/LayerNormalization_output_0(LayerNorm), 12:05:05.418115, 6, npu_aicore
 transdata_for_nd_17(TransData), 12:05:05.418115, 6, npu_aicore
 /model/transformer/h.0/attn/c_attn/Reshape_output_0(Reshape), 12:05:05.418116, 3, npu_aicore
 /model/transformer/h.0/attn/c_attn/Gemm_output_0__matmul_converted_MatMul(MatMulV2), 12:05:05.418116, 24, npu_aicore
 /model/transformer/h.0/attn/Split_output_0(SplitD), 12:05:05.418116, 9, npu_aicore
 /model/transformer/h.0/attn/Transpose_1_output_0(Permute), 12:05:05.418117, 3, npu_aicore
 /model/transformer/h.0/attn/Transpose_2_output_0(Permute), 12:05:05.418117, 2, npu_aicore
 /model/transformer/h.0/attn/Transpose_output_0(Permute), 12:05:05.418117, 3, npu_aicore
 /model/transformer/h.0/attn/Mul_1_output_0(Mul), 12:05:05.418117, 3, npu_aicore
 /model/transformer/h.0/attn/Mul_output_0(Mul), 12:05:05.418118, 2, npu_aicore
 /model/transformer/h.0/attn/MatMul_output_0(BatchMatMulV2), 12:05:05.418118, 23, npu_aicore
 /model/transformer/h.0/attn/Add_output_0(Add), 12:05:05.418118, 3, npu_aicore
 /model/transformer/h.0/attn/Softmax_output_0(Softmax), 12:05:05.418119, 4, npu_aicore
 /model/transformer/h.0/attn/MatMul_1_output_0(BatchMatMulV2), 12:05:05.418119, 22, npu_aicore
 /model/transformer/h.0/attn/Transpose_3_output_0(Permute), 12:05:05.418119, 3, npu_aicore
 /model/transformer/h.0/attn/c_proj/Reshape_output_0(Reshape), 12:05:05.418120, 3, npu_aicore
 /model/transformer/h.0/attn/c_proj/Gemm_output_0__matmul_converted_MatMul(MatMulV2), 12:05:05.418120, 23, npu_aicore
 /model/transformer/h.0/Add_output_0(Add), 12:05:05.418120, 2, npu_aicore
 transdata_for_nd_18(TransData), 12:05:05.418121, 6, npu_aicore
 /model/transformer/h.0/ln_2/LayerNormalization_output_0(LayerNorm), 12:05:05.418121, 6, npu_aicore
 transdata_for_nd_19(TransData), 12:05:05.418122, 6, npu_aicore
 /model/transformer/h.0/mlp/c_fc/Reshape_output_0(Reshape), 12:05:05.418122, 3, npu_aicore
 /model/transformer/h.0/mlp/c_fc/Gemm_output_0__matmul_converted_MatMul(MatMulV2), 12:05:05.418122, 23, npu_aicore
 transdata_for_nd_20(TransData), 12:05:05.418123, 6, npu_aicore
 /model/transformer/h.0/mlp/act/Mul_output_0(Mul), 12:05:05.418123, 3, npu_aicore
 /model/transformer/h.0/mlp/act/Pow_output_0(Pow), 12:05:05.418123, 3, npu_aicore
 transdata_for_nd_21(TransData), 12:05:05.418124, 4, npu_aicore
 /model/transformer/h.0/mlp/act/Mul_1_output_0(Mul), 12:05:05.418124, 2, npu_aicore
 /model/transformer/h.0/mlp/act/Add_output_0(Add), 12:05:05.418124, 2, npu_aicore
 /model/transformer/h.0/mlp/act/Mul_2_output_0(Mul), 12:05:05.418125, 2, npu_aicore
 /model/transformer/h.0/mlp/act/Tanh_output_0(Activation), 12:05:05.418125, 2, npu_aicore
 /model/transformer/h.0/mlp/act/Add_1_output_0(Add), 12:05:05.418126, 2, npu_aicore
 /model/transformer/h.0/mlp/act/Mul_3_output_0(Mul), 12:05:05.418126, 3, npu_aicore
 /model/transformer/h.0/mlp/c_proj/Reshape_output_0(Reshape), 12:05:05.418126, 3, npu_aicore
 /model/transformer/h.0/mlp/c_proj/Gemm_output_0__matmul_converted_MatMul(MatMulV2), 12:05:05.418127, 24, npu_aicore
 hidden_block0(Add), 12:05:05.418127, 2, npu_aicore
 netoutput_cast_23(CastT), 12:05:05.418127, 3, npu_aicore
 graphop_data_cast_30(CastT), 12:05:05.418128, 3, npu_aicore
 transdata_for_nd_22(TransData), 12:05:05.418128, 6, npu_aicore
 /model/transformer/h.1/ln_1/LayerNormalization_output_0(LayerNorm), 12:05:05.418129, 6, npu_aicore
 transdata_for_nd_23(TransData), 12:05:05.418129, 6, npu_aicore
 /model/transformer/h.1/attn/c_attn/Reshape_output_0(Reshape), 12:05:05.418129, 3, npu_aicore
 /model/transformer/h.1/attn/c_attn/Gemm_output_0__matmul_converted_MatMul(MatMulV2), 12:05:05.418130, 23, npu_aicore
 /model/transformer/h.1/attn/Split_output_0(SplitD), 12:05:05.418130, 8, npu_aicore
 /model/transformer/h.1/attn/Transpose_1_output_0(Permute), 12:05:05.418130, 3, npu_aicore
 /model/transformer/h.1/attn/Transpose_2_output_0(Permute), 12:05:05.418131, 3, npu_aicore
 /model/transformer/h.1/attn/Transpose_output_0(Permute), 12:05:05.418131, 3, npu_aicore
 /model/transformer/h.1/attn/Mul_1_output_0(Mul), 12:05:05.418132, 2, npu_aicore
 /model/transformer/h.1/attn/Mul_output_0(Mul), 12:05:05.418132, 2, npu_aicore
 /model/transformer/h.1/attn/MatMul_output_0(BatchMatMulV2), 12:05:05.418132, 24, npu_aicore
 /model/transformer/h.1/attn/Add_output_0(Add), 12:05:05.418133, 4, npu_aicore
 /model/transformer/h.1/attn/Softmax_output_0(Softmax), 12:05:05.418133, 4, npu_aicore
 /model/transformer/h.1/attn/MatMul_1_output_0(BatchMatMulV2), 12:05:05.418133, 23, npu_aicore
 /model/transformer/h.1/attn/Transpose_3_output_0(Permute), 12:05:05.418134, 3, npu_aicore
 /model/transformer/h.1/attn/c_proj/Reshape_output_0(Reshape), 12:05:05.418134, 3, npu_aicore
 /model/transformer/h.1/attn/c_proj/Gemm_output_0__matmul_converted_MatMul(MatMulV2), 12:05:05.418134, 24, npu_aicore
 /model/transformer/h.1/Add_output_0(Add), 12:05:05.418135, 3, npu_aicore
 transdata_for_nd_24(TransData), 12:05:05.418135, 7, npu_aicore
 /model/transformer/h.1/ln_2/LayerNormalization_output_0(LayerNorm), 12:05:05.418135, 7, npu_aicore
 transdata_for_nd_25(TransData), 12:05:05.418136, 6, npu_aicore
 /model/transformer/h.1/mlp/c_fc/Reshape_output_0(Reshape), 12:05:05.418136, 3, npu_aicore
 /model/transformer/h.1/mlp/c_fc/Gemm_output_0__matmul_converted_MatMul(MatMulV2), 12:05:05.418136, 23, npu_aicore
 transdata_for_nd_26(TransData), 12:05:05.418137, 6, npu_aicore
 /model/transformer/h.1/mlp/act/Mul_output_0(Mul), 12:05:05.418137, 3, npu_aicore
 /model/transformer/h.1/mlp/act/Pow_output_0(Pow), 12:05:05.418137, 3, npu_aicore
 transdata_for_nd_27(TransData), 12:05:05.418138, 4, npu_aicore
 /model/transformer/h.1/mlp/act/Mul_1_output_0(Mul), 12:05:05.418138, 2, npu_aicore
 /model/transformer/h.1/mlp/act/Add_output_0(Add), 12:05:05.418139, 2, npu_aicore
 /model/transformer/h.1/mlp/act/Mul_2_output_0(Mul), 12:05:05.418139, 2, npu_aicore
 /model/transformer/h.1/mlp/act/Tanh_output_0(Activation), 12:05:05.418139, 2, npu_aicore
 /model/transformer/h.1/mlp/act/Add_1_output_0(Add), 12:05:05.418139, 2, npu_aicore
 /model/transformer/h.1/mlp/act/Mul_3_output_0(Mul), 12:05:05.418140, 2, npu_aicore
 /model/transformer/h.1/mlp/c_proj/Reshape_output_0(Reshape), 12:05:05.418140, 3, npu_aicore
 /model/transformer/h.1/mlp/c_proj/Gemm_output_0__matmul_converted_MatMul(MatMulV2), 12:05:05.418140, 23, npu_aicore
 /model/transformer/h.1/Add_1_output_0(Add), 12:05:05.418141, 3, npu_aicore
 transdata_for_nd_28(TransData), 12:05:05.418141, 6, npu_aicore
 /model/transformer/ln_f/LayerNormalization_output_0(LayerNorm), 12:05:05.418142, 7, npu_aicore
 transdata_for_nd_29(TransData), 12:05:05.418142, 7, npu_aicore
 hidden_block1(Reshape), 12:05:05.418142, 3, npu_aicore
 logits__matmul_converted_MatMul_InReshape(Reshape), 12:05:05.418143, 8, npu_aicore
 logits__matmul_converted_MatMul(MatMulV2), 12:05:05.418143, 427, npu_aicore
 logits(Reshape), 12:05:05.418143, 101, npu_aicore
